generation,bp_epochs,time,best_val_mae,best_val_mse
0,10,9.82203,0.0437847,0.00410702
1,10,9.49505,0.0329808,0.00259072
2,10,8.94005,0.028827,0.00226404
3,10,8.48741,0.0297496,0.00219882
4,10,8.49765,0.0288186,0.00219292
5,10,8.4905,0.029757,0.00218952
6,10,8.51722,0.0291829,0.00216912
7,10,8.30557,0.0292156,0.00216957
8,10,8.30859,0.0293159,0.00217613
9,10,8.31079,0.0298394,0.00226589
10,10,8.3524,0.0299241,0.00227194
11,10,8.30238,0.0298868,0.00227189
12,10,8.49928,0.0287037,0.00222629
13,10,8.29298,0.0287977,0.00223163
14,10,8.36214,0.0288288,0.00223133
15,10,190.931,0.0289899,0.00224392
16,10,8.28571,0.0291098,0.00226661
17,10,8.31123,0.0295706,0.00239593
18,10,8.29951,0.0302436,0.00250496
19,10,8.33074,0.0300963,0.00246125
20,10,8.31383,0.0300103,0.00244956
21,10,8.28695,0.0298768,0.00243866
22,10,8.31293,0.0298981,0.00243895
23,10,8.2922,0.0297623,0.00243151
24,10,8.34046,0.0291519,0.00230932
25,10,8.31505,0.0287535,0.00221867
26,10,8.49186,0.0291796,0.00217872
27,10,8.51165,0.0291347,0.00236415
28,10,8.32108,0.0303342,0.00266653
29,10,8.52555,0.0313676,0.00288061
30,10,9.04732,0.031657,0.00291782
31,10,9.09253,0.0324595,0.00305611
32,10,8.66557,0.0324533,0.00305462
33,10,8.37698,0.0331999,0.00319691
34,10,8.25313,0.0342993,0.00344729
35,10,8.30198,0.0350291,0.00355356
36,10,8.26877,0.0352019,0.00356236
37,10,8.47933,0.0354324,0.00357493
38,10,8.30054,0.0356051,0.00359754
39,10,8.33268,0.0356694,0.00360163
40,10,8.32297,0.0356409,0.0035973
41,10,8.3306,0.0358408,0.0036252
42,10,8.5104,0.0360665,0.0036689
43,10,8.3062,0.0362771,0.00369665
44,10,8.3299,0.0369277,0.00382471
45,10,8.32975,0.0377069,0.00393956
46,10,8.31533,0.0378504,0.00394675
47,10,8.36024,0.0378524,0.00394693
48,10,8.33268,0.0379796,0.00395326
49,10,8.53233,0.0392061,0.0039219
50,10,8.33149,0.0390142,0.00391432
51,10,8.32676,0.038551,0.00387054
52,10,8.29544,0.0380771,0.00380472
53,10,8.59119,0.0381277,0.0038094
54,10,101.647,0.0383729,0.00384771
55,10,9.05142,0.0387259,0.00387976
56,10,8.38917,0.0390063,0.00389694
57,10,8.34371,0.0395085,0.00395264
58,10,8.33097,0.0397494,0.00397895
59,10,8.31685,0.0396428,0.00396714
60,10,8.27536,0.0395713,0.0039625
61,10,8.29449,0.0393098,0.00394299
62,10,8.34636,0.0391425,0.00393625
63,10,8.29758,0.0386999,0.00390287
64,10,8.33693,0.0382469,0.00385239
65,10,8.34321,0.037824,0.00378925
66,10,8.39038,0.0374032,0.0037301
67,10,8.37421,0.0368774,0.00367324
68,10,8.49649,0.0365041,0.00364194
69,10,8.27304,0.0362785,0.00361493
70,10,8.31656,0.0360317,0.0035927
71,10,8.60801,0.0363697,0.00363798
72,10,8.41308,0.0368168,0.00379789
73,10,8.36156,0.0369766,0.00382281
74,10,8.52459,0.0373151,0.00385734
75,10,8.39725,0.0372168,0.00383195
76,10,8.7933,0.0373211,0.00379934
77,10,8.3837,0.0376332,0.00383002
78,10,8.4009,0.0375908,0.00382717
79,10,8.36941,0.0377109,0.00383541
80,10,8.28322,0.0378057,0.0038428
81,10,8.29036,0.0378747,0.00384551
82,10,8.36543,0.0378941,0.00384281
83,10,8.28328,0.0374941,0.00379204
84,10,8.41863,0.0370055,0.00372797
85,10,8.36361,0.0365084,0.00363303
86,10,8.28302,0.0361833,0.00355623
87,10,8.29989,0.0369095,0.00371237
88,10,8.73757,0.0374726,0.00380912
89,10,8.60385,0.0379614,0.00387877
90,10,8.51707,0.038285,0.00390896
91,10,8.48001,0.0379587,0.00387833
92,10,8.45195,0.0375267,0.00383342
93,10,8.45131,0.0373566,0.00382055
94,10,8.45888,0.0371535,0.00380924
95,10,8.45865,0.0370957,0.00380294
96,10,8.48577,0.0372653,0.00381257
97,10,8.45066,0.0374285,0.00382237
98,10,8.45563,0.0374536,0.00382623
99,10,8.46154,0.0378566,0.00387913
100,10,8.4682,0.0380834,0.00389777
101,10,8.78932,0.0381626,0.0039017
102,10,8.48098,0.0383451,0.0039085
103,10,8.3867,0.0384325,0.00391021
104,10,8.38706,0.0384417,0.00391033
105,10,8.37375,0.0384424,0.0039103
106,10,8.39292,0.0384757,0.00391213
107,10,8.36499,0.0385218,0.00391337
108,10,8.36191,0.0386592,0.00392225
109,10,8.38201,0.0383658,0.00384259
110,10,8.42137,0.0386517,0.00387839
111,10,8.37448,0.0396279,0.00403419
112,10,8.3978,0.0402639,0.00413498
113,10,8.40956,0.0407864,0.00421049
114,10,8.45381,0.0412225,0.00426839
115,10,8.5878,0.0414461,0.00429262
116,10,8.92917,0.0422305,0.004452
117,10,8.60656,0.0423847,0.0044663
118,10,8.72647,0.0400456,0.00428702
119,10,8.80732,0.0386213,0.00403627
120,10,9.13537,0.0390087,0.00402347
121,10,8.6251,0.0391095,0.00403259
122,10,8.54144,0.0395212,0.00406645
123,10,8.53622,0.0400411,0.0041249
124,10,8.54387,0.0403852,0.00415444
125,10,8.75687,0.0403347,0.00414778
126,10,8.97501,0.0400456,0.0041035
127,10,8.43625,0.039645,0.00399001
128,10,8.34949,0.0391333,0.00386865
129,10,8.91974,0.0383999,0.00368347
130,10,26.3803,0.0379647,0.00362054
131,10,23.3249,0.0374102,0.0035221
132,10,23.7617,0.037185,0.00349387
133,10,23.0327,0.0362745,0.00334174
134,10,47.6765,0.0351831,0.00312673
135,10,71.6956,0.0344229,0.00303044
136,10,66.0747,0.0344087,0.00302887
137,10,23.9525,0.0343161,0.00302071
138,10,41.0944,0.0341986,0.00300803
139,10,20.3514,0.0342367,0.00301286
140,10,19.8457,0.0342787,0.00301763
141,10,43.3907,0.033974,0.00297827
142,10,33.8971,0.034157,0.00322061
143,10,21.0787,0.0345198,0.00327977
144,10,21.1623,0.0342428,0.00319855
145,10,19.9018,0.0339561,0.00314264
146,10,19.3837,0.0342745,0.00320646
147,10,34.0004,0.0345879,0.0032254
148,10,60.2949,0.0347545,0.00324129
149,10,17.7229,0.0349228,0.00325761
150,10,18.2595,0.0353247,0.00328328
151,10,17.8249,0.0365363,0.0035242
152,10,16.5907,0.0371648,0.00368648
153,10,15.9406,0.0373936,0.0037328
154,10,15.953,0.0373456,0.00371593
155,10,18.9823,0.0376043,0.00375734
156,10,132.942,0.0382444,0.00388093
157,10,48.598,0.0387957,0.00402939
158,10,36.392,0.0388989,0.00404298
159,10,20.972,0.0391514,0.00407232
160,10,19.8434,0.0392007,0.00407532
161,10,21.3034,0.0395774,0.00411517
162,10,24.534,0.0402165,0.00419715
163,10,8.54876,0.0409829,0.00431057
164,10,8.78247,0.0410916,0.00431941
165,10,9.53087,0.0410922,0.00431926
166,10,9.70857,0.0411365,0.00431392
167,10,9.12805,0.0414875,0.00434267
168,10,9.16846,0.0419077,0.00439222
169,10,9.15017,0.0421974,0.00441807
170,10,8.74785,0.0422,0.00441717
171,10,8.80869,0.0417663,0.00436726
172,10,8.7942,0.0410686,0.00418096
173,10,9.38904,0.0409419,0.00417042
174,10,9.44656,0.0406539,0.00414141
175,10,8.97904,0.0405809,0.00413436
176,10,8.97367,0.0402495,0.00409129
177,10,9.46217,0.0400166,0.00406932
178,10,10.2912,0.0399141,0.00406578
179,10,10.2554,0.0397245,0.00405764
180,10,9.33055,0.039399,0.0040372
181,10,9.36273,0.0392065,0.00403042
182,10,9.40965,0.0390241,0.00401508
183,10,9.39104,0.0388921,0.00400824
184,10,9.21402,0.0386878,0.00399607
185,10,9.39748,0.0385803,0.00399358
186,10,9.51328,0.0381171,0.00394288
187,10,8.8596,0.0371161,0.00378754
188,10,8.86712,0.0365286,0.00370201
189,10,9.24523,0.0360524,0.00364232
190,10,9.55002,0.0358332,0.00362443
191,10,10.8883,0.0358081,0.00362353
192,10,9.66081,0.0357574,0.00362183
193,10,8.85295,0.0361893,0.00367953
194,10,9.14058,0.0369859,0.00371725
195,10,9.30514,0.0378987,0.00398048
196,10,9.01655,0.0382951,0.00403626
197,10,8.9199,0.0384563,0.00405368
198,10,9.00284,0.0386241,0.00406665
199,10,8.8461,0.0382633,0.00401395
200,10,9.20946,0.037987,0.00399533
201,10,9.15787,0.0378558,0.00399147
202,10,9.02346,0.0376804,0.00398473
203,10,8.70294,0.0378555,0.00399775
204,10,8.6413,0.0379955,0.00400112
205,10,8.66264,0.0381372,0.00400882
206,10,8.67689,0.0383307,0.00405079
207,10,8.73337,0.0383706,0.00405262
208,10,8.65033,0.0383199,0.00405524
209,10,8.66001,0.0382311,0.00405533
210,10,8.65979,0.0384649,0.00413186
211,10,8.7259,0.0381089,0.00404338
212,10,8.63084,0.0378215,0.00398835
213,10,8.66419,0.0376809,0.00398197
214,10,8.67464,0.037632,0.00398736
215,10,8.68369,0.0374849,0.00396776
216,10,8.63767,0.0368625,0.00384232
217,10,8.67682,0.036393,0.00374598
218,10,8.72483,0.0362449,0.00373374
219,10,8.69266,0.0362693,0.00373551
220,10,8.73792,0.036406,0.00374693
221,10,8.72741,0.0368138,0.00379302
222,10,8.68252,0.0365637,0.00376861
223,10,8.70397,0.0363503,0.00373703
224,10,8.70505,0.0363303,0.00372924
225,10,8.89536,0.0370822,0.00385361
226,10,8.71621,0.0378051,0.00405638
227,10,8.82189,0.037847,0.00409075
228,10,8.98659,0.0372812,0.00399952
229,10,8.92492,0.0369131,0.00393561
230,10,8.85038,0.0369037,0.00393463
231,10,8.90558,0.0367995,0.00392163
232,10,9.26384,0.0366086,0.00391108
233,10,9.31062,0.0367149,0.00391674
234,10,9.23023,0.0367371,0.00391709
235,10,8.81336,0.0368054,0.00392197
236,10,8.75724,0.0368398,0.00392584
237,10,8.77656,0.037382,0.00402214
238,10,8.87925,0.0379063,0.00411311
239,10,10.2613,0.0380766,0.00413644
240,10,9.39653,0.0381003,0.00413795
241,10,9.1352,0.0380027,0.00413173
242,10,9.97534,0.0370565,0.00376487
243,10,9.21749,0.0359465,0.0036849
244,10,9.03767,0.0352374,0.00363197
245,10,8.71647,0.0345579,0.00354528
246,10,8.68838,0.0341687,0.00348154
247,10,8.71746,0.0340337,0.0034715
248,10,8.75946,0.0338014,0.00345178
249,10,8.80167,0.0333958,0.00342519
250,10,8.90624,0.0329579,0.00338676
251,10,9.92554,0.0317611,0.00313572
252,10,9.39047,0.0309049,0.00295217
253,10,9.29369,0.0303548,0.00288058
254,10,9.11776,0.0298975,0.00284413
255,10,8.93019,0.0293362,0.0027827
256,10,9.27317,0.0284632,0.0026438
257,10,9.01248,0.027519,0.00244787
258,10,9.15892,0.0272205,0.00241215
259,10,9.7189,0.0270155,0.00238689
260,10,8.98679,0.0269345,0.00238322
261,10,9.0465,0.0267376,0.00236114
262,10,9.2165,0.0262515,0.00228606
263,10,9.17303,0.0258633,0.00220594
264,10,9.46021,0.0261725,0.00225372
265,10,9.63838,0.0264151,0.00228502
266,10,8.96764,0.0263385,0.00227984
267,10,9.076,0.0262928,0.00227424
268,10,8.89124,0.0259977,0.00223055
269,10,8.90907,0.0268065,0.00243156
270,10,8.90101,0.0274846,0.00253783
271,10,8.85609,0.0282207,0.00267961
272,10,8.97828,0.0297552,0.00308865
273,10,8.97194,0.0305664,0.00322722
274,10,8.99435,0.0306644,0.00323383
275,10,8.9503,0.0305167,0.00322212
276,10,8.83591,0.0304229,0.00321826
277,10,8.83534,0.0303088,0.00321059
278,10,8.9391,0.0303341,0.00321119
279,10,8.89115,0.0303542,0.00321175
280,10,8.97924,0.030595,0.00322769
281,10,8.94152,0.0308614,0.00324395
282,10,9.264,0.0309841,0.0032517
283,10,9.15687,0.0313472,0.00329142
284,10,10.3323,0.0319538,0.00336323
285,10,8.99889,0.0329576,0.00367793
286,10,8.94478,0.033798,0.00382693
287,10,8.92613,0.034616,0.00395744
288,10,8.88096,0.0354722,0.00409863
289,10,9.42706,0.0364205,0.00429185
290,10,9.11276,0.0368654,0.00437388
291,10,9.06763,0.0370924,0.00438919
292,10,8.99396,0.0372418,0.00439703
293,10,9.05332,0.0377284,0.00459331
294,10,8.93455,0.037686,0.00456918
295,10,8.95612,0.0376172,0.00449361
296,10,8.92358,0.038072,0.00465354
297,10,8.90205,0.0379831,0.00464477
298,10,8.95961,0.0381479,0.00466288
299,10,8.93739,0.0382697,0.00467196
300,10,8.96868,0.0385951,0.00469572
301,10,8.96509,0.0391844,0.00475882
302,10,8.92912,0.040171,0.00493984
303,10,9.24122,0.0403535,0.00496162
304,10,8.94333,0.0407664,0.00499944
305,10,8.97311,0.0409662,0.00501539
306,10,8.96152,0.0412185,0.00502901
307,10,9.85015,0.0416467,0.00507516
308,10,9.90538,0.0418289,0.00509064
309,10,10.0293,0.0421647,0.005135
310,10,9.20802,0.041844,0.0050332
311,10,8.96406,0.041671,0.00500399
312,10,8.9698,0.0420356,0.00507011
313,10,8.95936,0.0422829,0.00512963
314,10,8.95357,0.0422346,0.00510675
315,10,8.96533,0.0422597,0.0051148
316,10,8.99915,0.0419848,0.00507566
317,10,8.98507,0.0418158,0.0050587
318,10,8.99116,0.04187,0.00506033
319,10,8.97514,0.0418997,0.00506596
320,10,8.97366,0.0417457,0.00505019
321,10,9.02429,0.0414971,0.00501702
322,10,8.97827,0.0418531,0.00505916
323,10,8.99357,0.0419665,0.00507325
324,10,9.00723,0.0418761,0.00506176
325,10,9.00597,0.0411765,0.00494996
326,10,9.20222,0.0413519,0.0047291
327,10,9.02393,0.0410661,0.00465564
328,10,9.05385,0.0414966,0.00471225
329,10,9.01142,0.0420834,0.00480107
330,10,9.02492,0.0429627,0.00498778
331,10,9.01041,0.0432511,0.00502533
332,10,9.21716,0.0429125,0.00503705
333,10,9.1049,0.0433355,0.0050816
334,10,9.03376,0.0434791,0.0050883
335,10,9.00618,0.0433091,0.00507837
336,10,8.995,0.043074,0.00506488
337,10,9.05586,0.0424217,0.00495849
338,10,9.04706,0.0426624,0.00514199
339,10,9.06314,0.0426235,0.00513702
340,10,9.02518,0.0425778,0.00513826
341,10,9.02842,0.0430085,0.00519393
342,10,9.0592,0.0433364,0.00521432
343,10,9.25959,0.0433487,0.00521451
344,10,9.10759,0.0433424,0.00521438
345,10,9.0455,0.0433574,0.00521479
346,10,9.04731,0.0435071,0.00522145
347,10,9.04897,0.0436396,0.00523128
348,10,9.70793,0.0437068,0.00523684
349,10,9.09702,0.0437765,0.00523996
350,10,9.08292,0.0440447,0.0052704
351,10,9.25046,0.0442452,0.00528017
352,10,11.0754,0.045154,0.00544527
353,10,9.22526,0.0462143,0.00561652
354,10,9.30571,0.0464341,0.0056586
355,10,9.10669,0.0468013,0.0056894
356,10,9.10169,0.0468796,0.00569494
357,10,9.79383,0.0470264,0.00571808
358,10,9.16877,0.0475477,0.00579338
359,10,9.08514,0.0481076,0.00587207
360,10,9.08574,0.0481244,0.00587299
361,10,9.0889,0.0478254,0.00584692
362,10,9.11927,0.0479824,0.00586469
363,10,9.11977,0.0482813,0.00591071
364,10,9.14407,0.0490843,0.00612239
365,10,9.4877,0.0492167,0.00614122
366,10,9.16619,0.0492117,0.00614124
367,10,9.1289,0.0490798,0.00612569
368,10,9.11376,0.0490325,0.00612126
369,10,9.15925,0.0478674,0.00590114
370,10,9.12416,0.0472055,0.00580307
371,10,9.18005,0.0464149,0.00565487
372,10,9.13594,0.044947,0.00523969
373,10,9.13666,0.0443375,0.00512268
374,10,9.22602,0.0441569,0.00511059
375,10,9.16482,0.0440972,0.00510879
376,10,9.16986,0.0441996,0.00511934
377,10,9.82517,0.0441426,0.00510009
378,10,9.17113,0.044192,0.00510187
379,10,9.1789,0.0444117,0.00512171
380,10,9.12608,0.0447601,0.00517995
381,10,9.13716,0.045285,0.00529058
382,10,9.76216,0.045872,0.00539412
383,10,9.43214,0.0468376,0.00571434
384,10,9.2651,0.0464101,0.00565452
385,10,9.29028,0.0457392,0.00539764
386,10,9.3272,0.0449594,0.00525399
387,10,9.49146,0.0441975,0.00513399
388,10,10.307,0.0434777,0.00499757
389,10,9.89759,0.0426654,0.00481466
390,10,9.3633,0.0422861,0.00473021
391,10,9.48027,0.042233,0.0047259
392,10,9.61783,0.0420657,0.00471913
393,10,9.22626,0.0411582,0.00448582
394,10,9.2185,0.0407664,0.00445246
395,10,9.28034,0.0398933,0.00427287
396,10,9.20947,0.0388045,0.0040241
397,10,9.24451,0.0386629,0.00401251
398,10,10.8558,0.038094,0.00396504
399,10,9.31281,0.0381515,0.00397072
400,10,9.32507,0.0380618,0.00395971
401,10,10.0525,0.0377976,0.0039206
402,10,9.82216,0.0378042,0.00377834
403,10,9.299,0.0375988,0.00375849
404,10,9.69531,0.0377892,0.00380148
405,10,10.2851,0.0382232,0.00387585
406,10,9.45101,0.037861,0.00382621
407,10,9.21287,0.0375752,0.00378567
408,10,9.29562,0.0373424,0.00376115
409,10,9.29685,0.0368632,0.00370315
410,10,9.26041,0.0365892,0.00368306
411,10,9.25944,0.0362817,0.00366011
412,10,9.29656,0.0356484,0.00358054
413,10,9.29223,0.0350678,0.00348305
414,10,9.24424,0.0347701,0.00345831
415,10,9.52763,0.0345586,0.00343994
416,10,9.3439,0.0344751,0.00343787
417,10,9.31785,0.034294,0.0034262
418,10,9.31522,0.03416,0.00341673
419,10,9.36467,0.0341261,0.00341029
420,10,9.31445,0.0344217,0.00344102
421,10,9.27349,0.0349943,0.00360081
422,10,9.32493,0.0351634,0.00362647
423,10,9.35075,0.0353136,0.00367227
424,10,9.329,0.0352786,0.00367076
425,10,9.26023,0.0351256,0.00366292
426,10,9.3286,0.0348188,0.00364172
427,10,9.33865,0.0343112,0.0035984
428,10,9.31928,0.033723,0.00353311
429,10,9.37424,0.0329308,0.00342799
430,10,9.46176,0.0318962,0.00322844
431,10,9.3275,0.0317149,0.00320383
432,10,9.37502,0.0319588,0.0032284
433,10,9.42142,0.0321126,0.00324716
434,10,9.3716,0.0325032,0.0033122
435,10,9.86161,0.0326507,0.00331851
436,10,9.3573,0.0329468,0.00333815
437,10,9.3232,0.0332074,0.00335641
438,10,9.3814,0.0325962,0.00308816
439,10,9.34383,0.0333057,0.00324761
440,10,9.32684,0.0335126,0.00326427
441,10,9.3572,0.0334071,0.00323118
442,10,9.37208,0.0332178,0.00321678
443,10,9.72645,0.0333867,0.00322617
444,10,9.88382,0.0346682,0.00324696
445,10,10.339,0.0347346,0.00327935
446,10,10.3195,0.0347483,0.00328181
447,10,9.36724,0.0345448,0.00326846
448,10,9.48182,0.0345377,0.00326585
449,10,9.35969,0.0345235,0.00326472
450,10,9.32854,0.0344518,0.00324745
451,10,9.39146,0.0344812,0.00324744
452,10,9.34243,0.0336572,0.00310358
453,10,9.31893,0.0326935,0.00294113
454,10,9.45771,0.0322199,0.00289456
455,10,9.3607,0.0318479,0.00286078
456,10,9.34179,0.031707,0.00284986
457,10,9.76808,0.0316262,0.00283727
458,10,9.87986,0.0314141,0.00279379
459,10,9.35441,0.0314753,0.0028513
460,10,9.38185,0.0314372,0.00285214
461,10,9.84,0.0301212,0.00272749
462,10,9.38343,0.0299361,0.00270896
463,10,9.46956,0.0295379,0.00265003
464,10,9.41907,0.028362,0.00239162
465,10,9.5414,0.0278234,0.00233852
466,10,9.37742,0.0278915,0.00235337
467,10,9.37859,0.0276545,0.00234156
468,10,9.38119,0.0275912,0.00233852
469,10,9.37508,0.027866,0.00235898
470,10,9.37801,0.0279961,0.00236606
471,10,9.3619,0.0280946,0.00237029
472,10,10.0403,0.0278951,0.00236083
473,10,9.50064,0.0276451,0.0023444
474,10,9.39828,0.0275784,0.00234314
475,10,9.37918,0.027745,0.00235139
476,10,9.40335,0.0276712,0.00234163
477,10,9.42133,0.027623,0.00233992
478,10,9.39559,0.0276508,0.00234062
479,10,9.45641,0.0274764,0.00232206
480,10,9.41698,0.0269243,0.00225331
481,10,9.37183,0.0261406,0.0021262
482,10,9.39932,0.0256332,0.00203086
483,10,9.43246,0.0246622,0.00171041
484,10,9.59953,0.02497,0.00168146
485,10,10.5056,0.0239283,0.00165785
486,10,10.7115,0.0239794,0.00166319
487,10,9.75995,0.0240649,0.00166762
488,10,9.6025,0.0239059,0.00165575
489,10,9.5214,0.0236803,0.00163744
490,10,9.78372,0.0236105,0.00163509
491,10,9.71612,0.0234538,0.00162769
492,10,9.56408,0.0235124,0.00162907
493,10,9.42419,0.0234864,0.00162855
494,10,9.47017,0.0235082,0.00162819
495,10,10.0986,0.0234711,0.00162658
496,10,11.6938,0.0234578,0.00162596
497,10,10.066,0.0233645,0.00162265
498,10,9.53877,0.0231329,0.00160352
499,10,9.47317,0.0229371,0.00158894
500,10,9.98948,0.0227233,0.00157654
501,10,9.4994,0.0224452,0.00155482
502,10,9.47807,0.0220873,0.00152603
503,10,9.43594,0.0217555,0.00148866
504,10,9.44126,0.0211563,0.00140412
505,10,9.48243,0.0209402,0.00137173
506,10,9.46617,0.021384,0.00143387
507,10,9.64237,0.0217077,0.00146326
508,10,9.5864,0.021801,0.00147292
509,10,9.78524,0.0221721,0.00150558
510,10,9.49115,0.0224606,0.00152885
511,10,9.462,0.0231892,0.00165106
512,10,9.47961,0.024163,0.00180233
513,10,9.52805,0.0245774,0.00183914
514,10,9.47127,0.0246848,0.00184361
515,10,9.46524,0.0247065,0.00184381
516,10,9.61123,0.024682,0.00184338
517,10,9.65784,0.0246543,0.00184202
518,10,9.76103,0.0247652,0.0018506
519,10,9.45907,0.0248493,0.00185646
520,10,9.50776,0.0248652,0.00186861
521,10,9.56706,0.0241934,0.00169458
522,10,9.53328,0.0237025,0.00162812
523,10,9.55112,0.02326,0.0015588
524,10,9.51541,0.0232697,0.00155846
525,10,9.48261,0.023644,0.00160052
526,10,9.54484,0.0240068,0.00166377
527,10,9.44594,0.0240355,0.00166419
528,10,9.57076,0.0240837,0.00166547
529,10,9.54408,0.0241778,0.00166858
530,10,9.53016,0.0242037,0.00166919
531,10,9.51444,0.0239157,0.00165159
532,10,9.61871,0.0237352,0.00162437
533,10,9.56419,0.0232358,0.00157336
534,10,10.3892,0.0230898,0.00152939
535,10,10.0884,0.02313,0.00153291
536,10,9.78018,0.0230752,0.00152554
537,10,11.119,0.0232187,0.00155462
538,10,11.5434,0.0229861,0.00152345
539,10,12.1753,0.0223209,0.00136366
540,10,10.8728,0.0224359,0.00139163
541,10,9.87783,0.0227478,0.00144303
542,10,9.94672,0.0233955,0.0015485
543,10,10.0755,0.023715,0.00158908
544,10,9.78311,0.0233413,0.00154782
545,10,10.2623,0.0230166,0.00151209
546,10,9.83299,0.0229189,0.00150319
547,10,10.5857,0.0229304,0.0015027
548,10,10.6317,0.0228877,0.00149955
549,10,9.91827,0.0230618,0.0015157
550,10,10.784,0.0230016,0.00151426
551,10,10.0251,0.023217,0.00154149
552,10,10.369,0.0234805,0.00156247
553,10,10.133,0.024303,0.0016669
554,10,9.55557,0.0252357,0.00182071
555,10,9.566,0.0260449,0.00194136
556,10,9.55592,0.0264397,0.00196984
557,10,9.80611,0.0277064,0.0021382
558,10,9.57488,0.0283862,0.00225136
559,10,9.743,0.0284406,0.00236703
560,10,9.57421,0.0289202,0.00241073
561,10,9.69765,0.0291374,0.00242173
562,10,9.58437,0.0294248,0.00243665
563,10,9.56893,0.0294536,0.00243741
564,10,9.55746,0.0296993,0.00252457
565,10,9.59807,0.0304202,0.00261263
566,10,9.54781,0.0309782,0.00270293
567,10,9.59897,0.0323978,0.00302235
568,10,9.81214,0.0336277,0.00331245
569,10,10.7309,0.0337759,0.00332721
570,10,9.97267,0.0343205,0.00341753
571,10,10.0001,0.0346016,0.00344468
572,10,10.1235,0.0359025,0.00359405
573,10,9.7597,0.0369728,0.00379176
574,10,9.6915,0.0382497,0.00401483
575,10,9.67661,0.0384914,0.0040367
576,10,9.79193,0.0394163,0.0042076
577,10,9.72968,0.0410187,0.00454914
578,10,9.90242,0.0421927,0.0047575
579,10,10.3434,0.0433942,0.00497101
580,10,9.74392,0.0448284,0.00520551
581,10,9.97033,0.046259,0.00545336
582,10,9.75286,0.046929,0.00560033
583,10,10.5607,0.0472571,0.0056589
584,10,10.0147,0.0482197,0.00583336
585,10,10.3206,0.0478664,0.00582694
586,10,9.8319,0.0482045,0.00585625
587,10,10.3351,0.0485008,0.00564114
588,10,9.95654,0.0490087,0.00570297
589,10,9.98561,0.0493606,0.00574039
590,10,9.88679,0.049537,0.00575112
591,10,14.0739,0.0498916,0.00577586
592,10,12.3521,0.0498306,0.00577402
593,10,13.3812,0.0497391,0.00577125
594,10,11.0862,0.049722,0.00577078
595,10,9.75011,0.0496914,0.00577008
596,10,9.74956,0.0498804,0.00578746
597,10,9.80397,0.0499132,0.0057897
598,10,9.71228,0.0498487,0.00578739
599,10,9.76062,0.0498299,0.00579136
600,10,9.75329,0.0498154,0.00579269
601,10,9.65225,0.0499056,0.00579572
602,10,9.65511,0.0499747,0.0057979
603,10,9.93341,0.0500181,0.00579934
604,10,9.66111,0.0499371,0.00579248
605,10,9.76374,0.0496372,0.00574824
606,10,9.74168,0.0492225,0.00568908
607,10,9.73213,0.0488921,0.00564869
608,10,9.72505,0.048871,0.00564364
609,10,9.74656,0.0486088,0.00561677
610,10,9.67314,0.0488366,0.0056479
611,10,9.8175,0.0482429,0.0055332
612,10,9.75604,0.0474286,0.00538951
613,10,10.1012,0.0470922,0.00535006
614,10,9.74725,0.0470588,0.00534908
615,10,9.73905,0.0471583,0.00535237
616,10,9.69659,0.0471791,0.00535271
617,10,9.73726,0.0471956,0.00535297
618,10,9.69709,0.0472936,0.00535629
619,10,9.74039,0.0471339,0.00534799
620,10,9.78912,0.0467424,0.00531386
621,10,10.2006,0.046566,0.0053005
622,10,9.72549,0.0463338,0.00529104
623,10,10.0215,0.0462814,0.00528884
624,10,10.5029,0.0433511,0.004786
625,10,9.79046,0.0429854,0.00474552
626,10,9.8923,0.0426047,0.00468309
627,10,10.0605,0.0426736,0.00468537
628,10,10.2057,0.0427461,0.00468904
629,10,9.92765,0.0428073,0.00469083
630,10,10.8136,0.0428448,0.00469215
631,10,9.86022,0.042888,0.00469277
632,10,9.97039,0.0426341,0.00468062
633,10,9.81227,0.0426318,0.00467957
634,10,9.99248,0.0423991,0.00466048
635,10,9.8488,0.0429401,0.00475747
636,10,9.93343,0.0430919,0.00477593
637,10,9.81484,0.0431807,0.00478239
638,10,9.73835,0.0432636,0.00479104
639,10,10.3934,0.0431589,0.00478409
640,10,9.86854,0.0428213,0.00472993
641,10,9.94769,0.0423049,0.00465858
642,10,9.81518,0.04201,0.00459533
643,10,9.9918,0.042215,0.00464455
644,10,9.809,0.0434164,0.00492866
645,10,9.83043,0.0449532,0.00531095
646,10,9.82984,0.046857,0.00586554
647,10,9.71072,0.0488294,0.00647167
648,10,10.4246,0.0462191,0.00559465
649,10,9.95265,0.0465474,0.00565811
650,10,10.241,0.046987,0.00573409
651,10,10.0376,0.0472284,0.00579571
652,10,9.9461,0.0476498,0.00588895
653,10,9.82766,0.047494,0.00587561
654,10,9.8779,0.0470993,0.00579301
655,10,9.95893,0.0467181,0.00571797
656,10,9.79196,0.0466498,0.00571458
657,10,9.79557,0.0460935,0.00560721
658,10,9.75477,0.0458557,0.00556903
659,10,9.78737,0.0454378,0.00546112
660,10,10.0303,0.0434169,0.00473811
661,10,9.72084,0.0436188,0.00476679
662,10,9.74632,0.0442395,0.00489074
663,10,10.0345,0.0454393,0.0051389
664,10,10.167,0.0466777,0.00542787
665,10,10.1468,0.0479089,0.00584805
666,10,11.1751,0.0482644,0.00595017
667,10,10.5346,0.0479463,0.00578674
668,10,10.1306,0.0483203,0.00591605
669,10,10.0286,0.0495268,0.00623079
670,10,10.2468,0.0503602,0.00645887
671,10,9.94529,0.0513432,0.00672464
672,10,9.88233,0.050842,0.00658431
673,10,10.0948,0.0503632,0.00646877
674,10,9.98069,0.0496592,0.00629785
675,10,9.94967,0.0498346,0.00632976
676,10,10.1251,0.0493951,0.00624305
677,10,10.5461,0.044758,0.00464281
678,10,10.0233,0.0446907,0.00464922
679,10,10.488,0.0444321,0.0046206
680,10,10.1393,0.0443018,0.00461633
681,10,9.93783,0.0442876,0.00463624
682,10,10.282,0.0439098,0.00452241
683,10,9.97827,0.0438636,0.00452606
684,10,10.3017,0.0437684,0.00453667
685,10,9.91811,0.0446054,0.00481667
686,10,10.1267,0.044554,0.00481758
687,10,10.3086,0.0445498,0.00481801
688,10,10.7662,0.0422272,0.00409999
689,10,10.0391,0.0424354,0.00412885
690,10,9.94863,0.0424913,0.00413515
691,10,9.94935,0.0424396,0.00413234
692,10,9.90074,0.042717,0.00414944
693,10,10.0056,0.0431076,0.00418697
694,10,10.25,0.0436515,0.0042466
695,10,10.2273,0.0423583,0.00403616
696,10,9.99826,0.0431126,0.0041605
697,10,10.0885,0.0444764,0.00449848
698,10,10.4754,0.0449663,0.00455839
699,10,9.95493,0.0453242,0.00459934
700,10,9.90222,0.0456387,0.00462659
701,10,9.82506,0.0457755,0.0046382
702,10,10.4173,0.0463355,0.00470747
703,10,12.2009,0.048158,0.00543053
704,10,10.5761,0.0497415,0.00607118
705,10,9.86491,0.0512457,0.00648204
706,10,10.0352,0.052501,0.00686084
707,10,9.92702,0.053528,0.00710971
708,10,9.85446,0.0542528,0.00725096
709,10,9.83459,0.0551373,0.00742407
710,10,9.83124,0.055685,0.00758483
711,10,9.81125,0.0568442,0.00790191
712,10,9.83748,0.0575154,0.00800315
713,10,9.80691,0.0578759,0.0080425
714,10,9.81634,0.0583258,0.00809777
715,10,9.84173,0.0587116,0.00813438
716,10,9.8475,0.0589678,0.0081512
717,10,9.89987,0.0594515,0.00819037
718,10,9.95213,0.0597704,0.0082298
719,10,9.81954,0.0599859,0.00824215
720,10,9.84186,0.0601474,0.00825102
721,10,9.81793,0.0603332,0.0082677
722,10,9.8378,0.0607893,0.0083077
723,10,10.2078,0.0609196,0.0083139
724,10,9.85771,0.0611809,0.0083279
725,10,9.88999,0.0613689,0.00833694
726,10,9.82675,0.0619848,0.0084166
727,10,9.84327,0.0643565,0.00917377
728,10,9.84043,0.065378,0.0093626
729,10,9.87219,0.0664415,0.00959082
730,10,10.6148,0.0680761,0.0100284
731,10,11.5211,0.0689356,0.0101683
732,10,10.4116,0.0695486,0.0102454
733,10,9.90321,0.0698277,0.0102824
734,10,11.5827,0.0704133,0.0103684
735,10,9.85074,0.070657,0.0104661
736,10,10.1411,0.0699782,0.0105408
737,10,9.86793,0.0704684,0.0106387
738,10,9.86762,0.0719166,0.0110135
739,10,9.888,0.0734045,0.011594
740,10,9.90596,0.07533,0.0122908
741,10,11.6047,0.0590988,0.00943778
742,10,10.5885,0.0530864,0.00900201
743,10,9.85456,0.0558121,0.0101015
744,10,9.90342,0.0574647,0.0105233
745,10,9.85468,0.0587853,0.0107758
746,10,10.4527,0.0591222,0.0108009
747,10,9.91954,0.0590431,0.0107982
748,10,9.94786,0.0591501,0.0108032
749,10,9.89851,0.0592466,0.0108079
750,10,10.1046,0.0543122,0.0106796
751,10,9.90607,0.0544355,0.0106834
752,10,10.3321,0.0545385,0.0106864
753,10,9.93933,0.0545948,0.0106875
754,10,11.0444,0.0531254,0.00967764
755,10,10.4425,0.0533558,0.0096867
756,10,10.3275,0.0535785,0.00969712
757,10,10.9128,0.0538535,0.00971406
758,10,10.3893,0.0541489,0.00973295
759,10,10.7665,0.0542834,0.00974185
760,10,11.2512,0.054391,0.00974479
761,10,12.6659,0.053913,0.00945615
762,10,9.98434,0.0542539,0.00947523
763,10,9.93437,0.0545093,0.00948724
764,10,9.89195,0.0546276,0.00949
765,10,9.88318,0.0549282,0.00951363
766,10,10.143,0.0548176,0.00872829
767,10,9.91009,0.0555405,0.00881177
768,10,10.4653,0.0556155,0.00881443
769,10,12.3423,0.0541726,0.00877995
770,10,11.1502,0.0532995,0.00833336
771,10,10.2472,0.053611,0.00835544
772,10,10.2348,0.0541145,0.00840361
773,10,9.98152,0.0548461,0.00851444
774,10,10.017,0.0555461,0.00859574
775,10,9.91738,0.0559823,0.00863145
776,10,9.94776,0.0566071,0.00870368
777,10,10.3789,0.0561072,0.00824667
778,10,10.018,0.0564526,0.0082657
779,10,9.98215,0.0568006,0.00828401
780,10,10.0154,0.0572421,0.00832016
781,10,10.1201,0.0574009,0.00802148
782,10,9.93896,0.0576879,0.0080387
783,10,10.2834,0.0580566,0.00806702
784,10,10.169,0.0584159,0.00810501
785,10,10.8353,0.0591883,0.00774773
786,10,10.1304,0.0597453,0.00785542
787,10,10.5656,0.0588655,0.00781319
788,10,10.2114,0.0553551,0.0070777
789,10,10.2288,0.055307,0.00707317
790,10,10.2261,0.0553207,0.0070733
791,10,10.3901,0.055817,0.0071819
792,10,10.2424,0.0559335,0.00719561
793,10,10.1136,0.0557759,0.00718256
794,10,10.2581,0.0556141,0.00715802
795,10,10.0656,0.0549154,0.00701838
796,10,9.95969,0.0544429,0.00695257
797,10,9.93666,0.0539736,0.00688174
798,10,10.6175,0.0536772,0.0066112
799,10,9.97511,0.0535015,0.00659222
800,10,10.1967,0.0533645,0.0065424
801,10,10.573,0.0534328,0.00655143
802,10,10.0109,0.053149,0.00649837
803,10,9.93333,0.051689,0.00592045
804,10,10.2365,0.0499341,0.00520087
805,10,10.2216,0.0494651,0.00511433
806,10,9.91093,0.048677,0.00496637
807,10,10.3016,0.0480141,0.0047985
808,10,10.3407,0.0474447,0.00468638
809,10,10.0292,0.0470369,0.00462712
810,10,9.91114,0.0463717,0.00453215
811,10,10.5627,0.0451904,0.00421293
812,10,9.95881,0.0445248,0.00413546
813,10,9.90222,0.0440673,0.00409771
814,10,10.0459,0.0436791,0.00406259
815,10,10.015,0.0434988,0.00404681
816,10,9.95893,0.0435136,0.00405117
817,10,9.99262,0.0436558,0.00406883
818,10,9.98347,0.0438128,0.00408438
819,10,9.93556,0.043915,0.00408966
820,10,10.3919,0.0442079,0.00411942
821,10,10.7903,0.0446094,0.00415579
822,10,9.97968,0.0458663,0.00453678
823,10,10.0049,0.0463927,0.00461723
824,10,9.9653,0.0467902,0.00467444
825,10,9.99708,0.0472333,0.00477041
826,10,10.5002,0.047306,0.00478827
827,10,10.6633,0.0451131,0.00437574
828,10,10.1632,0.0454477,0.00444838
829,10,10.135,0.0454822,0.00446505
830,10,10.2211,0.0454744,0.00442497
831,10,11.2043,0.0450844,0.00437135
832,10,12.0327,0.0450154,0.00439527
833,10,11.5025,0.0453188,0.00437359
834,10,11.3486,0.0453026,0.00436477
835,10,10.9437,0.0453104,0.00438312
836,10,10.3887,0.0450586,0.00434658
837,10,11.1734,0.0444269,0.00424277
838,10,10.1128,0.043999,0.00416183
839,10,10.2816,0.0433762,0.00404555
840,10,10.0059,0.0428277,0.00396997
841,10,10.5063,0.0418302,0.00382965
842,10,10.0684,0.0410388,0.0036936
843,10,10.1369,0.0401727,0.00351575
844,10,10.1044,0.0399957,0.00348319
845,10,9.9734,0.0398837,0.00347465
846,10,9.99933,0.0395571,0.00345236
847,10,9.97242,0.0395163,0.00345074
848,10,10.2344,0.0391754,0.00343759
849,10,9.99522,0.0391293,0.00343568
850,10,9.97483,0.039038,0.00343103
851,10,10.1957,0.0392899,0.00341786
852,10,10.0215,0.0392187,0.00341475
853,10,9.99368,0.0392021,0.00341476
854,10,10.0173,0.0391111,0.00340836
855,10,10.171,0.0385381,0.00339166
856,10,10.0081,0.0383108,0.00338136
857,10,9.98604,0.0381909,0.00337238
858,10,9.99248,0.0379248,0.00335365
859,10,10.0155,0.0380122,0.00336006
860,10,9.9891,0.0379636,0.00335757
861,10,9.99634,0.0381802,0.00337755
862,10,10.0256,0.0389484,0.0035052
863,10,9.99155,0.0392434,0.00354255
864,10,10.2524,0.0385032,0.00347411
865,10,9.98512,0.0383023,0.00346252
866,10,10.0445,0.0379048,0.00342256
867,10,10.0621,0.0376047,0.00339711
868,10,10.016,0.0375471,0.00339533
869,10,9.98228,0.0376135,0.00339695
870,10,10.0193,0.0376393,0.00339478
871,10,9.97922,0.0373287,0.00337802
872,10,10.0707,0.0366645,0.00329914
873,10,10.2157,0.0358125,0.00320834
874,10,10.0082,0.0351028,0.00312531
875,10,9.95995,0.0347263,0.00309718
876,10,10.0609,0.0341365,0.00303326
877,10,9.99912,0.0334913,0.00293875
878,10,10.0303,0.0335883,0.0029522
879,10,9.98167,0.0335127,0.00294995
880,10,10.3559,0.0336468,0.00298103
881,10,10.2671,0.0338115,0.003003
882,10,10.1931,0.0342014,0.00305671
883,10,10.0152,0.0347968,0.00315404
884,10,10.2618,0.035448,0.00329023
885,10,10.2011,0.0358323,0.00338462
886,10,10.5614,0.0357684,0.00335703
887,10,10.9906,0.0357195,0.00333725
888,10,10.9844,0.035909,0.00325649
889,10,10.1286,0.035857,0.00325114
890,10,10.0431,0.0359256,0.00325495
891,10,10.052,0.0353219,0.00313583
892,10,10.1374,0.0351592,0.00312211
893,10,10.0289,0.0349219,0.0031016
894,10,10.0355,0.0348652,0.00309761
895,10,10.1062,0.0347085,0.00308164
896,10,10.0243,0.0347631,0.00308811
897,10,10.0376,0.0346936,0.0030736
898,10,10.1239,0.0345744,0.00306175
899,10,10.0497,0.0346374,0.00306708
900,10,10.0542,0.0346385,0.00306764
901,10,10.4298,0.0343969,0.00304727
902,10,12.3208,0.0340009,0.00300819
903,10,10.5099,0.0337537,0.00297477
904,10,10.4002,0.0336358,0.00296534
905,10,11.2919,0.0336069,0.00296208
906,10,11.0692,0.0335114,0.00295619
907,10,10.5548,0.0334606,0.00295253
908,10,10.7434,0.0333803,0.00294778
909,10,10.6838,0.0331362,0.00293001
910,10,10.5172,0.033117,0.00292927
911,10,10.6303,0.0331161,0.00292903
912,10,10.662,0.0332092,0.00293196
913,10,10.4599,0.0333466,0.00293991
914,10,11.441,0.0333983,0.0029437
915,10,12.2883,0.0335033,0.00294944
916,10,11.1367,0.0333525,0.00294036
917,10,10.8884,0.0331732,0.00292288
918,10,11.954,0.0330524,0.00291431
919,10,11.1195,0.0322941,0.0028897
920,10,10.8035,0.0325334,0.00292016
921,10,10.5566,0.0324774,0.00290953
922,10,10.5384,0.0312572,0.00258553
923,10,11.2609,0.0308016,0.00252043
924,10,12.2112,0.0304945,0.00247621
925,10,10.2296,0.0306852,0.00252907
926,10,10.1703,0.0309152,0.00255325
927,10,10.3061,0.0308176,0.00253141
928,10,10.1461,0.0302135,0.00241159
929,10,10.3545,0.0298679,0.00233018
930,10,10.6461,0.0300269,0.00236432
931,10,10.0725,0.0305281,0.00252397
932,10,10.2602,0.0299928,0.00241063
933,10,10.3635,0.0310053,0.00239919
934,10,10.1091,0.03108,0.00243709
935,10,10.1031,0.030793,0.00236904
936,10,10.1165,0.0311541,0.00243119
937,10,10.0401,0.0316819,0.00262052
938,10,10.3575,0.0308012,0.00263273
939,10,10.0886,0.0310663,0.00266547
940,10,10.059,0.0315227,0.00272346
941,10,10.0736,0.0324435,0.00288317
942,10,10.2968,0.0336037,0.00312351
943,10,10.2586,0.0339355,0.00317524
944,10,10.2294,0.0340161,0.0031942
945,10,10.4738,0.0344172,0.00323648
946,10,11.2528,0.0347715,0.00326749
947,10,10.4556,0.0351874,0.00330421
948,10,10.1302,0.0355055,0.00332546
949,10,10.1954,0.035864,0.00337444
950,10,11.2822,0.0360201,0.00334838
951,10,11.1985,0.0359827,0.00334758
952,10,10.4986,0.0358994,0.00334548
953,10,10.218,0.0358296,0.00334367
954,10,10.4546,0.0358493,0.00334399
955,10,10.5192,0.0359348,0.00334856
956,10,11.1038,0.0365034,0.00342173
957,10,10.6395,0.0366353,0.00343364
958,10,10.9091,0.0370013,0.00346852
959,10,11.4619,0.0373602,0.00351468
960,10,10.661,0.0379228,0.00358711
961,10,12.4016,0.0379992,0.0036041
962,10,11.1264,0.0374971,0.00351663
963,10,10.814,0.0375201,0.00351457
964,10,11.2748,0.0382155,0.00363775
965,10,11.4285,0.039802,0.00383754
966,10,11.8007,0.040504,0.00393817
967,10,11.6753,0.0415294,0.00418733
968,10,12.5637,0.0421748,0.00430757
969,10,10.6694,0.0430695,0.00443362
970,10,10.2371,0.0435798,0.00448772
971,10,10.6754,0.044558,0.00468454
972,10,10.1752,0.0455983,0.00487074
973,10,10.5608,0.0462314,0.00494738
974,10,10.4771,0.0467836,0.00500937
975,10,10.8194,0.0471172,0.00508275
976,10,10.4472,0.0480286,0.00520868
977,10,10.4044,0.0489261,0.005326
978,10,10.482,0.049087,0.00535015
979,10,10.3228,0.0499448,0.00551099
980,10,10.2224,0.0500509,0.00552134
981,10,12.3321,0.0502186,0.00554982
982,10,11.8202,0.0505739,0.00562781
983,10,10.4576,0.0508263,0.00569346
984,10,10.3957,0.0501168,0.00556364
985,10,11.8136,0.0493522,0.00543875
986,10,13.3797,0.0495375,0.005409
987,10,10.7715,0.0492167,0.00536796
988,10,10.669,0.0501008,0.00549935
989,10,10.3649,0.0510339,0.00567386
990,10,10.3664,0.0515496,0.00574645
991,10,10.4114,0.0522116,0.00586109
992,10,10.3399,0.0525,0.00589388
993,10,11.1062,0.0526841,0.00591037
994,10,10.3513,0.0536469,0.00615555
995,10,10.6961,0.05435,0.00632562
996,10,10.4761,0.0547963,0.00639566
997,10,10.3425,0.0549925,0.00642591
998,10,10.3955,0.0551735,0.00645032
999,10,11.8545,0.0557809,0.00659569
1000,10,13.4161,0.0561322,0.00664754
1001,10,10.5405,0.0568027,0.00676584
1002,10,10.7219,0.0573334,0.00682907
1003,10,10.5747,0.0575346,0.00685479
1004,10,10.8079,0.0581876,0.00695119
1005,10,10.441,0.0583212,0.00696506
1006,10,10.5872,0.0583965,0.00697973
1007,10,10.4743,0.0589652,0.00707239
1008,10,10.4212,0.0595857,0.00717078
1009,10,10.4474,0.0598419,0.00719136
1010,10,10.6823,0.0601844,0.00723383
1011,10,10.6286,0.060497,0.00726865
1012,10,12.2091,0.0608594,0.00732812
1013,10,10.8091,0.0609177,0.00733582
1014,10,10.5966,0.060891,0.00733429
1015,10,10.7513,0.0611191,0.0073698
1016,10,10.4462,0.0614893,0.00741653
1017,10,10.6525,0.0617974,0.00744753
1018,10,11.4008,0.062302,0.00751918
1019,10,10.6262,0.0627366,0.0075645
1020,10,10.8873,0.0627915,0.00756831
1021,10,10.805,0.0631632,0.00763114
1022,10,11.035,0.062933,0.00761557
1023,10,10.5088,0.0633224,0.00766772
1024,10,10.3594,0.0633054,0.00766444
1025,10,10.4499,0.0627292,0.00754636
1026,10,10.4151,0.062153,0.00747672
1027,10,10.3993,0.0617363,0.00744208
1028,10,10.584,0.0613422,0.00741379
1029,10,11.4725,0.0609084,0.00733711
1030,10,10.2664,0.060409,0.00725596
1031,10,10.3043,0.059585,0.0070617
1032,10,10.577,0.0594363,0.00705086
1033,10,10.1998,0.0588974,0.0069837
1034,10,10.2249,0.0583123,0.0069101
1035,10,10.1848,0.0578313,0.00686131
1036,10,10.1928,0.0573535,0.00679552
1037,10,10.2188,0.0564398,0.00655672
1038,10,10.2475,0.0560231,0.00650845
1039,10,10.2139,0.0556841,0.00647683
1040,10,10.3279,0.0550937,0.00640678
1041,10,10.2099,0.054186,0.00626291
1042,10,10.1813,0.0531327,0.00606119
1043,10,10.2289,0.0526383,0.0059957
1044,10,10.1664,0.0523859,0.00595853
1045,10,10.2182,0.0518302,0.00589367
1046,10,10.182,0.0515867,0.00586955
1047,10,10.4351,0.0516066,0.00577477
1048,10,10.2169,0.051431,0.00575673
1049,10,10.2935,0.0510842,0.00570643
1050,10,10.2045,0.0510322,0.00570081
1051,10,10.2573,0.0510631,0.00570153
1052,10,10.2735,0.0511499,0.00570359
1053,10,10.2326,0.051311,0.00570977
1054,10,10.2021,0.0513734,0.0057125
1055,10,10.2913,0.0514322,0.00571609
1056,10,11.2151,0.0509168,0.00564969
1057,10,10.5857,0.0506427,0.00563061
1058,10,10.5699,0.0502189,0.00559366
1059,10,10.388,0.0498266,0.00554622
1060,10,10.3324,0.049249,0.00546962
1061,10,10.214,0.0489441,0.00543327
1062,10,10.3912,0.0488402,0.00542424
1063,10,10.4475,0.0483869,0.00538773
1064,10,10.3377,0.0475718,0.00525979
1065,10,10.5165,0.0473226,0.00526215
1066,10,10.4035,0.0470249,0.00522165
1067,10,10.78,0.0461752,0.00497497
1068,10,10.5372,0.0458979,0.00489407
1069,10,11.2814,0.0454488,0.00481359
1070,10,10.8827,0.0451251,0.00477145
1071,10,12.3988,0.0444412,0.0045993
1072,10,10.9373,0.0440896,0.00451089
1073,10,10.5005,0.0439881,0.00448181
1074,10,10.5141,0.0438958,0.00445915
1075,10,10.4786,0.0437975,0.00444196
1076,10,10.2356,0.0433836,0.00436064
1077,10,10.34,0.0430692,0.00431321
1078,10,10.3159,0.043118,0.00431029
1079,10,10.3015,0.0426177,0.0042048
1080,10,10.2942,0.0426787,0.00421196
1081,10,10.3797,0.0428599,0.00426816
1082,10,10.2778,0.0424797,0.0042005
1083,10,10.2973,0.04174,0.00404836
1084,10,10.6535,0.0414943,0.00402973
1085,10,10.3941,0.041628,0.00404083
1086,10,10.3202,0.0420272,0.00411029
1087,10,10.5039,0.0422204,0.00414152
1088,10,10.2926,0.0413865,0.00395928
1089,10,10.221,0.040883,0.00388316
1090,10,10.2911,0.0404966,0.0038337
1091,10,10.2745,0.0399635,0.0037152
1092,10,10.3422,0.0401978,0.00377506
1093,10,10.7029,0.0405736,0.00384829
1094,10,10.4153,0.0395172,0.00357821
1095,10,10.3802,0.0385834,0.00339433
1096,10,10.2781,0.0378829,0.00331091
1097,10,10.3092,0.0374283,0.00326419
1098,10,10.2645,0.037051,0.00322377
1099,10,10.3001,0.0362547,0.00306309
1100,10,10.5036,0.0352786,0.00291136
1101,10,10.2526,0.0346932,0.00281272
1102,10,10.246,0.0343978,0.00278043
1103,10,10.2908,0.0341814,0.00273764
1104,10,10.26,0.0339498,0.00269819
1105,10,10.6048,0.0346121,0.00284402
1106,10,10.4739,0.0347294,0.00285037
1107,10,10.3404,0.0343171,0.00277253
1108,10,10.2785,0.033891,0.00268724
1109,10,10.6631,0.0343969,0.0027798
1110,10,10.8584,0.0351965,0.00293786
1111,10,11.2092,0.0355512,0.00299328
1112,10,10.6097,0.0356939,0.00301433
1113,10,10.4948,0.0360391,0.00306306
1114,10,10.3932,0.0367327,0.00317294
1115,10,10.5681,0.0368958,0.00318816
1116,10,13.97,0.0376139,0.00334041
1117,10,13.3823,0.0380546,0.00343699
1118,10,10.4786,0.0377774,0.00339537
1119,10,11.3406,0.0373597,0.00334635
1120,10,13.3575,0.0368842,0.00330169
1121,10,11.8857,0.0363039,0.00322871
1122,10,11.3723,0.0359364,0.00318176
1123,10,11.658,0.0356651,0.00314534
1124,10,10.8327,0.0354662,0.00313203
1125,10,11.0734,0.035382,0.00312199
1126,10,10.7689,0.03549,0.00312876
1127,10,10.4726,0.0358527,0.00315865
1128,10,11.0494,0.0359616,0.00316189
1129,10,10.603,0.0362384,0.00318502
1130,10,11.5069,0.0362101,0.00317759
1131,10,11.2701,0.0362331,0.00317824
1132,10,11.864,0.036297,0.00318762
1133,10,12.2152,0.036572,0.00321977
1134,10,11.4408,0.0369545,0.00326239
1135,10,11.1393,0.0370071,0.00326552
1136,10,13.4899,0.03692,0.00325709
1137,10,10.8115,0.0370303,0.00326419
1138,10,11.0459,0.0371947,0.00327182
1139,10,10.7826,0.0371497,0.00326945
1140,10,11.4811,0.0367714,0.00321571
1141,10,11.1658,0.0374391,0.00330465
1142,10,11.3114,0.0378345,0.00334357
1143,10,11.5267,0.038722,0.00350916
1144,10,12.5116,0.0389464,0.00352885
1145,10,12.3038,0.0394692,0.00360512
1146,10,12.1718,0.0395142,0.00360954
1147,10,11.2598,0.0393196,0.00359774
1148,10,11.2892,0.0397916,0.00360473
1149,10,11.992,0.0398923,0.0036119
1150,10,11.5935,0.0400096,0.00362552
1151,10,13.5061,0.0401597,0.00363203
1152,10,11.922,0.0402641,0.00363699
1153,10,10.9654,0.0418635,0.00362611
1154,10,11.0553,0.041919,0.00362772
1155,10,10.7835,0.0417975,0.00361839
1156,10,10.5422,0.0417132,0.00361349
1157,10,11.6244,0.0415997,0.00360929
1158,10,11.3706,0.0414241,0.0036035
1159,10,10.5008,0.0413119,0.00359981
1160,10,10.593,0.0411511,0.00358667
1161,10,10.6344,0.0409774,0.00357674
1162,10,10.5502,0.0408488,0.00356842
1163,10,10.7089,0.0416011,0.00366256
1164,10,10.8947,0.0401293,0.00365373
1165,10,10.5964,0.0402013,0.00364311
1166,10,10.5554,0.0403371,0.003661
1167,10,11.1894,0.0405543,0.00365237
1168,10,10.7302,0.0401222,0.00361797
1169,10,10.6252,0.0396511,0.00357889
1170,10,12.4521,0.0390674,0.00355158
1171,10,10.8206,0.038622,0.00350594
1172,10,10.7378,0.0382793,0.00346584
1173,10,11.8691,0.0378112,0.00342325
1174,10,11.7949,0.0376207,0.00341154
1175,10,10.4297,0.0374214,0.00338445
1176,10,10.5807,0.0374862,0.00338797
1177,10,10.371,0.0374517,0.00338925
1178,10,11.0585,0.0373872,0.00338471
1179,10,10.3956,0.0371941,0.00335202
1180,10,10.379,0.0368294,0.00330089
1181,10,10.3258,0.0368419,0.00354998
1182,10,10.9,0.0372631,0.00366616
1183,10,10.9218,0.0375163,0.0036817
1184,10,10.6351,0.0379225,0.00373733
1185,10,10.3385,0.0379446,0.00374155
1186,10,10.702,0.0373024,0.00364566
1187,10,10.8499,0.0369957,0.00360126
1188,10,10.783,0.0369188,0.0035949
1189,10,10.8533,0.0369762,0.00360261
1190,10,10.355,0.0371432,0.00361726
1191,10,10.4442,0.0372401,0.00362841
1192,10,10.6406,0.0385192,0.00360163
1193,10,10.4455,0.0385511,0.00359472
1194,10,10.9195,0.0387916,0.00361035
1195,10,10.5278,0.0387611,0.00360872
1196,10,11.472,0.0388312,0.0036114
1197,10,10.7498,0.0387135,0.00360638
1198,10,11.4698,0.0370558,0.00354112
1199,10,10.4334,0.0370708,0.00353907
1200,10,10.4476,0.0369305,0.0035286
1201,10,10.7104,0.0367108,0.00351656
1202,10,10.6144,0.0364732,0.00348728
1203,10,10.5718,0.0362596,0.00347645
1204,10,10.4909,0.0357316,0.00341533
1205,10,11.1727,0.0347911,0.00326685
1206,10,11.4011,0.0344769,0.00324404
1207,10,10.9254,0.0342464,0.00322989
1208,10,10.8996,0.0340797,0.00321816
1209,10,10.6403,0.0336742,0.00313327
1210,10,10.369,0.0329063,0.00296778
1211,10,10.4029,0.0326592,0.00292143
1212,10,10.3716,0.0323101,0.00285061
1213,10,10.8262,0.0321656,0.00281588
1214,10,10.4006,0.0316934,0.00273781
1215,10,10.3502,0.0313732,0.00270606
1216,10,10.5538,0.0312051,0.00268109
1217,10,11.1854,0.0304501,0.00255551
1218,10,10.9278,0.0304739,0.00255979
1219,10,10.6591,0.0308028,0.00260194
1220,10,10.832,0.0308313,0.0026028
1221,10,10.4896,0.0316981,0.00273323
1222,10,10.5781,0.0321038,0.0027821
1223,10,10.5505,0.0328052,0.00293511
1224,10,10.4802,0.033286,0.00298855
1225,10,10.6221,0.0337573,0.00306221
1226,10,10.8027,0.0341699,0.00311712
1227,10,10.77,0.0341582,0.00312285
1228,10,10.6066,0.0343218,0.0031355
1229,10,10.6262,0.0341879,0.00311701
1230,10,10.6465,0.034109,0.00311274
1231,10,10.6523,0.0339375,0.00310501
1232,10,10.8348,0.0337076,0.00309238
1233,10,10.4434,0.0333076,0.00305845
1234,10,10.8394,0.032858,0.00301529
1235,10,10.4622,0.032761,0.00301043
1236,10,10.5707,0.032762,0.00301215
1237,10,10.893,0.033125,0.00305568
1238,10,12.1303,0.0329947,0.00304951
1239,10,11.4206,0.0332388,0.00307945
1240,10,11.8287,0.0334223,0.00309777
1241,10,12.2264,0.0330055,0.003021
1242,10,10.775,0.0325693,0.00297883
1243,10,11.429,0.0316999,0.00284344
1244,10,10.8683,0.0313207,0.00281959
1245,10,11.223,0.030714,0.00273887
1246,10,11.5051,0.0305849,0.00273209
1247,10,11.1941,0.0312023,0.00271273
1248,10,11.0941,0.0310291,0.00269824
1249,10,10.9485,0.0308552,0.00268963
