generation,phase,mse_on_a,mae_on_a,mse_on_b,mae_on_b,best_validation_mse
733,pure_A,0.000879225,0.0164878,0.00561345,0.053699,0.0041773
734,boundary,0.000879225,0.0164878,0.00561345,0.053699,0.0041773
734,pure_A,0.000879225,0.0164878,0.00561345,0.053699,0.0043453
739,mixed_AB,0.000879217,0.0164877,0.00561346,0.0536992,0.0049225
744,mixed_AB,0.000879217,0.0164877,0.00561346,0.0536992,0.00532898
749,mixed_AB,0.000879217,0.0164877,0.00561346,0.0536992,0.005425
754,mixed_AB,0.00129638,0.0242134,0.00584557,0.0543736,0.00542126
759,mixed_AB,0.00129638,0.0242134,0.00584557,0.0543736,0.00545468
764,mixed_AB,0.00139828,0.0261295,0.00587379,0.0546139,0.00534653
769,mixed_AB,0.00139828,0.0261295,0.00587379,0.0546139,0.00534578
774,mixed_AB,0.00155649,0.0275198,0.0058858,0.0548228,0.00537102
779,mixed_AB,0.00161519,0.0282339,0.00584608,0.0548486,0.00556189
784,mixed_AB,0.00110277,0.0236355,0.00516104,0.0491364,0.00555277
789,mixed_AB,0.000864451,0.0171283,0.00519553,0.0483695,0.00562556
794,mixed_AB,0.000864451,0.0171283,0.00519553,0.0483695,0.00570424
799,mixed_AB,0.000864451,0.0171283,0.00519553,0.0483695,0.00551116
804,mixed_AB,0.000864451,0.0171283,0.00519553,0.0483695,0.00430658
809,mixed_AB,0.000870525,0.0173434,0.00519488,0.0484076,0.00376544
814,mixed_AB,0.000867127,0.0171688,0.00518878,0.0481988,0.0035004
819,mixed_AB,0.000864458,0.0171286,0.00519556,0.0483697,0.00350499
824,mixed_AB,0.000864458,0.0171286,0.00519556,0.0483697,0.00393966
829,mixed_AB,0.00090614,0.0180255,0.0052431,0.0478527,0.00409652
834,mixed_AB,0.00090614,0.0180255,0.0052431,0.0478527,0.00398759
839,mixed_AB,0.000936842,0.0194083,0.00513591,0.0495858,0.00365709
844,mixed_AB,0.000888372,0.017633,0.00506715,0.0485179,0.00318358
849,mixed_AB,0.000838916,0.0158796,0.00506237,0.0485858,0.00314384
854,mixed_AB,0.000822137,0.0137508,0.00512815,0.0470205,0.00313728
859,mixed_AB,0.000798619,0.0142099,0.00502334,0.0474163,0.00310532
864,mixed_AB,0.000838914,0.0158796,0.00506326,0.0485913,0.00325072
869,mixed_AB,0.000930194,0.0192065,0.00499337,0.0477526,0.00317435
874,mixed_AB,0.000930194,0.0192065,0.00499337,0.0477526,0.00299499
879,mixed_AB,0.000930194,0.0192065,0.00499337,0.0477526,0.00287216
884,mixed_AB,0.00085224,0.0163613,0.00493219,0.0473756,0.00312995
889,mixed_AB,0.00085224,0.0163613,0.00493219,0.0473756,0.00313071
894,mixed_AB,0.00085224,0.0163613,0.00493219,0.0473756,0.00297522
899,mixed_AB,0.000800723,0.0138284,0.00492105,0.0464431,0.00290986
904,mixed_AB,0.000816175,0.0143566,0.00485061,0.0464864,0.00278434
909,mixed_AB,0.000816175,0.0143566,0.00485061,0.0464864,0.00276555
914,mixed_AB,0.000816175,0.0143566,0.00485061,0.0464864,0.00277572
919,mixed_AB,0.000837776,0.0146497,0.00480996,0.0459377,0.00274459
924,mixed_AB,0.000838063,0.0146548,0.0048097,0.0459371,0.00235567
929,mixed_AB,0.000838063,0.0146548,0.0048097,0.0459371,0.00220904
934,mixed_AB,0.000800737,0.0138277,0.00492323,0.0463594,0.00224605
939,mixed_AB,0.000800894,0.0138347,0.00493384,0.04638,0.00250958
944,mixed_AB,0.000802402,0.0139277,0.00494415,0.0465313,0.00304609
949,mixed_AB,0.000808483,0.0143492,0.00487337,0.0463861,0.00324782
954,mixed_AB,0.000800845,0.0138321,0.00493777,0.0464065,0.00324763
959,mixed_AB,0.000808483,0.0143492,0.00487337,0.0463861,0.00341178
964,mixed_AB,0.000800845,0.0138321,0.00493777,0.0464065,0.00355357
969,mixed_AB,0.000808623,0.0143604,0.00487392,0.0464017,0.00444965
974,mixed_AB,0.00080868,0.0143621,0.00487276,0.0463911,0.00493389
979,mixed_AB,0.00110737,0.023565,0.00494611,0.0469268,0.00543836
984,mixed_AB,0.00110737,0.023565,0.00494611,0.0469268,0.00553434
989,mixed_AB,0.00108721,0.02309,0.00493468,0.0468006,0.0056643
994,mixed_AB,0.00108721,0.02309,0.00493468,0.0468006,0.0061415
999,mixed_AB,0.00108563,0.0230524,0.00493549,0.0467945,0.00657338
1004,mixed_AB,0.00106002,0.0226484,0.00492739,0.0466637,0.00696529
1009,mixed_AB,0.00106002,0.0226484,0.00492739,0.0466637,0.00720088
1014,mixed_AB,0.00105989,0.0226456,0.00492678,0.046662,0.00734989
1019,mixed_AB,0.00106065,0.0226636,0.0049282,0.0466687,0.00758086
1024,mixed_AB,0.00108293,0.0231074,0.00494802,0.0468138,0.00774658
1029,mixed_AB,0.00106065,0.0226636,0.0049282,0.0466687,0.00745271
1034,mixed_AB,0.00106065,0.0226636,0.0049282,0.0466687,0.00701789
1039,mixed_AB,0.00106062,0.0226626,0.0049282,0.0466685,0.00656609
1044,mixed_AB,0.00104615,0.0223075,0.00490031,0.0465414,0.00601673
1049,mixed_AB,0.00105222,0.0224936,0.00489484,0.0465651,0.0058312
1054,mixed_AB,0.000803731,0.0139915,0.00508329,0.0470051,0.00584305
1059,mixed_AB,0.000800167,0.0137507,0.00511766,0.0470721,0.00568248
1064,mixed_AB,0.000800167,0.0137507,0.00511766,0.0470721,0.00538303
1069,mixed_AB,0.000797865,0.0139077,0.00485646,0.0462504,0.00462184
1074,mixed_AB,0.000797865,0.0139077,0.00485646,0.0462504,0.00435332
1079,mixed_AB,0.000801825,0.0141107,0.00486217,0.0463389,0.00406426
1084,mixed_AB,0.000801837,0.0141111,0.0048622,0.046339,0.00387356
1089,mixed_AB,0.000801837,0.0141111,0.0048622,0.046339,0.00369155
1094,mixed_AB,0.000801859,0.0141129,0.00486223,0.04634,0.00339061
1099,mixed_AB,0.000801505,0.0141122,0.00492742,0.0465576,0.00289944
1104,mixed_AB,0.000801859,0.0141129,0.00486223,0.04634,0.00259883
1109,mixed_AB,0.000801799,0.0141087,0.0048622,0.0463377,0.00260089
1114,mixed_AB,0.00080653,0.014307,0.00486989,0.0465169,0.00299353
1119,mixed_AB,0.000802069,0.0141197,0.00487011,0.0463475,0.0030695
1124,mixed_AB,0.00131978,0.0275679,0.00482759,0.0459674,0.00279494
1129,mixed_AB,0.00128963,0.0270617,0.00484088,0.046088,0.00284056
1134,mixed_AB,0.00128963,0.0270617,0.00484088,0.046088,0.0029105
1139,mixed_AB,0.00128963,0.0270617,0.00484088,0.046088,0.00292541
1144,mixed_AB,0.00128963,0.0270617,0.00484088,0.046088,0.00317664
1149,mixed_AB,0.00128466,0.026972,0.00484167,0.0460981,0.00324617
1154,mixed_AB,0.00128466,0.026972,0.00484167,0.0460981,0.0032603
1159,mixed_AB,0.00128466,0.026972,0.00484167,0.0460981,0.00324197
1164,mixed_AB,0.00128466,0.026972,0.00484167,0.0460981,0.00334001
1169,mixed_AB,0.00128466,0.026972,0.00484167,0.0460981,0.00329678
1174,mixed_AB,0.000858391,0.0154685,0.00481132,0.0461686,0.00310142
1179,mixed_AB,0.000858391,0.0154685,0.00481132,0.0461686,0.0030359
1184,mixed_AB,0.00128463,0.0269714,0.00484169,0.0460983,0.0034154
1189,mixed_AB,0.00128463,0.0269714,0.00484169,0.0460983,0.00326438
1194,mixed_AB,0.000837972,0.0150104,0.00480519,0.0460276,0.00322477
1199,mixed_AB,0.000837972,0.0150104,0.00480519,0.0460276,0.0032262
1204,mixed_AB,0.000837972,0.0150104,0.00480519,0.0460276,0.00310563
1209,mixed_AB,0.000800318,0.0140698,0.00487057,0.0468809,0.00288297
1214,mixed_AB,0.000800318,0.0140698,0.00487057,0.0468809,0.00247688
1219,mixed_AB,0.000800318,0.0140698,0.00487057,0.0468809,0.00231915
1224,mixed_AB,0.000794387,0.013671,0.00486357,0.0463172,0.0026907
1229,mixed_AB,0.000794387,0.013671,0.00486357,0.0463172,0.00283649
1234,mixed_AB,0.000794009,0.0136469,0.00487421,0.0463844,0.00274679
1239,mixed_AB,0.000822278,0.0153826,0.0049346,0.0467861,0.00277307
1244,mixed_AB,0.000822278,0.0153826,0.0049346,0.0467861,0.002531
1249,mixed_AB,0.00082221,0.0153807,0.00493459,0.0467858,0.00243769
