suite,panel,seed,window,net_pct,sharpe,mdd_pct
8isl,set1,42,2020,-36.9805872102508,-1.4593624422897526,51.26472890914528
8isl,set1,42,2021,14.71138872265535,1.0469137824629569,6.9828804604102475
8isl,set1,42,2022,21.711347775217018,1.3529913634428024,9.359361985029956
8isl,set1,42,2023,21.441374338748854,1.5079617785788895,7.019875006048543
8isl,set1,42,2024,12.272721835180311,0.838136139774321,7.5616080823285285
8isl,set1,42,2022-24,60.37380323531277,1.336587729510065,9.359361985029956
8isl,set1,42,2020-24,35.02938077614206,0.4049674711859103,51.26472890914528
8isl,set1,43,2020,7.832299567002246,0.31575434489312765,27.982354919663393
8isl,set1,43,2021,13.996304748417026,1.0759870337393647,7.133385474462413
8isl,set1,43,2022,9.070016184317934,0.6719019044005845,8.269363873015168
8isl,set1,43,2023,16.042403659195482,1.324520262868378,6.717083081028694
8isl,set1,43,2024,4.4112013235669405,0.35642042263147583,10.05700962110084
8isl,set1,43,2022-24,31.29768643611783,0.7971915781294507,8.826516128456774
8isl,set1,43,2020-24,63.63765390833943,0.777717795674393,27.982354919663393
8isl,set1,44,2020,-8.275535558606549,-0.30354838464137424,33.57566642299169
8isl,set1,44,2021,6.409729225355351,0.4383528323611069,9.475124684593556
8isl,set1,44,2022,16.80418922638039,1.0682166077174733,10.332885449632931
8isl,set1,44,2023,-0.819268511123845,-0.05388688194339256,12.868028482650356
8isl,set1,44,2024,-14.767096061640341,-0.9892419819112466,20.305779243240604
8isl,set1,44,2022-24,4.2612477715970245,0.09258636501713935,17.68415355252715
8isl,set1,44,2020-24,3.5994930432399106,0.039543771776542516,33.57566642299169
8isl,set2,42,2020,11.445647869367418,0.3119801257243183,31.54050492479411
8isl,set2,42,2021,17.503229952750484,1.0806340938645442,7.790940867873826
8isl,set2,42,2022,-2.1156770471719524,-0.13720156167515452,18.149290453255244
8isl,set2,42,2023,33.65049778542895,2.282355906867685,6.570669906816935
8isl,set2,42,2024,-4.300524345070707,-0.38170430522159166,7.735134857252832
8isl,set2,42,2022-24,24.909784301015613,0.6007136835989139,18.149290453255244
8isl,set2,42,2020-24,54.617662832615956,0.5253673471006627,31.54050492479411
8isl,set2,43,2020,5.190949618592225,0.20007192394127898,19.60692778513878
8isl,set2,43,2021,-11.438648610516239,-0.8147029322426153,13.731176623131288
8isl,set2,43,2022,16.55659292951914,1.0299437419512159,11.712376504675257
8isl,set2,43,2023,24.774770506537134,1.852502198204885,6.674204788787487
8isl,set2,43,2024,26.341875269211425,2.3637146955353816,4.4730704558590215
8isl,set2,43,2022-24,65.2550029504489,1.5880014656009163,11.712376504675257
8isl,set2,43,2020-24,52.91378894317174,0.627360003357066,36.91407084485556
8isl,set2,44,2020,38.59235428651691,1.4413660623879962,19.082963970925782
8isl,set2,44,2021,19.506596403970228,1.4746081888728473,10.000285519737178
8isl,set2,44,2022,8.807520780556978,0.5157702543505227,20.24544273326492
8isl,set2,44,2023,7.2914343230162775,0.5142762678916568,9.11293401528984
8isl,set2,44,2024,29.203453630164056,2.4265948054988806,6.710588448688755
8isl,set2,44,2022-24,41.807264697262056,0.9617984180134135,20.24544273326492
8isl,set2,44,2020-24,98.6161851419122,1.1257699747967385,19.082963970925782
8isl,set3,42,2020,23.173287378580916,0.9891074416802059,19.84694777312789
8isl,set3,42,2021,13.259914430901846,1.0066534110976992,7.630873761901498
8isl,set3,42,2022,-0.44419326257154185,-0.02658032930832199,19.69816699815824
8isl,set3,42,2023,12.337300195410936,0.9128935268530319,11.522224040642145
8isl,set3,42,2024,-8.761221775710029,-0.5961443827847724,9.194754198797584
8isl,set3,42,2022-24,13.826618919230363,0.2986250380481487,19.69816699815824
8isl,set3,42,2020-24,55.62496785591272,0.6438821340739613,19.84694777312789
8isl,set3,43,2020,35.045893608996195,1.3796841535957947,14.516538292712855
8isl,set3,43,2021,0.8763999610781165,0.05650841204622296,16.65701701930104
8isl,set3,43,2022,8.583109358513973,0.6091405268215909,9.675722503775521
8isl,set3,43,2023,9.49871230474403,0.7452566176459544,6.849295235122084
8isl,set3,43,2024,-13.975486026519372,-0.8848280346207548,16.334920221845096
8isl,set3,43,2022-24,6.466691581899962,0.15153502143955383,12.1323932040636
8isl,set3,43,2020-24,29.85874986305736,0.3502359025585192,20.329246896143466
8isl,set3,44,2020,20.190553199594298,0.722636534351157,27.562864191144133
8isl,set3,44,2021,5.968324729067503,0.34548707937000067,15.827513665719803
8isl,set3,44,2022,8.961061041799862,0.43089010488648477,19.72814061061678
8isl,set3,44,2023,27.08008098277455,2.1458883271255504,5.7258319293637605
8isl,set3,44,2024,-20.137614075343464,-1.285628702043252,22.30314158875467
8isl,set3,44,2022-24,15.169966045278274,0.3038443546102545,19.72814061061678
8isl,set3,44,2020-24,36.87744296723088,0.37786479141560547,27.562864191144133
8isl,set4,42,2020,19.43883998886452,0.8156817343422482,9.485629206885825
8isl,set4,42,2021,15.724514610819995,1.3321878898571908,7.440117855525473
8isl,set4,42,2022,9.028522216802752,0.6699981168767923,8.919330545748979
8isl,set4,42,2023,32.83099520428125,2.8718044604030704,2.5956490690133593
8isl,set4,42,2024,10.701412828779375,0.9203917189146241,6.2660286730954695
8isl,set4,42,2022-24,58.2213304171281,1.5760354907295917,8.919330545748979
8isl,set4,42,2020-24,97.87871150835211,1.2765450914369008,9.485629206885825
8isl,set4,43,2020,3.4712075422981674,0.15815136265157778,23.73310069074501
8isl,set4,43,2021,10.010066611187339,0.8004241134084943,13.939480513132219
8isl,set4,43,2022,18.688983471049987,1.233788242780086,7.85666645513685
8isl,set4,43,2023,20.897242384611715,1.7933776936868722,3.7983673132478404
8isl,set4,43,2024,5.851366982053379,0.5571391442426195,4.57601731420688
8isl,set4,43,2022-24,47.45138873148828,1.2585030335074723,7.85666645513685
8isl,set4,43,2020-24,56.76965381490013,0.7613953069318268,23.73310069074501
8isl,set4,44,2020,11.164510543112147,0.5308042449540185,12.39852432873747
8isl,set4,44,2021,17.549707288078032,1.4115719063817873,6.662788102799198
8isl,set4,44,2022,8.280410803890863,0.6118317440479776,9.9901958822741
8isl,set4,44,2023,34.200137175832474,2.956310037389708,5.115642639952406
8isl,set4,44,2024,11.334129485800865,1.0987242095680616,8.21642896195473
8isl,set4,44,2022-24,58.294075217418886,1.6130099126181243,9.9901958822741
8isl,set4,44,2020-24,77.72597604459934,1.0888590132875142,12.39852432873747
8isl,set1,45,2020,15.67307303427597,0.6123974723452138,18.58594906091691
8isl,set1,45,2021,15.373588802230678,1.1541437214093608,6.21790632757606
8isl,set1,45,2022,14.463722146637217,0.8775177198003722,9.553127791730974
8isl,set1,45,2023,-2.5486041597905915,-0.2011915861865455,9.901269072790567
8isl,set1,45,2024,0.719814475083818,0.052514643680623134,12.437183936833442
8isl,set1,45,2022-24,14.702168513200634,0.33932551469871686,10.78311459157573
8isl,set1,45,2020-24,49.11571184147105,0.5750813477067516,18.58594906091691
8isl,set1,46,2020,-13.314699335139979,-0.5264500928639705,21.454049386789396
8isl,set1,46,2021,14.852373275615168,1.1300425210690381,13.308392030802985
8isl,set1,46,2022,25.997977237484722,1.3904040223506458,9.079957933493347
8isl,set1,46,2023,-8.059698562264293,-0.5419064391822165,18.540235578802083
8isl,set1,46,2024,-1.7454536603571842,-0.12752488013735044,9.653235044780617
8isl,set1,46,2022-24,7.434640316551394,0.1565249677271836,19.85873282514124
8isl,set1,46,2020-24,7.448293496849817,0.08406698868306482,21.454049386789396
8isl,set1,47,2020,1.086579658589497,0.045585330329415544,20.691981076848506
8isl,set1,47,2021,10.870798657561076,0.8399775100345525,9.910291326237834
8isl,set1,47,2022,22.200469857105652,1.303185587138311,10.220815559956636
8isl,set1,47,2023,-4.386561831631823,-0.2999021084032938,11.157228281112856
8isl,set1,47,2024,-3.6512884264526813,-0.26845211677244324,10.240404988324213
8isl,set1,47,2022-24,9.96645885090407,0.21863772980916668,15.193394064078342
8isl,set1,47,2020-24,22.867511266646172,0.2703626765931475,20.691981076848506
8isl,set2,45,2020,18.014620426306383,0.6887717057241394,18.747273284802272
8isl,set2,45,2021,21.1044759770417,1.4044368220662333,7.6801564285731665
8isl,set2,45,2022,7.218278026257872,0.4238631953486948,18.06706197596154
8isl,set2,45,2023,14.97951649393546,1.0968924123647072,13.074479313112732
8isl,set2,45,2024,22.629397309352754,2.074410417395618,5.8081562085884455
8isl,set2,45,2022-24,44.07345421509189,1.0421745046281523,18.06706197596154
8isl,set2,45,2020-24,83.80608236484278,0.9650368323987333,18.747273284802272
8isl,set2,46,2020,29.311605980183842,1.2484155989763468,23.783015985945248
8isl,set2,46,2021,24.063739944954612,1.718821374482484,7.194901093827168
8isl,set2,46,2022,4.860936630083856,0.3032008068852596,15.649876792241498
8isl,set2,46,2023,5.608954742805249,0.4254031253124242,8.350831903433011
8isl,set2,46,2024,21.204282942618573,1.8458810809111883,6.006173063907138
8isl,set2,46,2022-24,34.7260667757409,0.8441552227097329,15.649876792241498
8isl,set2,46,2020-24,77.3247240693689,0.9430039304309593,23.783015985945248
8isl,set2,47,2020,14.706302336132854,0.4905331219659188,24.41994321921883
8isl,set2,47,2021,10.356448323999892,0.6751071063230999,12.058535031405462
8isl,set2,47,2022,-0.08095378994097845,-0.004808733158503066,21.263138792405854
8isl,set2,47,2023,-8.916067274357074,-0.6462096304596184,16.554821053411175
8isl,set2,47,2024,19.144660757585104,1.666374304010675,6.012771387946851
8isl,set2,47,2022-24,12.908990535339898,0.3039106376510268,21.263719757040906
8isl,set2,47,2020-24,38.563902284447245,0.4144152212430277,24.41994321921883
8isl,set3,45,2020,16.62404329966304,0.6663520339246777,26.259451758153133
8isl,set3,45,2021,-3.722175007152574,-0.2767610070448898,12.574792259931684
8isl,set3,45,2022,10.556751883872368,0.5845888867062408,20.910072517906944
8isl,set3,45,2023,21.45948802753258,1.676768103220174,7.3609370165377275
8isl,set3,45,2024,-18.6114362233562,-1.1065312667255491,25.765716180694987
8isl,set3,45,2022-24,21.130891289927913,0.43450445731567156,20.910072517906944
8isl,set3,45,2020-24,40.80352610286545,0.4608141066056678,26.259451758153133
8isl,set3,46,2020,37.969092161646756,1.5012483597953927,12.558851493452602
8isl,set3,46,2021,4.555556873125681,0.28853665593019906,13.845749569166193
8isl,set3,46,2022,-18.830611028288978,-1.200791705466597,23.701371015888903
8isl,set3,46,2023,-3.0314539887946927,-0.23198469550018058,16.36115000994559
8isl,set3,46,2024,2.140868639774763,0.15936904341289923,9.992111361033146
8isl,set3,46,2022-24,-16.81694192066029,-0.3944381384280607,28.751803118495605
8isl,set3,46,2020-24,25.43456567186948,0.29404057232934017,26.10997617082134
8isl,set3,47,2020,24.361385644512062,1.1027022841895149,15.536646997706786
8isl,set3,47,2021,1.6633091410025251,0.12751021467836526,8.998353637458017
8isl,set3,47,2022,-4.234840808875495,-0.2458180061606379,26.739544243624835
8isl,set3,47,2023,34.90011354589674,2.9386894555138876,4.08514484902237
8isl,set3,47,2024,1.0779489188276143,0.0820241584051747,10.221447817201904
8isl,set3,47,2022-24,32.548453205019946,0.7651276980286663,26.739544243624835
8isl,set3,47,2020-24,66.13551953669001,0.8347177929214445,21.045519821098036
8isl,set4,45,2020,4.988998953766964,0.20978802133288305,20.82887756591751
8isl,set4,45,2021,14.70685211707723,1.1441140346143317,10.898944646889474
8isl,set4,45,2022,1.128793969880481,0.08343270141080306,9.88515298032891
8isl,set4,45,2023,30.1032175945375,2.491354231687173,3.5607678817015813
8isl,set4,45,2024,8.497187911133944,0.7883653319106848,6.380488831771731
8isl,set4,45,2022-24,39.91291755209873,1.0920220955608853,9.88515298032891
8isl,set4,45,2020-24,49.44403262368039,0.6450404587071632,20.82887756591751
8isl,set4,46,2020,18.832341949100144,0.6945705561133121,17.82942632214844
8isl,set4,46,2021,14.528646841532117,1.0905348337214036,12.778725080922579
8isl,set4,46,2022,10.572325485350078,0.7950363156799487,9.047535980860292
8isl,set4,46,2023,20.92371897789954,1.7133191317292327,6.632945803251605
8isl,set4,46,2024,6.2571117690820826,0.6002367310715138,9.21342557191338
8isl,set4,46,2022-24,37.09953980771646,1.030254561547162,9.047535980860292
8isl,set4,46,2020-24,59.9006682442635,0.7236866894228221,17.82942632214844
8isl,set4,47,2020,5.071752504219454,0.20244606194693254,18.378550173027346
8isl,set4,47,2021,12.800263931242583,0.9801620374997495,7.825448593369309
8isl,set4,47,2022,5.209145834785149,0.3935624042026522,8.031696147638579
8isl,set4,47,2023,26.418734289827313,2.4013418204880073,4.693489903137863
8isl,set4,47,2024,11.088250903607003,1.0625531051383732,5.743526931216559
8isl,set4,47,2022-24,40.89525434905425,1.1757291591391121,8.031696147638579
8isl,set4,47,2020-24,62.00357858435763,0.8028559970782908,18.378550173027346
8isl,set1,48,2020,-26.751491901668263,-1.0205679917005033,45.40565350504502
8isl,set1,48,2021,8.959893021356393,0.5504471382772849,10.725673163924512
8isl,set1,48,2022,15.446049699464165,0.9555124860170113,14.705361696911796
8isl,set1,48,2023,9.299620817468506,0.7633730581473025,8.302233412605583
8isl,set1,48,2024,-6.364971665398642,-0.5480183758325193,8.986415011698092
8isl,set1,48,2022-24,14.029555712089087,0.3432946534395894,14.705361696911796
8isl,set1,48,2020-24,-2.197368242372915,-0.025253300478408427,45.40565350504502
8isl,set1,49,2020,-30.45246146569743,-1.0642617013132982,39.28263140779386
8isl,set1,49,2021,-12.938431072705168,-0.7674161795814549,22.00887309344263
8isl,set1,49,2022,-0.6887147687575125,-0.0277768341579433,12.961818784890907
8isl,set1,49,2023,1.8145229793719815,0.1192941765346736,15.869881310605244
8isl,set1,49,2024,-6.4790568248303035,-0.45836385519793826,15.171046966432241
8isl,set1,49,2022-24,-5.847062567498318,-0.10239050697714677,24.95370436380251
8isl,set1,49,2020-24,-54.13543457369011,-0.5172670179717388,67.0951329636515
8isl,set1,50,2020,-25.844027121046214,-0.9314797089229806,60.14388273715671
8isl,set1,50,2021,11.52099510959079,0.6428196934941844,13.236053194368811
8isl,set1,50,2022,14.32824786432064,0.7258668156727923,14.575832527276525
8isl,set1,50,2023,1.5175803706301185,0.09914700355261587,15.381584444915191
8isl,set1,50,2024,3.283624745709033,0.22757833183100543,9.995589770223182
8isl,set1,50,2022-24,25.77989229957865,0.5241047365582472,14.575832527276525
8isl,set1,50,2020-24,4.142958504998922,0.04256863178166661,60.14388273715671
8isl,set1,51,2020,-6.938153705967853,-0.2910846358468043,41.96631243469643
8isl,set1,51,2021,27.917985427835728,2.3218828754244134,6.891193634970002
8isl,set1,51,2022,14.76587964358831,0.8682920433103917,17.325156161382257
8isl,set1,51,2023,14.732982547849344,1.0690223613104681,8.459640298178606
8isl,set1,51,2024,-4.762732048619413,-0.31860842004746515,12.70116139611805
8isl,set1,51,2022-24,24.837949725725807,0.5414486776307912,17.325156161382257
8isl,set1,51,2020-24,39.80411152359121,0.47514182067456645,41.96631243469643
8isl,set2,48,2020,21.286277179968884,0.8047077607837793,30.897043142143943
8isl,set2,48,2021,15.142873643401822,1.0303051693042582,12.282373199619943
8isl,set2,48,2022,15.377475739217001,0.9887097682790977,14.814757740252466
8isl,set2,48,2023,25.45838912127014,2.057938525963364,6.52198802629444
8isl,set2,48,2024,10.718135070078091,0.9173990534380642,7.962156472287695
8isl,set2,48,2022-24,52.702343789615384,1.312358182852601,14.814757740252466
8isl,set2,48,2020-24,94.83573334979258,1.113335756234389,30.897043142143943
8isl,set2,49,2020,16.62552127815636,0.610698929164266,27.009715152594577
8isl,set2,49,2021,16.684238738134276,1.1371759445079819,10.017951393064076
8isl,set2,49,2022,26.718747908446254,1.547771543193786,10.288240003430268
8isl,set2,49,2023,16.63077466781946,1.1465183333555167,8.487480246931431
8isl,set2,49,2024,-6.869395499029659,-0.5706174332543447,12.802623780393004
8isl,set2,49,2022-24,41.60014515618332,0.9413701535851593,10.288240003430268
8isl,set2,49,2020-24,73.15422051861462,0.8150600833035212,27.009715152594577
8isl,set2,50,2020,11.737498313344917,0.49203392763930864,14.960685498859222
8isl,set2,50,2021,-8.356355757029709,-0.5970478330462342,20.273524969550866
8isl,set2,50,2022,26.070525252583245,1.5431399368853866,14.468325880835536
8isl,set2,50,2023,17.04127363038082,1.22353250378462,10.481355790647843
8isl,set2,50,2024,11.292076655838525,1.09259950379358,5.446684251543867
8isl,set2,50,2022-24,55.76056672884587,1.3343020965692836,14.468325880835536
8isl,set2,50,2020-24,69.14892736278615,0.8434012188310354,18.81898463320507
8isl,set2,51,2020,-3.046232687790651,-0.11396743319091096,35.52174727113625
8isl,set2,51,2021,-8.67576286430421,-0.607879914626617,17.668683449442252
8isl,set2,51,2022,2.4718426425485154,0.15720792633290193,27.56713114619828
8isl,set2,51,2023,-4.453076325538569,-0.33448799979558175,10.785083817441526
8isl,set2,51,2024,10.19640557501535,0.9185919960144958,4.317902822830454
8isl,set2,51,2022-24,13.282258260180651,0.3241224047340964,27.56713114619828
8isl,set2,51,2020-24,-1.4299552723959934,-0.01670103368441904,44.675908676934114
8isl,set3,48,2020,20.448767965804734,0.7134465690603873,15.999838741632033
8isl,set3,48,2021,8.914854343881979,0.6945704192889154,10.488109490995996
8isl,set3,48,2022,12.949468274533052,0.8041847898110871,15.391457443179032
8isl,set3,48,2023,12.093311716815306,0.943863888527639,9.184382484858173
8isl,set3,48,2024,-20.505573529014217,-1.4188656103329136,26.717607944654258
8isl,set3,48,2022-24,11.564281950860398,0.26970632820592955,19.855096187933267
8isl,set3,48,2020-24,30.811996636655536,0.3438015272849634,19.038784946253205
8isl,set3,49,2020,58.70852981173802,2.116270823416281,27.492136770437455
8isl,set3,49,2021,1.7344555315012313,0.10994112841771904,10.907673692115981
8isl,set3,49,2022,17.133728831741923,0.9525299575160243,17.636688921616585
8isl,set3,49,2023,1.0454691261059508,0.07423606264444017,13.355738421266771
8isl,set3,49,2024,-10.264130106775543,-0.6550623178055502,19.132706079590076
8isl,set3,49,2022-24,16.697480912526455,0.3503035133398064,17.636688921616585
8isl,set3,49,2020-24,87.62927846661532,0.9277325096675773,27.492136770437455
8isl,set3,50,2020,23.410838324139096,1.0354980176553525,14.708054808237863
8isl,set3,50,2021,-0.2323242033685312,-0.01637857979114406,12.470045277269884
8isl,set3,50,2022,-11.4875251655213,-0.7802709750586098,15.408605805535544
8isl,set3,50,2023,15.980964286000768,1.1480914290724265,8.045953744837078
8isl,set3,50,2024,-8.75731440343225,-0.6008777407299429,13.702906390452995
8isl,set3,50,2022-24,-0.5080294251074002,-0.011802904474134169,15.408605805535544
8isl,set3,50,2020-24,23.83265375282563,0.2867721450625147,23.287168491401385
8isl,set3,51,2020,32.94639039639643,1.0046943054768263,18.649748821988826
8isl,set3,51,2021,2.0169138203678227,0.11595105155795628,11.730509397384372
8isl,set3,51,2022,-0.7770767155211664,-0.03528440176422798,24.943938783703903
8isl,set3,51,2023,3.6685990053533195,0.25768628836494945,9.996098644714621
8isl,set3,51,2024,-19.855162598851045,-1.2855296274246428,24.299173947483325
8isl,set3,51,2022-24,-10.962655958025335,-0.2060831281524449,24.943938783703903
8isl,set3,51,2020-24,24.401051628939534,0.22655463805077963,20.541878336100307
8isl,set4,48,2020,4.123124882428112,0.2162490236283684,21.386096977482424
8isl,set4,48,2021,11.218587957234787,0.8701694429815043,11.370716401800216
8isl,set4,48,2022,19.006180114521946,1.3836576940912002,12.751718949928195
8isl,set4,48,2023,24.028918119570765,2.019039851887625,5.187031267901882
8isl,set4,48,2024,-6.546382966468643,-0.6331724939914383,14.926335895792157
8isl,set4,48,2022-24,40.45211327805759,1.109066424825471,12.751718949928195
8isl,set4,48,2020-24,55.83937080803595,0.8072192729247076,21.386096977482424
8isl,set4,49,2020,5.416960712235549,0.20516841273648712,25.296685712941326
8isl,set4,49,2021,7.051057480605018,0.5611737154671326,15.105887981547495
8isl,set4,49,2022,-12.23479023898584,-0.9940165173320028,18.13397048974666
8isl,set4,49,2023,20.651886839008974,1.7136414252463623,11.660001316202914
8isl,set4,49,2024,5.5058960022914185,0.489457151860298,9.913344029513805
8isl,set4,49,2022-24,16.195291811353115,0.45370928346647754,25.790237261905396
8isl,set4,49,2020-24,28.0448411372214,0.35088484929384284,31.801771410458322
8isl,set4,50,2020,19.79416314579575,0.896922229501196,13.88542979705701
8isl,set4,50,2021,25.134907491827423,2.063447444112719,4.301510859771196
8isl,set4,50,2022,3.3790950729721416,0.2224934563899294,10.77942490602247
8isl,set4,50,2023,42.93837061585691,3.196950069226851,4.928502167101225
8isl,set4,50,2024,5.005306730877686,0.43479364575332946,8.81462836285399
8isl,set4,50,2022-24,60.19628472461629,1.384499519089443,10.77942490602247
8isl,set4,50,2020-24,115.69597338598776,1.4438251184710216,13.88542979705701
8isl,set4,51,2020,6.683387125014276,0.31073949552159924,17.602392115050257
8isl,set4,51,2021,11.542950471369524,1.000894491356022,7.611855185294641
8isl,set4,51,2022,1.4106082013034305,0.10651382040978799,9.685311306879031
8isl,set4,51,2023,26.268266557359077,2.286877406151022,6.716686561606224
8isl,set4,51,2024,9.246083292313626,0.7734864501348641,11.947239842186075
8isl,set4,51,2022-24,41.505891287958846,1.142535204803172,9.685311306879031
8isl,set4,51,2020-24,61.02599374725928,0.8358569721023265,17.602392115050257
40isl,set1,42,2020,-4.626161705252751,-0.19998690271785408,21.539550523171176
40isl,set1,42,2021,13.558358645351131,1.0469286953506536,10.685617780760309
40isl,set1,42,2022,27.161268498622178,1.4558006286792413,10.110697565385982
40isl,set1,42,2023,9.15805181976484,0.7084060188305179,5.968321368291705
40isl,set1,42,2024,10.400030601784623,0.7921683598953374,10.206144018781186
40isl,set1,42,2022-24,44.148379641176994,0.9753215656182163,10.110697565385982
40isl,set1,42,2020-24,52.919647313560034,0.6352522443258913,21.539550523171176
40isl,set1,43,2020,-8.207042300348885,-0.4030233734049599,20.191883038182905
40isl,set1,43,2021,36.438733188943885,2.6941707666356267,6.217711002064214
40isl,set1,43,2022,34.16232671570482,1.6719941639104703,13.155279569231288
40isl,set1,43,2023,5.280556431231689,0.39479118977905964,7.245566385644456
40isl,set1,43,2024,-1.4860196805804136,-0.10884912690018125,11.795217692154427
40isl,set1,43,2022-24,38.267498974619514,0.7858566194524238,13.155279569231288
40isl,set1,43,2020-24,56.41656383775254,0.6828194512479608,20.191883038182905
40isl,set1,44,2020,15.428940872155753,0.7485004486360051,13.245473824542001
40isl,set1,44,2021,9.306765908831455,0.7491012103327076,7.619143835586427
40isl,set1,44,2022,21.39231839945061,1.2435041412387933,13.059300445191232
40isl,set1,44,2023,5.360042503421825,0.3925625722009011,9.457490910544623
40isl,set1,44,2024,4.230059688659935,0.2727769357423869,12.709103359444422
40isl,set1,44,2022-24,28.911981066970355,0.6172813884859564,13.059300445191232
40isl,set1,44,2020-24,64.09970290337145,0.794522959195354,13.245473824542001
40isl,set1,45,2020,14.91481879512534,0.7115444553230015,16.66888994693662
40isl,set1,45,2021,15.706602232000513,1.0913005005318583,8.932453390316008
40isl,set1,45,2022,22.8058661126114,1.3933187460265724,12.199145905843116
40isl,set1,45,2023,15.134815862371772,1.0975174620105583,10.93109729767492
40isl,set1,45,2024,2.8349004825603443,0.21888672272694082,9.144452630473065
40isl,set1,45,2022-24,45.43937037787192,1.0347139064675956,12.199145905843116
40isl,set1,45,2020-24,76.37926948637319,0.9431676926971468,16.66888994693662
40isl,set1,46,2020,3.9328861791081824,0.18381179076361465,21.285175881212144
40isl,set1,46,2021,18.594958048685974,1.2259252907187692,7.6490663482185095
40isl,set1,46,2022,34.30909435060463,2.066325408868036,7.834698609947749
40isl,set1,46,2023,3.1025253863814757,0.23525274379089273,11.079807415712772
40isl,set1,46,2024,-11.805029298886923,-0.8443989144083502,20.612732891647887
40isl,set1,46,2022-24,27.8900307222082,0.6335021247408745,12.945228921108887
40isl,set1,46,2020-24,49.594065857330406,0.6141232395340172,21.285175881212144
40isl,set1,47,2020,-10.132906179821706,-0.42934168276932677,32.354813286305784
40isl,set1,47,2021,22.360188447589323,1.7566713503113667,4.66297116803853
40isl,set1,47,2022,20.02148866466434,1.1300874051060166,13.518529047532654
40isl,set1,47,2023,8.655473564923744,0.7206774616438568,7.316386002025142
40isl,set1,47,2024,-0.851456771448441,-0.0625507887195369,9.863489258668706
40isl,set1,47,2022-24,29.008714591886154,0.6620047149082505,13.518529047532654
40isl,set1,47,2020-24,48.22980928181978,0.5887562848341676,32.354813286305784
40isl,set1,48,2020,-12.429470246206286,-0.562301831674258,23.13142276909624
40isl,set1,48,2021,15.766737173524806,1.2261895865381247,11.175713973554108
40isl,set1,48,2022,16.47227373213731,0.9580148845255206,11.965790539910959
40isl,set1,48,2023,5.477560007140031,0.3793876319811114,11.432210503437204
40isl,set1,48,2024,5.081103358876995,0.35656604646751444,8.985759003656407
40isl,set1,48,2022-24,27.210118508510046,0.5956354879871296,11.965790539910959
40isl,set1,48,2020-24,29.655018308382264,0.36561207922363237,23.13142276909624
40isl,set1,49,2020,5.168503053334612,0.1829995357556176,34.435195357928265
40isl,set1,49,2021,24.198124127573315,1.975784808645348,4.890414723050129
40isl,set1,49,2022,15.651649407557283,1.0631286257844128,11.825917120529205
40isl,set1,49,2023,1.442969644821052,0.11849912780611101,11.593775317264226
40isl,set1,49,2024,-2.8938604562306955,-0.24012741880666846,14.039337641428219
40isl,set1,49,2022-24,11.662488588929431,0.2921772959494809,15.404849356870539
40isl,set1,49,2020-24,52.16803608448958,0.5983812125709556,34.435195357928265
40isl,set1,50,2020,19.548639653345646,0.7276986729908782,28.281792709042147
40isl,set1,50,2021,26.736633743151117,2.232466788895764,5.102387946504094
40isl,set1,50,2022,15.134366471648777,0.8954546004938444,14.52996420213629
40isl,set1,50,2023,11.170160508330822,0.8010506949966449,10.634644468739946
40isl,set1,50,2024,-11.772070042238875,-0.9318570759430682,14.438694661002835
40isl,set1,50,2022-24,10.621479089184206,0.2475781745885505,14.52996420213629
40isl,set1,50,2020-24,59.09262500829254,0.6863876615545917,28.281792709042147
40isl,set1,51,2020,1.289739896957497,0.06324149268435861,19.30695758365931
40isl,set1,51,2021,25.11408282948424,1.8100525579916915,6.859457265758964
40isl,set1,51,2022,10.333725530087184,0.5728039606702299,14.525207650290605
40isl,set1,51,2023,6.481310020723997,0.5593761089349029,8.07770931120526
40isl,set1,51,2024,-9.713644350765387,-0.7696455208037453,12.516153670221222
40isl,set1,51,2022-24,10.21600350533087,0.23417152760975884,14.525207650290605
40isl,set1,51,2020-24,35.041848448806604,0.44805711290964606,19.30695758365931
40isl,set2,42,2020,24.223875607270465,0.9871062832442137,28.58954398591347
40isl,set2,42,2021,-4.928275619121114,-0.34583750696361804,20.48997872849135
40isl,set2,42,2022,5.71152383172767,0.34863986445247547,16.282216755857704
40isl,set2,42,2023,8.256009666110327,0.614777006839103,10.019078619837336
40isl,set2,42,2024,13.226861924164563,1.1746418471649411,5.374659975779168
40isl,set2,42,2022-24,26.41043362628465,0.628750726600959,16.282216755857704
40isl,set2,42,2020-24,54.89990874227002,0.6599884488820484,28.58954398591347
40isl,set2,43,2020,19.473312639204508,0.7192032435832955,28.69351359932369
40isl,set2,43,2021,23.41725350057665,1.657665313855256,11.324581621391017
40isl,set2,43,2022,14.909669646718315,0.9105605122479961,10.98198425464075
40isl,set2,43,2023,11.499283847173873,0.8132419543269093,13.84795044351019
40isl,set2,43,2024,13.589551927531717,1.175597621016344,8.05581376620183
40isl,set2,43,2022-24,38.77005194369573,0.9113776255871451,15.310612355771768
40isl,set2,43,2020-24,80.35903788678192,0.9169223820172737,28.69351359932369
40isl,set2,44,2020,18.312377058058225,0.6857839885143987,22.80001414630575
40isl,set2,44,2021,12.445896317084836,0.8881809502715998,13.61312215454242
40isl,set2,44,2022,16.754710352851664,1.0409295184436758,12.113810367674136
40isl,set2,44,2023,0.051178005053896955,0.0034927369908129132,9.093288457269603
40isl,set2,44,2024,3.903644510068237,0.3397488004119426,6.580627804290779
40isl,set2,44,2022-24,24.615944637077636,0.5793070196758596,12.113810367674136
40isl,set2,44,2020-24,53.30806643152811,0.6138757365439136,22.80001414630575
40isl,set2,45,2020,10.941474419502544,0.3778762160001003,28.680246001649618
40isl,set2,45,2021,25.385783212281726,1.7127825678127235,8.997102730523867
40isl,set2,45,2022,-3.128833473438691,-0.19154566981803695,22.10358120856619
40isl,set2,45,2023,10.106324161415337,0.7488682210153943,10.543339006376899
40isl,set2,45,2024,8.681224742076033,0.8300906592636746,6.147672780022016
40isl,set2,45,2022-24,20.9905673136887,0.5146558286133176,22.10358120856619
40isl,set2,45,2020-24,63.823697316885976,0.7105057589017434,28.680246001649618
40isl,set2,46,2020,24.438083595992875,0.7681701447765598,28.55389051870371
40isl,set2,46,2021,11.419728516553374,0.8979990706373429,11.160613189859845
40isl,set2,46,2022,13.670964319172166,0.9393060118291907,10.525585610210934
40isl,set2,46,2023,9.957974506057548,0.7209871646636478,8.765675881450258
40isl,set2,46,2024,11.368756410542032,1.0842923988976139,7.904541151053779
40isl,set2,46,2022-24,41.42604208728541,1.056136429237104,10.525585610210934
40isl,set2,46,2020-24,76.33045559013479,0.8303355239264059,28.55389051870371
40isl,set2,47,2020,-2.7260952536492864,-0.09801876256674248,29.565385008642725
40isl,set2,47,2021,10.430468740101276,0.6989822838243757,10.066812799078388
40isl,set2,47,2022,13.447542080581638,0.7639567429324962,18.969116756675746
40isl,set2,47,2023,16.432543199952867,1.3181417068758328,7.8028185694440895
40isl,set2,47,2024,29.50190239181158,2.836958147796529,4.5283345529097
40isl,set2,47,2022-24,66.02694218542969,1.5941343935098702,18.969116756675746
40isl,set2,47,2020-24,76.38078974095158,0.8628828399334562,29.565385008642725
40isl,set2,48,2020,2.7180269102893333,0.1138251986911497,18.282292621794287
40isl,set2,48,2021,14.130785901543714,0.9630023698602547,11.806374475836892
40isl,set2,48,2022,11.973321241369224,0.7527185332737705,12.498438197943017
40isl,set2,48,2023,-2.11513240707343,-0.1516545653821075,19.501884231634186
40isl,set2,48,2024,23.544640959432588,2.2441503236782303,4.846899926239657
40isl,set2,48,2022-24,35.49120231858895,0.8634779327749084,18.226656695684444
40isl,set2,48,2020-24,47.636903880106566,0.5749065415331497,18.282292621794287
40isl,set2,49,2020,21.614507295654438,0.7574465980818172,34.68832594547251
40isl,set2,49,2021,23.155101735718365,1.6691511239713437,8.954048563031563
40isl,set2,49,2022,26.95495843934569,1.6889447452288977,12.415516811760057
40isl,set2,49,2023,2.1036764457521087,0.15458729923050296,15.691257172382244
40isl,set2,49,2024,11.780680220145506,0.9564260353038673,5.940793158957188
40isl,set2,49,2022-24,42.63009462567245,1.0044274909957422,13.977159246860602
40isl,set2,49,2020-24,83.33336382318802,0.9307667416183233,34.68832594547251
40isl,set2,50,2020,2.210583149899631,0.07813863706886837,37.055789362160375
40isl,set2,50,2021,33.45204136822804,2.349300120753277,8.894999300474804
40isl,set2,50,2022,10.363655064988539,0.6792467325621292,10.664932148891118
40isl,set2,50,2023,3.335496508477695,0.2788937332956515,9.226934112355195
40isl,set2,50,2024,29.443619578803755,2.720514806537971,5.408651096044822
40isl,set2,50,2022-24,45.97380807361679,1.1881336463179861,10.664932148891118
40isl,set2,50,2020-24,80.8097840269718,0.9323711426776085,37.055789362160375
40isl,set2,51,2020,23.32297651819243,0.9571384783816681,29.17483626442076
40isl,set2,51,2021,22.86547625620593,1.5391361481053503,12.735078620665616
40isl,set2,51,2022,8.558977432787204,0.5318334904332397,18.63089618753756
40isl,set2,51,2023,3.0060204000730524,0.229820100159348,7.567049981600546
40isl,set2,51,2024,20.427055664554945,1.734419204351692,5.611956492596209
40isl,set2,51,2022-24,37.58597759786211,0.9077734165260715,18.63089618753756
40isl,set2,51,2020-24,81.30327865377429,0.9796213331954747,29.17483626442076
40isl,set3,42,2020,23.24241008545552,1.1011041713490106,17.49550502591731
40isl,set3,42,2021,20.665221736238827,1.5252318768114932,7.411343068638292
40isl,set3,42,2022,17.08997433246929,1.0729642929369168,18.54267379765482
40isl,set3,42,2023,21.93806412435981,1.4659963776555416,10.262579382824986
40isl,set3,42,2024,-9.341746449143647,-0.6281351311208359,12.352298991909914
40isl,set3,42,2022-24,23.727837379719542,0.5105759816346065,18.54267379765482
40isl,set3,42,2020-24,78.83653069495297,0.8837500329431528,18.573757913889644
40isl,set3,43,2020,36.979049181465534,1.462442594573466,21.95078365676045
40isl,set3,43,2021,22.851181200557562,1.5122578411497107,5.965659152563971
40isl,set3,43,2022,-1.9668870017276574,-0.12441759756438951,25.892866819446148
40isl,set3,43,2023,36.94868504903782,2.6321713862716813,6.201860632884084
40isl,set3,43,2024,-7.2171410994607195,-0.4978799977164494,8.516791077539281
40isl,set3,43,2022-24,21.494254981297324,0.4913912495769223,25.892866819446148
40isl,set3,43,2020-24,80.39575808236742,0.9426516408119392,21.95078365676045
40isl,set3,44,2020,44.53323330351739,1.6639493527822036,19.246075592166946
40isl,set3,44,2021,3.4683476950303938,0.25229877138266854,10.603465851580715
40isl,set3,44,2022,8.561018230534014,0.4975855977899341,23.127959658500526
40isl,set3,44,2023,13.593319886842565,1.0664252905060843,10.180175361658996
40isl,set3,44,2024,-23.99042957608181,-1.618343180725564,24.99820208284123
40isl,set3,44,2022-24,-1.7137370553325166,-0.03835775653392437,24.5343075083833
40isl,set3,44,2020-24,46.88712175677562,0.5333106891294359,19.246075592166946
40isl,set3,45,2020,24.31187419560933,1.0590399687426055,17.21139324985121
40isl,set3,45,2021,5.27590364812462,0.3311797028575582,12.60849229173606
40isl,set3,45,2022,-11.642537129768103,-0.6673057487569966,29.37059869710839
40isl,set3,45,2023,20.571726039347332,1.7206033269414263,4.769092807416942
40isl,set3,45,2024,5.036603113675575,0.3629410417583397,9.099996674626826
40isl,set3,45,2022-24,15.07025004809363,0.34345618320388444,29.37059869710839
40isl,set3,45,2020-24,46.330646697806884,0.558689574474886,26.04608390348499
40isl,set3,46,2020,31.470488766052135,1.4618442904450855,11.772901898672416
40isl,set3,46,2021,21.425917399556567,1.7101843976774949,5.853220884163344
40isl,set3,46,2022,1.2221975616585625,0.06488531762695757,24.10632789608999
40isl,set3,46,2023,23.41507608215911,1.6348067239823445,8.924384795031164
40isl,set3,46,2024,1.2730987478062377,0.08220173991612549,10.459378374573774
40isl,set3,46,2022-24,48.525415187130044,0.8819769497557237,24.10632789608999
40isl,set3,46,2020-24,116.06701952470684,1.2650684222378417,11.90948000837007
40isl,set3,47,2020,28.783184262824896,1.1819349956034264,21.21421935416856
40isl,set3,47,2021,16.08580261254137,1.1674017612717096,7.9189140928479285
40isl,set3,47,2022,15.270885100258342,0.7109699428708017,24.043552994513288
40isl,set3,47,2023,28.107411747197375,2.0771327658871077,6.359835442649938
40isl,set3,47,2024,-17.207054504576686,-1.0945666821084457,17.20705450457669
40isl,set3,47,2022-24,31.659452237257213,0.6147785430343137,24.043552994513288
40isl,set3,47,2020-24,73.64970081217777,0.8086908827929421,21.21421935416856
40isl,set3,48,2020,36.750239117074265,1.4765416461446588,15.903160431695904
40isl,set3,48,2021,27.7795564306273,1.9168372367312478,6.837919767939366
40isl,set3,48,2022,1.9371865056122946,0.09735848349172281,30.63158598089127
40isl,set3,48,2023,14.040202001707133,1.0477926310563745,7.104188340346976
40isl,set3,48,2024,-15.294404131307369,-0.9335429107053682,19.30835397173476
40isl,set3,48,2022-24,2.1363151841380423,0.04238649495606481,30.63158598089127
40isl,set3,48,2020-24,69.15518080938263,0.7558037061848467,17.845994188766163
40isl,set3,49,2020,34.05757714504741,1.3464929097535843,19.588292643045147
40isl,set3,49,2021,12.99834516162473,0.9786082168531303,7.0971630806974755
40isl,set3,49,2022,15.915827856762016,0.8965934397718693,26.786555332149693
40isl,set3,49,2023,21.89349916819861,1.701234880052801,8.521739696018399
40isl,set3,49,2024,-15.596947715179747,-1.19212673535716,15.784563780400035
40isl,set3,49,2022-24,30.080363220050355,0.6898519618100533,26.786555332149693
40isl,set3,49,2020-24,71.88380186844083,0.8168158440117786,22.70279718473247
40isl,set3,50,2020,61.89569672175929,2.5645734220718057,13.886496447849511
40isl,set3,50,2021,26.436574022104793,1.9926604820451126,5.1231797872639335
40isl,set3,50,2022,11.80671460268233,0.6200625892017647,29.201259857067818
40isl,set3,50,2023,19.66527446662418,1.4094615874827685,7.844370765375517
40isl,set3,50,2024,-13.48126685682194,-0.8034985361637327,15.874273772715686
40isl,set3,50,2022-24,19.721339587715946,0.39418800929471565,29.201259857067818
40isl,set3,50,2020-24,105.03028281980342,1.1763477980868629,15.287486941175175
40isl,set3,51,2020,22.163008026443297,0.8121828989216484,20.062775189562657
40isl,set3,51,2021,14.24399734945488,0.919706658849385,7.65321652040039
40isl,set3,51,2022,13.764968063134441,0.6922973590225973,25.657708785758405
40isl,set3,51,2023,12.504676822267133,0.9133449257048021,9.41974233804119
40isl,set3,51,2024,-15.557537142813576,-1.0285049709408092,16.984789165726262
40isl,set3,51,2022-24,15.26798807239231,0.3113898537475531,25.657708785758405
40isl,set3,51,2020-24,42.47894439501956,0.45518296130921354,25.16042292614144
40isl,set4,42,2020,-6.233328142861602,-0.26245412670613666,20.26073004253193
40isl,set4,42,2021,15.151865506121787,1.1178006567822505,10.952850073694767
40isl,set4,42,2022,10.484252430518232,0.7032853727154708,10.197698946505488
40isl,set4,42,2023,29.191713517663565,2.5681853546139446,5.1553423525417825
40isl,set4,42,2024,4.672268297464153,0.49957246048702647,7.222596229057474
40isl,set4,42,2022-24,50.628868653645554,1.4064663186408901,10.197698946505488
40isl,set4,42,2020-24,46.19720679335237,0.5967013993852347,23.477776222742616
40isl,set4,43,2020,6.56070525120664,0.26653869486438475,19.00687757977181
40isl,set4,43,2021,18.653116669042223,1.5328255130577606,6.429489636013084
40isl,set4,43,2022,17.220278729706543,1.2092086831728395,6.0759044196634004
40isl,set4,43,2023,28.40496996040523,2.344449317536664,4.349259687823579
40isl,set4,43,2024,9.25398539752152,0.8442959952004949,13.106140898450153
40isl,set4,43,2022-24,65.65990090988888,1.7187366664060382,6.0759044196634004
40isl,set4,43,2020-24,84.77242046558014,1.0801824793203767,19.00687757977181
40isl,set4,44,2020,1.2295645604135086,0.04724217944646239,18.889937087170537
40isl,set4,44,2021,9.627356615642482,0.6967851633869047,12.685233703826903
40isl,set4,44,2022,1.0947277619487215,0.07637613294335699,13.212266281440407
40isl,set4,44,2023,18.670206389455455,1.5978280189258074,7.943534974812608
40isl,set4,44,2024,19.489281316915605,1.829673416666832,7.518552449530164
40isl,set4,44,2022-24,50.41902140639102,1.3514062747858668,13.212266281440407
40isl,set4,44,2020-24,52.62880706522757,0.6312727974533339,21.729153756443402
40isl,set4,45,2020,11.220819292466851,0.4743291508671985,11.21059188873234
40isl,set4,45,2021,-1.3058393213650428,-0.09820773045468413,17.291437721620866
40isl,set4,45,2022,5.220436266506265,0.3447968487985755,9.931772393132665
40isl,set4,45,2023,26.361975691573193,2.0177816746831185,6.1473158570244255
40isl,set4,45,2024,13.472095826633494,1.284109839642854,7.492169468506872
40isl,set4,45,2022-24,59.23387364894109,1.5131710215850265,9.931772393132665
40isl,set4,45,2020-24,60.89950438758136,0.7547019238939975,25.32880648757412
40isl,set4,46,2020,-5.551096710763834,-0.2053464492813062,21.77798107648983
40isl,set4,46,2021,15.433140691319599,1.3032490661401623,9.395854624906729
40isl,set4,46,2022,12.360299880566345,0.8080659846045265,9.52343542741146
40isl,set4,46,2023,16.079315774092496,1.3439879035333875,4.598775211290124
40isl,set4,46,2024,3.214138815922554,0.3176576034906774,10.03619895743901
40isl,set4,46,2022-24,33.47904225867788,0.8815183187707306,9.52343542741146
40isl,set4,46,2020-24,20.345850452061168,0.24199376579711462,24.335121202366693
40isl,set4,47,2020,-24.36795417566965,-0.9227731402285163,32.658432057899255
40isl,set4,47,2021,23.314085655757346,1.9761129921300034,6.309551828076257
40isl,set4,47,2022,8.960910186453608,0.6709989378930956,11.913781024592486
40isl,set4,47,2023,26.828330786704335,2.36373049564644,4.032311546449405
40isl,set4,47,2024,4.151028957657134,0.4120651769488875,12.668218500412944
40isl,set4,47,2022-24,45.37966591674176,1.293241877150871,11.913781024592486
40isl,set4,47,2020-24,44.14804536841711,0.5550414952235136,32.658432057899255
40isl,set4,48,2020,3.3745669397699642,0.13746324102149562,25.252314853431134
40isl,set4,48,2021,18.715594253188414,1.585278594021931,7.879319295257635
40isl,set4,48,2022,12.351639878070356,1.0224218381601025,6.699514913712247
40isl,set4,48,2023,21.262497093983825,1.8387721535048531,7.725641370411199
40isl,set4,48,2024,14.361131628953988,1.290919853905789,7.821952751026686
40isl,set4,48,2022-24,56.72557584875021,1.600492094457648,6.699514913712247
40isl,set4,48,2020-24,61.14555109607325,0.7747653006547461,25.252314853431134
40isl,set4,49,2020,-2.988261921215286,-0.12915253905437504,23.26817154651688
40isl,set4,49,2021,18.33639109467503,1.5048760768081715,7.683485433503535
40isl,set4,49,2022,5.2364985154592,0.3923429101171733,12.336446009872398
40isl,set4,49,2023,27.76472584449036,2.4000112121807855,5.179064732307507
40isl,set4,49,2024,6.852134678197301,0.6748432622631704,8.02775482381319
40isl,set4,49,2022-24,48.571921624501186,1.364071597171957,12.336446009872398
40isl,set4,49,2020-24,57.63399186050552,0.7561461434517287,23.26817154651688
40isl,set4,50,2020,-2.132003307768744,-0.08845187985584187,20.2628660775042
40isl,set4,50,2021,18.206759661856807,1.3901966631205538,8.280420906637428
40isl,set4,50,2022,5.4341149484259725,0.3872596515615429,9.472525631870777
40isl,set4,50,2023,18.190500878934582,1.6563845440743188,4.892238436083531
40isl,set4,50,2024,15.309021375185585,1.4603272194773738,6.052944347679102
40isl,set4,50,2022-24,37.392996553332175,1.0391873797235507,9.472525631870777
40isl,set4,50,2020-24,43.86167038521665,0.5723621647395033,20.2628660775042
40isl,set4,51,2020,8.62279164280936,0.32309617834898025,22.77735556899724
40isl,set4,51,2021,13.795163174468067,1.044095454809877,9.794625500568447
40isl,set4,51,2022,13.451675940640017,1.0164136184246846,8.93967115097053
40isl,set4,51,2023,23.175679359362295,1.7903170779810536,6.401835840195118
40isl,set4,51,2024,6.741775601490005,0.6023925292844706,8.48402848601118
40isl,set4,51,2022-24,49.46462360552238,1.3295562170721829,8.93967115097053
40isl,set4,51,2020-24,66.71665559477168,0.8069425148913829,22.77735556899724
