arm,panel,seed,window,book,net_pct,sharpe,mdd_pct,turnover,cost_pct
onenas_8isl,set1,42,2022-24,sleeves_reg,29.226204057079176,0.8250707530003915,10.187763142659252,0.12282234139343232,2.8748160428786864
onenas_8isl,set1,42,2022-24,banded25,60.37380323531277,1.336587729510065,9.359361985029956,0.0943521796174179,2.430012703923909
onenas_8isl,set1,42,2020-24,sleeves_reg,12.644238139197975,0.18063148616742702,44.82040490026658,0.12172935380401677,5.685791526244317
onenas_8isl,set1,42,2020-24,banded25,35.02938077614206,0.4049674711859103,51.26472890914528,0.09151495586255166,4.703576088459894
onenas_8isl,set1,43,2022-24,sleeves_reg,21.513037009785858,0.6690308085914215,8.32707444975157,0.10564394606739551,2.4343027206992636
onenas_8isl,set1,43,2022-24,banded25,31.29768643611783,0.7971915781294507,8.826516128456774,0.05625136557925215,1.280307970950643
onenas_8isl,set1,43,2020-24,sleeves_reg,42.31913707124807,0.6524506254430926,31.127330098633866,0.10741659724270677,4.929335845128287
onenas_8isl,set1,43,2020-24,banded25,63.63765390833943,0.777717795674393,27.982354919663393,0.06187010864844716,3.0739049696759895
onenas_8isl,set1,44,2022-24,sleeves_reg,8.873065154774627,0.24849021302052765,12.006916801631787,0.13530090255225488,3.084958030875945
onenas_8isl,set1,44,2022-24,banded25,4.2612477715970245,0.09258636501713935,17.68415355252715,0.13507844010016049,2.9480155080819186
onenas_8isl,set1,44,2020-24,sleeves_reg,10.14842568368369,0.1422574573273912,37.3448257143728,0.13381600155061682,6.104492474105402
onenas_8isl,set1,44,2020-24,banded25,3.5994930432399106,0.039543771776542516,33.57566642299169,0.1492663444790583,7.204914241880877
onenas_8isl,set2,42,2022-24,sleeves_reg,30.26820364721654,1.112860494902052,10.83393480954315,0.1368925479518591,3.698167111894565
onenas_8isl,set2,42,2022-24,banded25,24.909784301015613,0.6007136835989139,18.149290453255244,0.23175768788438397,7.483938855986263
onenas_8isl,set2,42,2020-24,sleeves_reg,61.97835697297158,0.7840841740212972,24.33918905729672,0.1359713460186585,6.971698763945992
onenas_8isl,set2,42,2020-24,banded25,54.617662832615956,0.5253673471006627,31.54050492479411,0.20607416095675465,11.978339176627111
onenas_8isl,set2,43,2022-24,sleeves_reg,28.437355904781896,0.9627666417047279,12.024898341662348,0.13294029763743845,3.4377100037801736
onenas_8isl,set2,43,2022-24,banded25,65.2550029504489,1.5880014656009163,11.712376504675257,0.15288626459678376,4.15528868137386
onenas_8isl,set2,43,2020-24,sleeves_reg,40.195272991554525,0.6889347227862428,15.04115161180227,0.13535676807130162,6.806623956723768
onenas_8isl,set2,43,2020-24,banded25,52.91378894317174,0.627360003357066,36.91407084485556,0.16437736589483806,8.906360382624197
onenas_8isl,set2,44,2022-24,sleeves_reg,34.85203636154537,1.15695617307268,13.248939379388416,0.13432279080138593,3.4713096477998233
onenas_8isl,set2,44,2022-24,banded25,41.807264697262056,0.9617984180134135,20.24544273326492,0.14548830358899695,4.153866289102743
onenas_8isl,set2,44,2020-24,sleeves_reg,64.00446722187415,0.9428459057027718,25.787960659549846,0.13488402858341597,6.690114531746097
onenas_8isl,set2,44,2020-24,banded25,98.6161851419122,1.1257699747967385,19.082963970925782,0.15305066265625059,8.208601899704794
onenas_8isl,set3,42,2022-24,sleeves_reg,16.796217194276885,0.4589096129481051,18.958713389563375,0.10655432058240497,2.532381415944084
onenas_8isl,set3,42,2022-24,banded25,13.826618919230363,0.2986250380481487,19.69816699815824,0.052396677595415574,1.2708695785236472
onenas_8isl,set3,42,2020-24,sleeves_reg,50.17172159292947,0.7259582340656666,19.248619634796878,0.10955191764730164,5.1260769620405755
onenas_8isl,set3,42,2020-24,banded25,55.62496785591272,0.6438821340739613,19.84694777312789,0.06048738153480092,3.1081419354926134
onenas_8isl,set3,43,2022-24,sleeves_reg,11.276238304090711,0.3484228558538572,9.574916354493803,0.1431143041032506,3.3938201494881937
onenas_8isl,set3,43,2022-24,banded25,6.466691581899962,0.15153502143955383,12.1323932040636,0.11359730618579608,2.7455681280761923
onenas_8isl,set3,43,2020-24,sleeves_reg,28.268446710117175,0.413712082417294,15.942078213974394,0.14156776635765045,6.427128680186479
onenas_8isl,set3,43,2020-24,banded25,29.85874986305736,0.3502359025585192,20.329246896143466,0.10653597558518245,4.82924773646885
onenas_8isl,set3,44,2022-24,sleeves_reg,17.01924971868758,0.41736172185622167,12.349898388421947,0.1267557362540046,2.9166303454730564
onenas_8isl,set3,44,2022-24,banded25,15.169966045278274,0.3038443546102545,19.72814061061678,0.12405650875251052,2.8239186280116644
onenas_8isl,set3,44,2020-24,sleeves_reg,23.82276294580145,0.3138444671972699,27.698016091390187,0.1287289069246844,5.843291332981478
onenas_8isl,set3,44,2020-24,banded25,36.87744296723088,0.37786479141560547,27.562864191144133,0.13054032398601847,6.079318676931226
onenas_8isl,set4,42,2022-24,sleeves_reg,48.42977116828417,1.70287896458387,6.784014295252751,0.11773124252269497,2.7602272574781406
onenas_8isl,set4,42,2022-24,banded25,58.2213304171281,1.5760354907295917,8.919330545748979,0.09164871564078171,2.119982827267502
onenas_8isl,set4,42,2020-24,sleeves_reg,74.40130137353083,1.334083514115531,11.222436590006883,0.11981483217120309,5.47237920766185
onenas_8isl,set4,42,2020-24,banded25,97.87871150835211,1.2765450914369008,9.485629206885825,0.09827322457810611,5.016569177260932
onenas_8isl,set4,43,2022-24,sleeves_reg,13.752832784202493,0.6048151801423034,8.754291771529752,0.14704922450379837,3.4689902204399825
onenas_8isl,set4,43,2022-24,banded25,47.45138873148828,1.2585030335074723,7.85666645513685,0.2820819842627398,7.027747407163585
onenas_8isl,set4,43,2020-24,sleeves_reg,27.371689052980386,0.48855029083933993,18.55463693330065,0.13978364068538882,6.341705071999366
onenas_8isl,set4,43,2020-24,banded25,56.76965381490013,0.7613953069318268,23.73310069074501,0.20319980320285652,9.273436093970428
onenas_8isl,set4,44,2022-24,sleeves_reg,45.54082434807758,1.4179427638039699,8.29367968245596,0.09890056677840453,2.273651755073634
onenas_8isl,set4,44,2022-24,banded25,58.294075217418886,1.6130099126181243,9.9901958822741,0.047660535199604316,1.1030660812848025
onenas_8isl,set4,44,2020-24,sleeves_reg,61.06302729733495,0.9600411867249632,22.434376148325452,0.10469097174104837,4.7834527376766
onenas_8isl,set4,44,2020-24,banded25,77.72597604459934,1.0888590132875142,12.39852432873747,0.05547701314122039,2.89275444165977
onenas_8isl,set1,45,2022-24,sleeves_reg,18.39190980898764,0.5460981908669892,11.93810909531384,0.1246504789429269,2.9100641624442347
onenas_8isl,set1,45,2022-24,banded25,14.702168513200634,0.33932551469871686,10.78311459157573,0.10184898048196678,2.4202967206160007
onenas_8isl,set1,45,2020-24,sleeves_reg,47.491979093092915,0.7433410991642272,15.499253246959393,0.12454076981307852,5.669593222300854
onenas_8isl,set1,45,2020-24,banded25,49.11571184147105,0.5750813477067516,18.58594906091691,0.11121754814336972,5.560480480608145
onenas_8isl,set1,46,2022-24,sleeves_reg,18.247428900173933,0.4380867286612713,10.420250627320753,0.12306592503327594,2.808831673021719
onenas_8isl,set1,46,2022-24,banded25,7.434640316551394,0.1565249677271836,19.85873282514124,0.08779422391400306,1.966270261132464
onenas_8isl,set1,46,2020-24,sleeves_reg,28.702928718967115,0.3763914187350759,28.294370590509914,0.12195526461897757,5.61022429879681
onenas_8isl,set1,46,2020-24,banded25,7.448293496849817,0.08406698868306482,21.454049386789396,0.08167429067377682,3.947309410784022
onenas_8isl,set1,47,2022-24,sleeves_reg,12.126399703998864,0.2934324697863748,12.994987221789525,0.10294933539595887,2.386063014265421
onenas_8isl,set1,47,2022-24,banded25,9.96645885090407,0.21863772980916668,15.193394064078342,0.05031714996995488,1.1356641293554646
onenas_8isl,set1,47,2020-24,sleeves_reg,-0.8619036842677695,-0.011990004645831966,36.74410714161802,0.10649884959979855,5.048662211511006
onenas_8isl,set1,47,2020-24,banded25,22.867511266646172,0.2703626765931475,20.691981076848506,0.06645848870678199,3.6779710017064544
onenas_8isl,set2,45,2022-24,sleeves_reg,29.101610994474612,1.2007284033229655,12.550292099257105,0.14535621409912042,3.8173019827086114
onenas_8isl,set2,45,2022-24,banded25,44.07345421509189,1.0421745046281523,18.06706197596154,0.3086986248663374,8.37216484501171
onenas_8isl,set2,45,2020-24,sleeves_reg,55.74606062298505,1.0281736658613136,15.863495854663034,0.1451478799114983,7.3357386565623335
onenas_8isl,set2,45,2020-24,banded25,83.80608236484278,0.9650368323987333,18.747273284802272,0.3012018213856664,15.647573460117805
onenas_8isl,set2,46,2022-24,sleeves_reg,30.04707196815084,0.8921470383068238,14.635311700670114,0.11068595820311224,2.8900952980493524
onenas_8isl,set2,46,2022-24,banded25,34.7260667757409,0.8441552227097329,15.649876792241498,0.06251186323620357,1.7529325784027663
onenas_8isl,set2,46,2020-24,sleeves_reg,57.44848685033309,0.867952330512918,22.733908847593533,0.11490158149079199,5.795024389654646
onenas_8isl,set2,46,2020-24,banded25,77.3247240693689,0.9430039304309593,23.783015985945248,0.07971943857387194,4.46119833500294
onenas_8isl,set2,47,2022-24,sleeves_reg,15.690290600617926,0.6593479472824627,15.2835627849654,0.14606747047615004,3.8068497817582196
onenas_8isl,set2,47,2022-24,banded25,12.908990535339898,0.3039106376510268,21.263719757040906,0.2713945309702747,7.372778755657254
onenas_8isl,set2,47,2020-24,sleeves_reg,31.150084584048017,0.579876858417153,18.656906170731627,0.14883416081555598,7.469239944440243
onenas_8isl,set2,47,2020-24,banded25,38.563902284447245,0.4144152212430277,24.41994321921883,0.2895065424467358,15.103244111274218
onenas_8isl,set3,45,2022-24,sleeves_reg,17.096371398246532,0.47496302059345963,13.710129132437723,0.12419743772521091,2.8872165248904635
onenas_8isl,set3,45,2022-24,banded25,21.130891289927913,0.43450445731567156,20.910072517906944,0.11550063839184462,2.9036120882232432
onenas_8isl,set3,45,2020-24,sleeves_reg,-3.8522394100177064,-0.057447899809739474,34.854057655590076,0.12269458985868513,5.623041590924039
onenas_8isl,set3,45,2020-24,banded25,40.80352610286545,0.4608141066056678,26.259451758153133,0.10962573817955969,5.428824608715365
onenas_8isl,set3,46,2022-24,sleeves_reg,-23.847449754170306,-0.7966553599572059,30.098016558922637,0.1473275289096246,3.437876274519978
onenas_8isl,set3,46,2022-24,banded25,-16.81694192066029,-0.3944381384280607,28.751803118495605,0.19037648384286793,4.406478509892584
onenas_8isl,set3,46,2020-24,sleeves_reg,-13.30314596709869,-0.2059525301210813,31.42610382324314,0.14481563912447873,6.511139623009097
onenas_8isl,set3,46,2020-24,banded25,25.43456567186948,0.29404057232934017,26.10997617082134,0.16692377765190664,7.319070380501546
onenas_8isl,set3,47,2022-24,sleeves_reg,4.161077362569602,0.1264602576531174,17.944267255494125,0.13102118774669708,3.0670151157914627
onenas_8isl,set3,47,2022-24,banded25,32.548453205019946,0.7651276980286663,26.739544243624835,0.08922706474926434,2.1399086789977524
onenas_8isl,set3,47,2020-24,sleeves_reg,23.775471985034883,0.3979871922381704,18.651518669939506,0.13153921272596197,6.0204445700455445
onenas_8isl,set3,47,2020-24,banded25,66.13551953669001,0.8347177929214445,21.045519821098036,0.09494983467743773,4.803807037809232
onenas_8isl,set4,45,2022-24,sleeves_reg,33.53197785071959,1.1494597119736987,10.2353400990766,0.11185449549247783,2.672001906391522
onenas_8isl,set4,45,2022-24,banded25,39.91291755209873,1.0920220955608853,9.88515298032891,0.05022736507591187,1.6392803804495764
onenas_8isl,set4,45,2020-24,sleeves_reg,49.733281754135184,0.7404794484443339,17.782790869362152,0.11363759964882156,5.236189529392515
onenas_8isl,set4,45,2020-24,banded25,49.44403262368039,0.6450404587071632,20.82887756591751,0.055868782964828494,3.0678482284712105
onenas_8isl,set4,46,2022-24,sleeves_reg,27.688264398344558,1.0241225583900124,6.2206127733047625,0.12775533562212776,2.9782179447429447
onenas_8isl,set4,46,2022-24,banded25,37.09953980771646,1.030254561547162,9.047535980860292,0.1182387492732867,2.839895243793244
onenas_8isl,set4,46,2020-24,sleeves_reg,52.21711386734626,0.8562301993440403,15.746801259202234,0.12512263116223576,5.631694216756001
onenas_8isl,set4,46,2020-24,banded25,59.9006682442635,0.7236866894228221,17.82942632214844,0.10337823676990043,4.786139229954301
onenas_8isl,set4,47,2022-24,sleeves_reg,33.8543473691264,1.3342865259129417,4.795723026703958,0.12174351387758497,2.8700402193967047
onenas_8isl,set4,47,2022-24,banded25,40.89525434905425,1.1757291591391121,8.031696147638579,0.13169125980747973,3.9908011230146254
onenas_8isl,set4,47,2020-24,sleeves_reg,35.3668813147432,0.5545512770366872,18.94432957082179,0.12197355101488418,5.5568333673364565
onenas_8isl,set4,47,2020-24,banded25,62.00357858435763,0.8028559970782908,18.378550173027346,0.12159244380621102,6.621573603709554
onenas_8isl,set1,48,2022-24,sleeves_reg,5.151532682073716,0.15038137722172162,14.778835476561133,0.114893019959206,2.715840749584709
onenas_8isl,set1,48,2022-24,banded25,14.029555712089087,0.3432946534395894,14.705361696911796,0.09416694927040398,2.2104958619989667
onenas_8isl,set1,48,2020-24,sleeves_reg,-17.279850567360484,-0.23800704529188732,45.793132469990425,0.11411332212262897,5.403089522707517
onenas_8isl,set1,48,2020-24,banded25,-2.197368242372915,-0.025253300478408427,45.40565350504502,0.0893823404833999,4.700808015660525
onenas_8isl,set1,49,2022-24,sleeves_reg,9.725226880629927,0.24206407130276367,14.33541332981262,0.1411803055065158,3.2834338576322155
onenas_8isl,set1,49,2022-24,banded25,-5.847062567498318,-0.10239050697714677,24.95370436380251,0.20122195822111205,4.763748282211398
onenas_8isl,set1,49,2020-24,sleeves_reg,-35.290385305937995,-0.4254278643718449,52.21636657436933,0.13907874066135162,6.382220844475006
onenas_8isl,set1,49,2020-24,banded25,-54.13543457369011,-0.5172670179717388,67.0951329636515,0.16899841212711436,7.5252569600523005
onenas_8isl,set1,50,2022-24,sleeves_reg,9.531182697015211,0.2526192438201661,11.162536431570015,0.1364141119084508,3.120023364595767
onenas_8isl,set1,50,2022-24,banded25,25.77989229957865,0.5241047365582472,14.575832527276525,0.15659085166177822,3.5545222404079397
onenas_8isl,set1,50,2020-24,sleeves_reg,1.1197372972841044,0.014801607961493912,42.00938122133673,0.1323769154391726,6.0409198557565995
onenas_8isl,set1,50,2020-24,banded25,4.142958504998922,0.04256863178166661,60.14388273715671,0.13583801087097722,6.315417267725097
onenas_8isl,set1,51,2022-24,sleeves_reg,24.912358490727392,0.7064500681837135,11.011633568571273,0.1261795642401418,2.8482833413510225
onenas_8isl,set1,51,2022-24,banded25,24.837949725725807,0.5414486776307912,17.325156161382257,0.11887586150550235,2.584852527125855
onenas_8isl,set1,51,2020-24,sleeves_reg,31.479586832534494,0.46100888826040937,35.19595763443089,0.12184859827187312,5.484667964303225
onenas_8isl,set1,51,2020-24,banded25,39.80411152359121,0.47514182067456645,41.96631243469643,0.10219778620614506,4.82507744521545
onenas_8isl,set2,48,2022-24,sleeves_reg,42.889064893256695,1.3983515715937842,11.7276834804549,0.12468765885932895,3.248212246456734
onenas_8isl,set2,48,2022-24,banded25,52.702343789615384,1.312358182852601,14.814757740252466,0.10975196392694415,3.218332124215802
onenas_8isl,set2,48,2020-24,sleeves_reg,78.58601473336665,1.2113108332196345,14.273123162149219,0.12805828594755955,6.419434189356526
onenas_8isl,set2,48,2020-24,banded25,94.83573334979258,1.113335756234389,30.897043142143943,0.12587925180223386,6.995278510035645
onenas_8isl,set2,49,2022-24,sleeves_reg,19.07950375958692,0.7451259439290009,10.992618554276316,0.1464627054241777,3.989615576709982
onenas_8isl,set2,49,2022-24,banded25,41.60014515618332,0.9413701535851593,10.288240003430268,0.34387016882068744,10.416814573547496
onenas_8isl,set2,49,2020-24,sleeves_reg,44.61999177613019,0.7519813869349055,19.795577504023555,0.14712291464609234,7.583633600241651
onenas_8isl,set2,49,2020-24,banded25,73.15422051861462,0.8150600833035212,27.009715152594577,0.31483041639916515,17.283313201092806
onenas_8isl,set2,50,2022-24,sleeves_reg,40.9372845910138,1.6211832014056151,13.650642607247567,0.14524457000050078,3.7673676923943358
onenas_8isl,set2,50,2022-24,banded25,55.76056672884587,1.3343020965692836,14.468325880835536,0.31701955860449454,8.445119399918845
onenas_8isl,set2,50,2020-24,sleeves_reg,64.76433939097316,1.1629971884076409,11.892476058189287,0.14106789878572026,7.014974412200242
onenas_8isl,set2,50,2020-24,banded25,69.14892736278615,0.8434012188310354,18.81898463320507,0.26890649382709236,13.239253782395018
onenas_8isl,set2,51,2022-24,sleeves_reg,16.39095469123365,0.6616375534979502,9.739199828365743,0.14638076866891012,3.89945864038421
onenas_8isl,set2,51,2022-24,banded25,13.282258260180651,0.3241224047340964,27.56713114619828,0.27174578071202604,7.855763476635169
onenas_8isl,set2,51,2020-24,sleeves_reg,38.63523634430767,0.7259390502745827,21.927760719738963,0.1483082664258301,7.758957977948225
onenas_8isl,set2,51,2020-24,banded25,-1.4299552723959934,-0.01670103368441904,44.675908676934114,0.29190397303202886,17.228638223120605
onenas_8isl,set3,48,2022-24,sleeves_reg,-3.6425622776871833,-0.10527394179946777,19.143420240108348,0.11254292415513655,2.673164689172553
onenas_8isl,set3,48,2022-24,banded25,11.564281950860398,0.26970632820592955,19.855096187933267,0.0794096371898916,2.0201971247679054
onenas_8isl,set3,48,2020-24,sleeves_reg,26.177895262079765,0.3645072447843282,16.345219962055324,0.11481879985121031,5.332163136576668
onenas_8isl,set3,48,2020-24,banded25,30.811996636655536,0.3438015272849634,19.038784946253205,0.07487819360918556,3.7831911501631894
onenas_8isl,set3,49,2022-24,sleeves_reg,11.084439303840469,0.3480721774214149,11.658944082557154,0.15097966947818453,3.5459048505070054
onenas_8isl,set3,49,2022-24,banded25,16.697480912526455,0.3503035133398064,17.636688921616585,0.18297221795294977,4.516068136138126
onenas_8isl,set3,49,2020-24,sleeves_reg,31.14368431274317,0.43292654451943485,30.15230991166054,0.14067623999856008,6.390901146531279
onenas_8isl,set3,49,2020-24,banded25,87.62927846661532,0.9277325096675773,27.492136770437455,0.15175355225852635,7.082676847229818
onenas_8isl,set3,50,2022-24,sleeves_reg,-6.0670069284324395,-0.18813767650841892,25.035038822376716,0.13315897403547416,3.12836714181708
onenas_8isl,set3,50,2022-24,banded25,-0.5080294251074002,-0.011802904474134169,15.408605805535544,0.19887908468817336,4.805824992079254
onenas_8isl,set3,50,2020-24,sleeves_reg,3.282954721409565,0.05175239320479543,26.933673431101084,0.12686077506079016,5.772603821654254
onenas_8isl,set3,50,2020-24,banded25,23.83265375282563,0.2867721450625147,23.287168491401385,0.15258165377423027,6.89782941174583
onenas_8isl,set3,51,2022-24,sleeves_reg,-10.832542256068285,-0.26599117021791013,19.675934525104516,0.1299218704581195,3.0712134392769372
onenas_8isl,set3,51,2022-24,banded25,-10.962655958025335,-0.2060831281524449,24.943938783703903,0.1066933028717999,2.5582774812791054
onenas_8isl,set3,51,2020-24,sleeves_reg,-3.1871298420951466,-0.03855320370275931,24.875775330185153,0.12876198617501894,5.909683528434724
onenas_8isl,set3,51,2020-24,banded25,24.401051628939534,0.22655463805077963,20.541878336100307,0.10158538521929308,4.83612099356123
onenas_8isl,set4,48,2022-24,sleeves_reg,39.6480784953202,1.5957083267560979,5.038007988799934,0.12956443466923317,3.1080414788780786
onenas_8isl,set4,48,2022-24,banded25,40.45211327805759,1.109066424825471,12.751718949928195,0.1531238952636265,3.6660267758280893
onenas_8isl,set4,48,2020-24,sleeves_reg,40.15558745108168,0.7105247783546405,22.275864751289976,0.12623848284458478,5.773570728175057
onenas_8isl,set4,48,2020-24,banded25,55.83937080803595,0.8072192729247076,21.386096977482424,0.12363613726887858,5.619164198486719
onenas_8isl,set4,49,2022-24,sleeves_reg,19.228438480071976,0.7512017713519055,12.26313084497575,0.12632567027189615,2.978636088422226
onenas_8isl,set4,49,2022-24,banded25,16.195291811353115,0.45370928346647754,25.790237261905396,0.12814882080808285,3.5824544489885826
onenas_8isl,set4,49,2020-24,sleeves_reg,21.682068898630934,0.36702614385413196,24.02263109819712,0.12674296590588047,5.8122132441799685
onenas_8isl,set4,49,2020-24,banded25,28.0448411372214,0.35088484929384284,31.801771410458322,0.1186388326399168,6.122094188558103
onenas_8isl,set4,50,2022-24,sleeves_reg,44.561422577249516,1.443860493885631,10.975662771516012,0.09260803172110937,2.2323194575368124
onenas_8isl,set4,50,2022-24,banded25,60.19628472461629,1.384499519089443,10.77942490602247,0.048123820186499924,1.4938658711663992
onenas_8isl,set4,50,2020-24,sleeves_reg,51.92786496866726,0.8025725310178348,18.429109407054835,0.09793236466297978,4.613072081063685
onenas_8isl,set4,50,2020-24,banded25,115.69597338598776,1.4438251184710216,13.88542979705701,0.0519532228516102,3.058727722057283
onenas_8isl,set4,51,2022-24,sleeves_reg,35.95364108614817,1.2341759155209224,8.85607245190314,0.10140388145796164,2.36617374696329
onenas_8isl,set4,51,2022-24,banded25,41.505891287958846,1.142535204803172,9.685311306879031,0.05857798774995742,1.5025106799374641
onenas_8isl,set4,51,2020-24,sleeves_reg,47.127690198738925,0.8294780224505636,14.18107053908781,0.10774563827411911,4.946098765343021
onenas_8isl,set4,51,2020-24,banded25,61.02599374725928,0.8358569721023265,17.602392115050257,0.06377944095355641,3.2437444031105174
onenas_40isl,set1,42,2022-24,sleeves_reg,36.83748198075522,0.9132079569474363,9.239467452066126,0.11479040825448232,2.634674798381208
onenas_40isl,set1,42,2022-24,banded25,44.148379641176994,0.9753215656182163,10.110697565385982,0.06881220999566928,1.4778112277077935
onenas_40isl,set1,42,2020-24,sleeves_reg,50.2023934555234,0.7104276079661576,25.786324092006446,0.11508754187126563,5.321184625887858
onenas_40isl,set1,42,2020-24,banded25,52.919647313560034,0.6352522443258913,21.539550523171176,0.07057899901497358,3.3551019440072842
onenas_40isl,set1,43,2022-24,sleeves_reg,22.39919622482562,0.5120226823299148,11.787048699785116,0.11804924353054559,2.683893000848639
onenas_40isl,set1,43,2022-24,banded25,38.267498974619514,0.7858566194524238,13.155279569231288,0.06923466612467541,1.4536952300286854
onenas_40isl,set1,43,2020-24,sleeves_reg,28.032889393150313,0.37476632060569415,31.72317579429543,0.11617221600777321,5.302947081403723
onenas_40isl,set1,43,2020-24,banded25,56.41656383775254,0.6828194512479608,20.191883038182905,0.06487426333930309,3.2092160501774574
onenas_40isl,set1,44,2022-24,sleeves_reg,13.075933927550512,0.33706490490313745,11.091535930196443,0.122094734306373,2.801510755021586
onenas_40isl,set1,44,2022-24,banded25,28.911981066970355,0.6172813884859564,13.059300445191232,0.10702253505099041,2.4036501673512856
onenas_40isl,set1,44,2020-24,sleeves_reg,24.49517584109384,0.3282618437821012,30.94051841151153,0.11379451538200758,5.152752377178051
onenas_40isl,set1,44,2020-24,banded25,64.09970290337145,0.794522959195354,13.245473824542001,0.08531927329869524,3.9033648653705186
onenas_40isl,set1,45,2022-24,sleeves_reg,23.18885134166492,0.7023197857585302,8.627247513239356,0.12709324692001064,2.952241602558078
onenas_40isl,set1,45,2022-24,banded25,45.43937037787192,1.0347139064675956,12.199145905843116,0.10910876719594559,2.532198238533278
onenas_40isl,set1,45,2020-24,sleeves_reg,28.559527339997633,0.43001017309430406,28.622590594402382,0.12113792751067416,5.545384730652079
onenas_40isl,set1,45,2020-24,banded25,76.37926948637319,0.9431676926971468,16.66888994693662,0.09100543657987403,4.44641033649491
onenas_40isl,set1,46,2022-24,sleeves_reg,26.685176744531148,0.7604848608139638,7.725353450436597,0.12525472729015447,2.876623825049373
onenas_40isl,set1,46,2022-24,banded25,27.8900307222082,0.6335021247408745,12.945228921108887,0.10378936763558232,2.376014209216875
onenas_40isl,set1,46,2020-24,sleeves_reg,31.2518666026686,0.46788428214863875,27.600234114931204,0.12104343757049417,5.53037699823283
onenas_40isl,set1,46,2020-24,banded25,49.594065857330406,0.6141232395340172,21.285175881212144,0.09033861573441937,4.321541888948296
onenas_40isl,set1,47,2022-24,sleeves_reg,23.635783556561616,0.5953373341872121,8.209230939448235,0.10514691733597863,2.4249573343361766
onenas_40isl,set1,47,2022-24,banded25,29.008714591886154,0.6620047149082505,13.518529047532654,0.045729121271405625,1.0566539853249277
onenas_40isl,set1,47,2020-24,sleeves_reg,31.17373803284536,0.4393552879129864,30.27931434747872,0.10486823239761282,4.857828554178915
onenas_40isl,set1,47,2020-24,banded25,48.22980928181978,0.5887562848341676,32.354813286305784,0.04629848126457087,2.3420514753902686
onenas_40isl,set1,48,2022-24,sleeves_reg,19.82286975469057,0.5642214907196808,11.27579202070388,0.13008279096304426,2.9753786594053473
onenas_40isl,set1,48,2022-24,banded25,27.210118508510046,0.5956354879871296,11.965790539910959,0.13925175867790265,3.0600150792868046
onenas_40isl,set1,48,2020-24,sleeves_reg,23.227253592928072,0.3572660146459319,27.19680412158495,0.12535128218959726,5.717312444284783
onenas_40isl,set1,48,2020-24,banded25,29.655018308382264,0.36561207922363237,23.13142276909624,0.11876046486362413,5.6088545070342795
onenas_40isl,set1,49,2022-24,sleeves_reg,20.0641813012142,0.5358875532291905,11.111827395240969,0.1029074323640919,2.3702635626049053
onenas_40isl,set1,49,2022-24,banded25,11.662488588929431,0.2921772959494809,15.404849356870539,0.04599823656700559,1.034163996730703
onenas_40isl,set1,49,2020-24,sleeves_reg,28.72135417015018,0.3839881585280293,33.96407229108933,0.10323103794241772,4.780791170532557
onenas_40isl,set1,49,2020-24,banded25,52.16803608448958,0.5983812125709556,34.435195357928265,0.046992009638749395,2.4475600231859285
onenas_40isl,set1,50,2022-24,sleeves_reg,28.54472938734266,0.7115906857827553,9.231568860488135,0.10825369145019909,2.4855725321890434
onenas_40isl,set1,50,2022-24,banded25,10.621479089184206,0.2475781745885505,14.52996420213629,0.046758917287139976,1.0325116502641734
onenas_40isl,set1,50,2020-24,sleeves_reg,56.66897358253207,0.7311703703243501,33.266264083774395,0.10564655285258659,4.825366235730904
onenas_40isl,set1,50,2020-24,banded25,59.09262500829254,0.6863876615545917,28.281792709042147,0.04171993205846348,2.043362385343882
onenas_40isl,set1,51,2022-24,sleeves_reg,17.049857337379862,0.4327092906430039,8.39240967152121,0.10471613432060192,2.3985074554467496
onenas_40isl,set1,51,2022-24,banded25,10.21600350533087,0.23417152760975884,14.525207650290605,0.042334765858618596,0.9368064478801211
onenas_40isl,set1,51,2020-24,sleeves_reg,26.952267193875283,0.3758257633281422,32.34086986166337,0.1056317914277554,4.883444894544464
onenas_40isl,set1,51,2020-24,banded25,35.041848448806604,0.44805711290964606,19.30695758365931,0.0465903486863854,2.305059066620858
onenas_40isl,set2,42,2022-24,sleeves_reg,36.130236707615424,1.2960783769508633,14.505213301349922,0.13194764477467305,3.5130816393346835
onenas_40isl,set2,42,2022-24,banded25,26.41043362628465,0.628750726600959,16.282216755857704,0.19060876167804738,5.59110973351991
onenas_40isl,set2,42,2020-24,sleeves_reg,70.50458459878931,1.1875584966574178,22.440635183944153,0.1329791212418314,6.7986125256262
onenas_40isl,set2,42,2020-24,banded25,54.89990874227002,0.6599884488820484,28.58954398591347,0.18962899435647337,10.595357154468372
onenas_40isl,set2,43,2022-24,sleeves_reg,42.544846431290665,1.3432266038946632,12.811423315949217,0.1279398542448453,3.3599918547356604
onenas_40isl,set2,43,2022-24,banded25,38.77005194369573,0.9113776255871451,15.310612355771768,0.13042780611355,3.742567347215168
onenas_40isl,set2,43,2020-24,sleeves_reg,81.8367946975255,1.2746882486760405,22.18546205720137,0.13139085034026507,6.672079876864884
onenas_40isl,set2,43,2020-24,banded25,80.35903788678192,0.9169223820172737,28.69351359932369,0.1527116077795017,8.556068896419163
onenas_40isl,set2,44,2022-24,sleeves_reg,22.770727112235626,0.791958205474834,12.739150237707971,0.13949039336940797,3.6912926892211106
onenas_40isl,set2,44,2022-24,banded25,24.615944637077636,0.5793070196758596,12.113810367674136,0.2023561044106494,5.6282064451578
onenas_40isl,set2,44,2020-24,sleeves_reg,53.712339192234836,0.8256136283802903,24.882035058440927,0.14087708132028315,7.1424899135191735
onenas_40isl,set2,44,2020-24,banded25,53.30806643152811,0.6138757365439136,22.80001414630575,0.22056769547344032,11.72978104444096
onenas_40isl,set2,45,2022-24,sleeves_reg,35.06413044297253,1.2556153527461897,14.939183087429331,0.13438332383717674,3.5654154693903104
onenas_40isl,set2,45,2022-24,banded25,20.9905673136887,0.5146558286133176,22.10358120856619,0.18547048447791487,5.468249025416767
onenas_40isl,set2,45,2020-24,sleeves_reg,70.81919241145732,1.1185323832344236,18.99643357283738,0.13557322233354355,6.906810139404412
onenas_40isl,set2,45,2020-24,banded25,63.823697316885976,0.7105057589017434,28.680246001649618,0.19826193680005802,11.056877836067258
onenas_40isl,set2,46,2022-24,sleeves_reg,25.507387805393282,0.9943915109731091,11.7653116661844,0.1429935930357307,3.7187774105436864
onenas_40isl,set2,46,2022-24,banded25,41.42604208728541,1.056136429237104,10.525585610210934,0.26744926884996345,7.082211169683084
onenas_40isl,set2,46,2020-24,sleeves_reg,67.99128674126925,1.0909960642226078,16.9842551002198,0.14154054856662027,7.09262727706793
onenas_40isl,set2,46,2020-24,banded25,76.33045559013479,0.8303355239264059,28.55389051870371,0.265569172882926,13.785040187235387
onenas_40isl,set2,47,2022-24,sleeves_reg,49.53950669217689,1.6433846641923406,13.596198215955246,0.12211707331045689,3.210358932954849
onenas_40isl,set2,47,2022-24,banded25,66.02694218542969,1.5941343935098702,18.969116756675746,0.11570179874404009,3.250020537485195
onenas_40isl,set2,47,2020-24,sleeves_reg,93.46686391031574,1.3562902104911483,21.02958702328682,0.12544287140752014,6.388175634575667
onenas_40isl,set2,47,2020-24,banded25,76.38078974095158,0.8628828399334562,29.565385008642725,0.1315219898402893,7.418888711845353
onenas_40isl,set2,48,2022-24,sleeves_reg,38.048709062852595,1.2795879074263559,15.915710632684032,0.1319685736305482,3.464217905843434
onenas_40isl,set2,48,2022-24,banded25,35.49120231858895,0.8634779327749084,18.226656695684444,0.14805821879041947,4.299524209554619
onenas_40isl,set2,48,2020-24,sleeves_reg,75.5466845674751,1.1904701761979228,14.601128905660795,0.1326255740917742,6.661982822128809
onenas_40isl,set2,48,2020-24,banded25,47.636903880106566,0.5749065415331497,18.282292621794287,0.156774787018568,8.408924363912568
onenas_40isl,set2,49,2022-24,sleeves_reg,39.765150314102065,1.3077288302657175,10.60562074073072,0.12554320232546767,3.331722807987362
onenas_40isl,set2,49,2022-24,banded25,42.63009462567245,1.0044274909957422,13.977159246860602,0.14287631661321887,4.357836975460928
onenas_40isl,set2,49,2020-24,sleeves_reg,78.59013190204523,1.2333574861049201,22.467217413706305,0.13094175141446981,6.719869639876299
onenas_40isl,set2,49,2020-24,banded25,83.33336382318802,0.9307667416183233,34.68832594547251,0.17432893156919177,10.280663054071253
onenas_40isl,set2,50,2022-24,sleeves_reg,43.43557207488207,1.4935009416116463,10.812466424940055,0.12782613263882528,3.308168673238058
onenas_40isl,set2,50,2022-24,banded25,45.97380807361679,1.1881336463179861,10.664932148891118,0.12515623706837,3.363156151079668
onenas_40isl,set2,50,2020-24,sleeves_reg,87.76459307281796,1.2578746679781225,25.243091112247317,0.13118087602276887,6.599814499813701
onenas_40isl,set2,50,2020-24,banded25,80.8097840269718,0.9323711426776085,37.055789362160375,0.16367214044200207,8.812831210890744
onenas_40isl,set2,51,2022-24,sleeves_reg,31.578668286958532,1.1720907315105664,9.900686508514687,0.13743782982335936,3.5949938639505024
onenas_40isl,set2,51,2022-24,banded25,37.58597759786211,0.9077734165260715,18.63089618753756,0.21816486206018845,5.926195015525071
onenas_40isl,set2,51,2020-24,sleeves_reg,62.04208429706508,1.1367030242762535,16.12353774179282,0.13995517794158308,7.101492080880706
onenas_40isl,set2,51,2020-24,banded25,81.30327865377429,0.9796213331954747,29.17483626442076,0.24989354390179905,13.108395136221452
onenas_40isl,set3,42,2022-24,sleeves_reg,17.49990037729995,0.4321488427675243,20.285111784049395,0.10257646815192013,2.395058718368247
onenas_40isl,set3,42,2022-24,banded25,23.727837379719542,0.5105759816346065,18.54267379765482,0.033533390201108494,0.7572121334944015
onenas_40isl,set3,42,2020-24,sleeves_reg,35.83601592768765,0.4984718041457022,21.85822010019437,0.10224707445466523,4.689503426080016
onenas_40isl,set3,42,2020-24,banded25,78.83653069495297,0.8837500329431528,18.573757913889644,0.035190059806964935,1.6282025085952498
onenas_40isl,set3,43,2022-24,sleeves_reg,24.995931173765943,0.6801917712202786,20.32295348271944,0.11057638194006181,2.5916790676281476
onenas_40isl,set3,43,2022-24,banded25,21.494254981297324,0.4913912495769223,25.892866819446148,0.07337091617570599,1.9420462243433212
onenas_40isl,set3,43,2020-24,sleeves_reg,42.36676680424905,0.598685777941116,25.701579370433258,0.11333698230489413,5.2812360568063434
onenas_40isl,set3,43,2020-24,banded25,80.39575808236742,0.9426516408119392,21.95078365676045,0.08279995395767692,4.477415544092634
onenas_40isl,set3,44,2022-24,sleeves_reg,11.722270414886227,0.3028882403795289,16.974905466379177,0.1134497392972754,2.6862571472441754
onenas_40isl,set3,44,2022-24,banded25,-1.7137370553325166,-0.03835775653392437,24.5343075083833,0.05784165925336153,1.45012115454321
onenas_40isl,set3,44,2020-24,sleeves_reg,36.51198404656846,0.5028952873032817,17.022940088992417,0.11099991487295108,5.132786762308024
onenas_40isl,set3,44,2020-24,banded25,46.88712175677562,0.5333106891294359,19.246075592166946,0.05306667260466211,2.576134926120686
onenas_40isl,set3,45,2022-24,sleeves_reg,0.1378836198854894,0.004118233391060465,17.169768503104642,0.1249055689665,2.9560436233836027
onenas_40isl,set3,45,2022-24,banded25,15.07025004809363,0.34345618320388444,29.37059869710839,0.10597711612755903,2.5979695014263924
onenas_40isl,set3,45,2020-24,sleeves_reg,25.13504950411678,0.38108227816192275,18.056238124927845,0.12247581021722748,5.6843016247610585
onenas_40isl,set3,45,2020-24,banded25,46.330646697806884,0.558689574474886,26.04608390348499,0.10231536671029433,5.159483226652521
onenas_40isl,set3,46,2022-24,sleeves_reg,18.359747107745427,0.4333714407358325,19.947743600014018,0.09952899985933664,2.336244854743061
onenas_40isl,set3,46,2022-24,banded25,48.525415187130044,0.8819769497557237,24.10632789608999,0.028875147010815932,0.7237591425877414
onenas_40isl,set3,46,2020-24,sleeves_reg,38.45205664979316,0.5221491655214996,18.712669715325962,0.0993270537612685,4.580176309307192
onenas_40isl,set3,46,2020-24,banded25,116.06701952470684,1.2650684222378417,11.90948000837007,0.029502216233600487,1.5230462668158922
onenas_40isl,set3,47,2022-24,sleeves_reg,16.071558139963365,0.37374815714016674,20.11888938092916,0.11594893687945039,2.7486206113653875
onenas_40isl,set3,47,2022-24,banded25,31.659452237257213,0.6147785430343137,24.043552994513288,0.07709478716293615,1.9329852030183254
onenas_40isl,set3,47,2020-24,sleeves_reg,39.68438083943683,0.501140228593793,22.779486239108433,0.11336537336784519,5.239509817773141
onenas_40isl,set3,47,2020-24,banded25,73.64970081217777,0.8086908827929421,21.21421935416856,0.07113731390661278,3.5200816482952644
onenas_40isl,set3,48,2022-24,sleeves_reg,8.159323027218582,0.19200630259230525,19.976768572699438,0.11552241123742642,2.733512728133003
onenas_40isl,set3,48,2022-24,banded25,2.1363151841380423,0.04238649495606481,30.63158598089127,0.06129162827429657,1.5381379836912459
onenas_40isl,set3,48,2020-24,sleeves_reg,28.377124219518834,0.3513892694925369,21.112383710531667,0.11307899596308378,5.204632468217511
onenas_40isl,set3,48,2020-24,banded25,69.15518080938263,0.7558037061848467,17.845994188766163,0.05964585935093448,2.9573556316481717
onenas_40isl,set3,49,2022-24,sleeves_reg,25.684271341100136,0.6739474411400663,18.103725259392053,0.10777755297198771,2.5753272113518246
onenas_40isl,set3,49,2022-24,banded25,30.080363220050355,0.6898519618100533,26.786555332149693,0.057434716750597685,1.5244407582254156
onenas_40isl,set3,49,2020-24,sleeves_reg,42.32384232531393,0.5933295079988438,26.113698441299487,0.1074062034107971,5.029230866497541
onenas_40isl,set3,49,2020-24,banded25,71.88380186844083,0.8168158440117786,22.70279718473247,0.05983103478885607,3.2178185397697625
onenas_40isl,set3,50,2022-24,sleeves_reg,13.954404714980138,0.3527222922937188,15.91612052946665,0.11461761174405387,2.6711041082248217
onenas_40isl,set3,50,2022-24,banded25,19.721339587715946,0.39418800929471565,29.201259857067818,0.0724575040574456,1.7946721032376627
onenas_40isl,set3,50,2020-24,sleeves_reg,35.38765187639993,0.47875510349884004,23.50770049489747,0.11328358369990257,5.184624419427892
onenas_40isl,set3,50,2020-24,banded25,105.03028281980342,1.1763477980868629,15.287486941175175,0.07113804002519757,3.4374405570561692
onenas_40isl,set3,51,2022-24,sleeves_reg,8.605728725257688,0.20645052140903053,21.758257708424235,0.11334611619705416,2.670619051060178
onenas_40isl,set3,51,2022-24,banded25,15.26798807239231,0.3113898537475531,25.657708785758405,0.06603425331716843,1.6302595213055426
onenas_40isl,set3,51,2020-24,sleeves_reg,24.87335578932363,0.3247948575599966,23.368390729400144,0.11214708688628038,5.146135906689467
onenas_40isl,set3,51,2020-24,banded25,42.47894439501956,0.45518296130921354,25.16042292614144,0.064038686246526,3.059295204353157
onenas_40isl,set4,42,2022-24,sleeves_reg,36.170192125090686,1.275503538173027,5.983188991951075,0.12291976262336822,2.899498156142512
onenas_40isl,set4,42,2022-24,banded25,50.628868653645554,1.4064663186408901,10.197698946505488,0.09331190309948612,2.232756809733095
onenas_40isl,set4,42,2020-24,sleeves_reg,32.60647977481959,0.48403084095609955,25.594455239374142,0.11999887393236433,5.433660616858888
onenas_40isl,set4,42,2020-24,banded25,46.19720679335237,0.5967013993852347,23.477776222742616,0.08236549477930621,3.801285516244474
onenas_40isl,set4,43,2022-24,sleeves_reg,37.70731678133363,1.2493144113052683,6.731113765674064,0.11563735134338719,2.7096324504125224
onenas_40isl,set4,43,2022-24,banded25,65.65990090988888,1.7187366664060382,6.0759044196634004,0.08503027072549012,2.0513363735526764
onenas_40isl,set4,43,2020-24,sleeves_reg,50.071834531853135,0.775833981785128,16.837253263580234,0.11689986604937376,5.325832250447087
onenas_40isl,set4,43,2020-24,banded25,84.77242046558014,1.0801824793203767,19.00687757977181,0.08254615477076563,3.9956677968561793
onenas_40isl,set4,44,2022-24,sleeves_reg,37.466269389482036,1.2480266266007787,8.437152266031102,0.11281983222782208,2.589966243227211
onenas_40isl,set4,44,2022-24,banded25,50.41902140639102,1.3514062747858668,13.212266281440407,0.05958383475447935,1.3694962061018714
onenas_40isl,set4,44,2020-24,sleeves_reg,35.807298783637215,0.5044140587015897,24.868475434841887,0.11528448176796546,5.185998446256929
onenas_40isl,set4,44,2020-24,banded25,52.62880706522757,0.6312727974533339,21.729153756443402,0.06248927776359001,2.9415362480992453
onenas_40isl,set4,45,2022-24,sleeves_reg,37.89982731567425,1.24461875319222,8.177516336425704,0.1131349666682771,2.6453386628186575
onenas_40isl,set4,45,2022-24,banded25,59.23387364894109,1.5131710215850265,9.931772393132665,0.05795820343044805,1.3549870040344445
onenas_40isl,set4,45,2020-24,sleeves_reg,37.114345291856864,0.5755476989315622,21.84696010033232,0.11550518756705552,5.259361747550456
onenas_40isl,set4,45,2020-24,banded25,60.89950438758136,0.7547019238939975,25.32880648757412,0.06366359820032622,3.1420552953144467
onenas_40isl,set4,46,2022-24,sleeves_reg,31.897347765075946,1.1226738816706587,8.423463787187874,0.12296666387102909,2.9200206773019217
onenas_40isl,set4,46,2022-24,banded25,33.47904225867788,0.8815183187707306,9.52343542741146,0.09971281383085621,2.347154434068214
onenas_40isl,set4,46,2020-24,sleeves_reg,35.85530850704326,0.5411832188392833,22.107668004064422,0.12072543715449123,5.507876582143662
onenas_40isl,set4,46,2020-24,banded25,20.345850452061168,0.24199376579711462,24.335121202366693,0.08667046819977432,3.9922319385474196
onenas_40isl,set4,47,2022-24,sleeves_reg,31.110764425342225,1.177486174385817,7.168486205113228,0.11969133649400207,2.8023805227757865
onenas_40isl,set4,47,2022-24,banded25,45.37966591674176,1.293241877150871,11.913781024592486,0.07651939216855563,1.7458350925455794
onenas_40isl,set4,47,2020-24,sleeves_reg,22.75468157945264,0.3295925482778312,28.108982639786824,0.11506180283933957,5.213439707842223
onenas_40isl,set4,47,2020-24,banded25,44.14804536841711,0.5550414952235136,32.658432057899255,0.06855926811888916,3.226501662475343
onenas_40isl,set4,48,2022-24,sleeves_reg,43.252335965408314,1.5006324415267398,8.997265713155425,0.10394421712135156,2.4053484224052686
onenas_40isl,set4,48,2022-24,banded25,56.72557584875021,1.600492094457648,6.699514913712247,0.041589536978455646,0.980159888692953
onenas_40isl,set4,48,2020-24,sleeves_reg,53.706278211657576,0.814276388900182,18.59889230522579,0.10594174104744289,4.8394679215354905
onenas_40isl,set4,48,2020-24,banded25,61.14555109607325,0.7747653006547461,25.252314853431134,0.047775965569367314,2.400152540753226
onenas_40isl,set4,49,2022-24,sleeves_reg,33.366318122019145,1.148048595737084,9.90569546931713,0.11136624963539983,2.585714682053262
onenas_40isl,set4,49,2022-24,banded25,48.571921624501186,1.364071597171957,12.336446009872398,0.060033445307581125,1.404182511540138
onenas_40isl,set4,49,2020-24,sleeves_reg,44.42000527307757,0.7019174972294103,17.934242764456236,0.11082553219733014,5.039402334835466
onenas_40isl,set4,49,2020-24,banded25,57.63399186050552,0.7561461434517287,23.26817154651688,0.06022514124834994,2.9172145443814084
onenas_40isl,set4,50,2022-24,sleeves_reg,27.739127289896587,0.987260998545586,7.218088228062561,0.11921202909240264,2.7807645383469577
onenas_40isl,set4,50,2022-24,banded25,37.392996553332175,1.0391873797235507,9.472525631870777,0.09497773675141198,2.1813742663723503
onenas_40isl,set4,50,2020-24,sleeves_reg,51.367361507528685,0.7773739545834125,20.56060450257059,0.116854736198507,5.2814916496952256
onenas_40isl,set4,50,2020-24,banded25,43.86167038521665,0.5723621647395033,20.2628660775042,0.08241335104498687,3.726467486866794
onenas_40isl,set4,51,2022-24,sleeves_reg,43.63787496384255,1.5401869528406618,6.660599616637823,0.11858568468263193,2.773828989627435
onenas_40isl,set4,51,2022-24,banded25,49.46462360552238,1.3295562170721829,8.93967115097053,0.07153223863035374,1.5947709565743338
onenas_40isl,set4,51,2020-24,sleeves_reg,39.43961283570934,0.5900518853525573,25.27439815255914,0.11744023321917701,5.357767548713365
onenas_40isl,set4,51,2020-24,banded25,66.71665559477168,0.8069425148913829,22.77735556899724,0.06977079930324563,3.2552735423118095
lstm,set1,42,2022-24,sleeves_reg,-3.7778900968832163,-0.09795683259929162,15.421043788598658,0.11497027312975958,2.8000369336779953
lstm,set1,42,2022-24,banded25,11.364905131179178,0.23458967549317716,16.141240382683524,0.09479669273527279,2.589139653517025
lstm,set1,42,2020-24,sleeves_reg,-8.557885958623219,-0.11810396026122848,35.44477098283439,0.11797057567438218,5.647037094340654
lstm,set1,42,2020-24,banded25,12.22231780254059,0.14150706720255493,28.220993470088395,0.09415555661886858,4.995048352605343
lstm,set1,43,2022-24,sleeves_reg,4.721718711049696,0.12834483845419914,18.018790906943398,0.12641013515310034,2.9590930397066137
lstm,set1,43,2022-24,banded25,36.55983643496897,0.7927798257199175,15.461892758122112,0.1392903593828075,3.5021651426478373
lstm,set1,43,2020-24,sleeves_reg,18.407069909123155,0.24477388223118784,27.58918616668245,0.12223722860515479,5.685110548108026
lstm,set1,43,2020-24,banded25,17.058458084777655,0.1731034982916342,42.746025299820836,0.11084327713780986,5.360339039478429
lstm,set1,44,2022-24,sleeves_reg,25.088392000191206,0.7355609168109801,12.259058565003803,0.1261010075626416,2.9747478350580074
lstm,set1,44,2022-24,banded25,59.418570862153665,1.3465456555178559,13.003120934246082,0.11201188769082245,2.950313204673287
lstm,set1,44,2020-24,sleeves_reg,54.10949657058991,0.712434104974205,44.52485747528625,0.12658918091420962,5.864236774118413
lstm,set1,44,2020-24,banded25,102.08842529361226,1.2491772000141819,24.528936422744714,0.11165015325444731,5.65945946373403
lstm,set1,45,2022-24,sleeves_reg,1.4972832190146521,0.04023955443514619,16.889338301493773,0.10431416170961877,2.3846063660373034
lstm,set1,45,2022-24,banded25,17.89026244605483,0.40013907423548833,11.678629959210905,0.06776950461087862,1.496545410557925
lstm,set1,45,2020-24,sleeves_reg,15.837206240806125,0.20623860834462643,35.50180300150639,0.1067289256481831,4.892623835114437
lstm,set1,45,2020-24,banded25,20.09474517582949,0.2139100568929511,37.44393714638972,0.06614411701354157,3.1654437846296766
lstm,set1,46,2022-24,sleeves_reg,14.922194104342479,0.39044152621606343,14.727170049231722,0.1178541919935868,2.8569017386794893
lstm,set1,46,2022-24,banded25,8.120798879353284,0.1684370791639468,17.8607002966642,0.0945569074836753,2.350122811670513
lstm,set1,46,2020-24,sleeves_reg,32.28386218535624,0.48489534643561266,24.194295228252034,0.11657157254729271,5.616971424033607
lstm,set1,46,2020-24,banded25,34.57030404762385,0.4025523521941188,25.256207435891703,0.08758742688156257,4.4797776600659445
lstm,set1,47,2022-24,sleeves_reg,7.666814358671548,0.21944003612301266,12.886456596266061,0.11655568459355431,2.698010628588768
lstm,set1,47,2022-24,banded25,19.52457514033972,0.43764368960942557,15.908047556243682,0.0841314881806956,1.7545058523440389
lstm,set1,47,2020-24,sleeves_reg,8.69424272659612,0.11908930108475038,30.490125930478,0.11825455224125729,5.445658781611106
lstm,set1,47,2020-24,banded25,-30.284130941271627,-0.3143100539153376,66.69923615446079,0.08453008219749097,3.7849461727768428
lstm,set1,48,2022-24,sleeves_reg,-8.572954186045985,-0.24873896497247328,19.76947944713164,0.12053874974889692,2.8534587622457046
lstm,set1,48,2022-24,banded25,17.37002900731559,0.40067475650890544,18.590749891649352,0.11587751023249432,2.755902304078566
lstm,set1,48,2020-24,sleeves_reg,11.035315736289137,0.13126065429706632,40.90274398166081,0.11746296653787484,5.303519359512173
lstm,set1,48,2020-24,banded25,40.37176414381351,0.47287120020149176,26.475297221702863,0.09847205982908301,4.216607011893229
lstm,set1,49,2022-24,sleeves_reg,15.504716326975807,0.41054697187262784,9.437792358862355,0.11167517333715195,2.586245033080757
lstm,set1,49,2022-24,banded25,2.9199078144550334,0.06517177168275537,14.89106003681599,0.05836950362678721,1.4122994432185514
lstm,set1,49,2020-24,sleeves_reg,22.025980623684518,0.27521702802455716,37.738536180912135,0.11602345263538945,5.424846544146833
lstm,set1,49,2020-24,banded25,3.0241564279609054,0.03362826491709829,24.886465347208674,0.06832862861352133,3.5829372754454294
lstm,set1,50,2022-24,sleeves_reg,17.859804159350766,0.5003059020337995,21.45429175983084,0.11549268078548319,2.6275775422459136
lstm,set1,50,2022-24,banded25,28.74953863861735,0.710945039334683,18.86455975541083,0.07971955900539542,1.6897740445806344
lstm,set1,50,2020-24,sleeves_reg,40.059507364170074,0.5245715830114241,39.42493054107898,0.11559518944453545,5.22959864917476
lstm,set1,50,2020-24,banded25,65.8225339106125,0.8389355383338821,27.7897736509227,0.08050302165871491,3.640057485634584
lstm,set1,51,2022-24,sleeves_reg,18.704206261189526,0.6132704549626626,7.774552734652731,0.11865449191345398,2.7833805592233016
lstm,set1,51,2022-24,banded25,6.20327717996995,0.1592816718502359,23.20110506421611,0.08308271518721139,1.8996859042561822
lstm,set1,51,2020-24,sleeves_reg,36.24122071973209,0.4821189151386875,42.35389468052408,0.11911166914995461,5.508891318186835
lstm,set1,51,2020-24,banded25,12.751524704608716,0.16464350657360233,34.65586959768664,0.08065252728851943,3.694228192278301
lstm,set2,42,2022-24,sleeves_reg,13.665264658043736,0.5063871678860922,10.634553872040971,0.13977180512075849,3.462954451904334
lstm,set2,42,2022-24,banded25,22.552040242233502,0.5222048150680196,13.492075150179767,0.22507702428761914,4.894006131500745
lstm,set2,42,2020-24,sleeves_reg,40.1769580148173,0.7077900603202321,11.430023945277151,0.1350715665984838,6.473306047438161
lstm,set2,42,2020-24,banded25,40.17870520472256,0.45115921969460776,29.874948295072812,0.20328278725229101,9.267884858566484
lstm,set2,43,2022-24,sleeves_reg,28.06782229663228,1.2249774984778747,6.433616700097736,0.14574947481885073,3.666429911433778
lstm,set2,43,2022-24,banded25,52.23687845614482,1.151316071371335,18.840160452596084,0.39926599613138597,9.557436994999316
lstm,set2,43,2020-24,sleeves_reg,64.4578277343627,1.2546500503472993,22.66506362669831,0.1440353046914522,7.144431098600022
lstm,set2,43,2020-24,banded25,112.77299660016863,1.278892520494401,32.60274502714696,0.36198511249364657,17.65460759735753
lstm,set2,44,2022-24,sleeves_reg,2.674834445003749,0.11019424605536964,7.587522207189535,0.1464325195646672,3.8943630073850066
lstm,set2,44,2022-24,banded25,6.517305849080467,0.1484904848167796,14.213633502143027,0.3711412121988695,10.738098746099299
lstm,set2,44,2020-24,sleeves_reg,38.0400456121629,0.710706565046983,19.282179114088713,0.14680240484429924,7.55877317846864
lstm,set2,44,2020-24,banded25,64.19998866318785,0.74481944892686,29.903370335753323,0.34717090611153756,19.779856272360867
lstm,set2,45,2022-24,sleeves_reg,4.182976147097199,0.19719702142508466,8.442416691518929,0.1444124558315985,3.8252284568947785
lstm,set2,45,2022-24,banded25,11.24128916177911,0.26525834671919374,12.643904070406373,0.3755273630048379,10.886729332270233
lstm,set2,45,2020-24,sleeves_reg,37.45696429799097,0.8686935127066724,12.975429994652085,0.1471932797761677,7.501392801647679
lstm,set2,45,2020-24,banded25,64.35782130787857,0.7282086582071114,24.26452731550829,0.39614321034546307,22.029799377551182
lstm,set2,46,2022-24,sleeves_reg,25.15354111360838,1.0138818571065134,7.544709330509343,0.14739426800129352,3.832640502985917
lstm,set2,46,2022-24,banded25,-0.7568124752287784,-0.016805125973245662,21.15353142065213,0.3256768230158278,8.924725532985272
lstm,set2,46,2020-24,sleeves_reg,49.79424549895318,0.9359440694015176,23.18213359457168,0.14772101251854491,7.425767354536429
lstm,set2,46,2020-24,banded25,35.149060997182225,0.403893541610897,24.34193151406409,0.3341071432008899,18.33121266305487
lstm,set2,47,2022-24,sleeves_reg,14.86952060850031,0.6842408409550363,10.576916857389035,0.14376869560014538,3.72931545918816
lstm,set2,47,2022-24,banded25,27.50848764565226,0.7126319613287475,17.286629960446717,0.3011786716291915,7.838004321700706
lstm,set2,47,2020-24,sleeves_reg,32.12154233232182,0.6760564629532607,15.579317645853196,0.14428785798271823,7.27247826826354
lstm,set2,47,2020-24,banded25,48.36882877916198,0.5573519633261355,28.60246183796938,0.31818352303234454,17.201448207340608
lstm,set2,48,2022-24,sleeves_reg,11.86169676155589,0.5835606742546604,5.628359974837393,0.1528853775251991,4.020914589309484
lstm,set2,48,2022-24,banded25,-7.278474941779916,-0.1673048235036172,19.219459167883212,0.4388335245054964,12.279593122864664
lstm,set2,48,2020-24,sleeves_reg,31.793963949002404,0.6150399834169863,24.125638290899825,0.14961599882984863,7.603417220195347
lstm,set2,48,2020-24,banded25,36.269965944177315,0.398811822372476,42.05406971122088,0.37863342571281566,20.25450814340734
lstm,set2,49,2022-24,sleeves_reg,14.846488757667814,0.5704113689785416,7.6758968550413105,0.13668486862835452,3.485789677838264
lstm,set2,49,2022-24,banded25,12.259567801881047,0.31574722546408174,15.777640571082166,0.20107375727490218,5.047046616225657
lstm,set2,49,2020-24,sleeves_reg,35.59952694919698,0.5221798429890152,20.60925716752812,0.13310818132722482,6.70618667128789
lstm,set2,49,2020-24,banded25,21.873307495060295,0.2558909950792052,31.299825013099614,0.18081033175564426,9.342644353827966
lstm,set2,50,2022-24,sleeves_reg,18.068030191565953,0.9148386017813037,6.147274637095989,0.14997467482463983,3.7416477464823883
lstm,set2,50,2022-24,banded25,13.952062239199362,0.3550810339698047,12.820903797961028,0.3873220426066867,9.24758285243309
lstm,set2,50,2020-24,sleeves_reg,51.55933021254741,1.1054978065866932,14.697493458270438,0.14833084848430297,7.23947841596577
lstm,set2,50,2020-24,banded25,58.23383830600773,0.7282029577063119,20.40685573014108,0.38825138132659165,18.934261078313405
lstm,set2,51,2022-24,sleeves_reg,29.497422077232972,1.2614583859763555,8.045304230420381,0.14417099868896113,3.5470245635508553
lstm,set2,51,2022-24,banded25,26.6790907545133,0.6421532228789488,15.390956919264124,0.2902194115144645,6.22434353566997
lstm,set2,51,2020-24,sleeves_reg,55.0223919129783,1.1712393177817673,15.094018781356395,0.14530968789512083,7.203034914074906
lstm,set2,51,2020-24,banded25,74.23759356391174,0.9515162751962472,18.849868216007,0.29601595472722314,14.852797329141353
lstm,set3,42,2022-24,sleeves_reg,9.166723879697876,0.2879952137301132,22.48265012338053,0.12971319137216816,3.1042642353691123
lstm,set3,42,2022-24,banded25,41.04340514602301,0.9601993903374392,27.00167650379837,0.13720995149937618,3.2978626517406626
lstm,set3,42,2020-24,sleeves_reg,19.687754619447578,0.3092693654179549,25.838819184555017,0.12610269380309755,5.8122680178786625
lstm,set3,42,2020-24,banded25,65.69898863543153,0.7576581356321261,27.751656522312796,0.1121573363754217,5.086380234823854
lstm,set3,43,2022-24,sleeves_reg,-19.14776066313516,-0.6228519964603751,24.220423372434155,0.141654467748643,3.377379749839416
lstm,set3,43,2022-24,banded25,-14.645099376511904,-0.3173860327092354,33.192454143316446,0.24526403413155465,6.110530484632229
lstm,set3,43,2020-24,sleeves_reg,0.2290568680064859,0.003632226081658984,20.998866069602638,0.1314797936213117,5.8839273511042185
lstm,set3,43,2020-24,banded25,-8.715881920206954,-0.10001083799606779,30.500861926653457,0.16936953680554168,7.347585774417708
lstm,set3,44,2022-24,sleeves_reg,12.10300205842107,0.32540608262460274,27.097803043275576,0.13338035447010185,3.313650016837953
lstm,set3,44,2022-24,banded25,24.88086510110529,0.5022292348127114,30.57758137246304,0.1471592985563289,4.05632162341526
lstm,set3,44,2020-24,sleeves_reg,47.90291247960525,0.6869923669991322,23.46309057857002,0.12910731797898892,6.1053077073169195
lstm,set3,44,2020-24,banded25,74.5567162013617,0.817296728887216,28.054086625224773,0.12258912095202343,6.548882356248248
lstm,set3,45,2022-24,sleeves_reg,9.253532065333502,0.26833243938303725,17.663323262911547,0.13526481894396347,3.2438039615302356
lstm,set3,45,2022-24,banded25,47.25187519046785,0.980984394539794,24.628801453719223,0.18482038075728788,4.135332615350443
lstm,set3,45,2020-24,sleeves_reg,29.022849233188474,0.500339091476527,16.875486643776295,0.13084607638402926,5.898784108412325
lstm,set3,45,2020-24,banded25,84.69094603152776,0.9993181755213358,23.90261453300574,0.14239622307246713,5.897137732811923
lstm,set3,46,2022-24,sleeves_reg,19.34428581183786,0.5615448219436433,14.602183376025282,0.12588075007394883,2.9984562440379334
lstm,set3,46,2022-24,banded25,11.51061083503241,0.25448034937730946,31.288639080958912,0.11874408552962634,2.670887794701447
lstm,set3,46,2020-24,sleeves_reg,43.03138885765529,0.6456171774795029,15.63888716401749,0.12492301588611364,5.712889243244203
lstm,set3,46,2020-24,banded25,54.33098229852264,0.6250171454020077,26.291759999907633,0.1091815102360782,4.873309252868309
lstm,set3,47,2022-24,sleeves_reg,4.267950700876622,0.1333516535335397,22.884323998862442,0.13934788123241545,3.2216787771089685
lstm,set3,47,2022-24,banded25,22.645420930967607,0.49310105714181596,21.406181568550384,0.2167851639170622,4.578640349798241
lstm,set3,47,2020-24,sleeves_reg,15.541280425743867,0.2808288950997563,21.44831592129358,0.13587931160873798,6.013614708535977
lstm,set3,47,2020-24,banded25,43.987469189249815,0.5553799287438127,22.035967283998257,0.17588386474068674,7.038870992392785
lstm,set3,48,2022-24,sleeves_reg,11.791615873105485,0.411089387863838,8.411537082772345,0.13647877701449865,3.1685664984663164
lstm,set3,48,2022-24,banded25,29.262486836359997,0.6847052543267895,11.686546131966557,0.1927088040940381,4.236411385807452
lstm,set3,48,2020-24,sleeves_reg,43.23620640255945,0.6251385299737489,15.135505723282378,0.1274248162911484,5.673786178538315
lstm,set3,48,2020-24,banded25,58.956661422454424,0.681742214736394,12.080756439483785,0.13704292478195584,5.454291540430141
lstm,set3,49,2022-24,sleeves_reg,16.570764749977883,0.40712033585958485,23.148268532813532,0.12390128108262889,2.9948285040753104
lstm,set3,49,2022-24,banded25,29.90735562421391,0.5832746172547535,31.945973443084885,0.1116728492068191,2.79411062692749
lstm,set3,49,2020-24,sleeves_reg,34.85984162055372,0.5068657528716372,19.664594201870734,0.12457525163479312,5.8121065006706045
lstm,set3,49,2020-24,banded25,87.33259634817855,0.9746182266724238,18.27234351587184,0.09987447556026324,4.876620618975928
lstm,set3,50,2022-24,sleeves_reg,7.222635218429517,0.20025727652146413,20.18356610933955,0.13286814779913272,3.101347752432349
lstm,set3,50,2022-24,banded25,22.042740038259563,0.4664399784535229,24.50065231354786,0.2022078044167813,4.458957111906263
lstm,set3,50,2020-24,sleeves_reg,32.074815524309095,0.4236557454287307,18.668503764974126,0.13060699294362169,5.895729142485957
lstm,set3,50,2020-24,banded25,44.37144137314099,0.4974323876008242,22.447842885305068,0.15545737025715853,6.3387848266916444
lstm,set3,51,2022-24,sleeves_reg,8.575355316872505,0.22911143134704876,21.711169212656493,0.12470250615443897,3.004859032618177
lstm,set3,51,2022-24,banded25,19.511774784075165,0.41364301935314446,30.953720330271395,0.10965557792094507,2.5872458150628947
lstm,set3,51,2020-24,sleeves_reg,37.00195369063381,0.5345720539010487,17.669655341676744,0.1266950800269499,5.8729348400633254
lstm,set3,51,2020-24,banded25,50.36718858516647,0.5600421931263491,27.749114496228866,0.10999632916200346,5.285232346234552
lstm,set4,42,2022-24,sleeves_reg,15.015127923375216,0.5776416829741364,10.192355601317775,0.12270433845904133,2.9778943826062227
lstm,set4,42,2022-24,banded25,25.858947786125334,0.7529006513460335,8.203449396183935,0.0927650661920768,2.5799893718029394
lstm,set4,42,2020-24,sleeves_reg,43.23137780432075,0.7220319286631007,22.154974534507435,0.11877284382459567,5.526129888082713
lstm,set4,42,2020-24,banded25,52.83890722351041,0.6646934931293348,23.67751318363093,0.08107204532287562,4.384086466837283
lstm,set4,43,2022-24,sleeves_reg,11.730204721454168,0.4839135202196412,9.48364325583793,0.1416826202128282,3.551214313038102
lstm,set4,43,2022-24,banded25,4.950987262252824,0.13494906158838763,15.738651305550293,0.19891323388560522,6.201959558388154
lstm,set4,43,2020-24,sleeves_reg,14.539995448170098,0.2826323154924668,13.302003707461935,0.14075674174154168,6.6311067107539134
lstm,set4,43,2020-24,banded25,-3.481459511541555,-0.043083316180716424,30.74770299666793,0.1915082430244577,10.879900486906939
lstm,set4,44,2022-24,sleeves_reg,17.61589254142591,0.6448981371148246,7.9524913081042845,0.1283220171813664,3.1070430116869123
lstm,set4,44,2022-24,banded25,23.442619041599766,0.6620779963202267,19.266056185376133,0.1128999483464407,2.899833927672944
lstm,set4,44,2020-24,sleeves_reg,41.40761210743199,0.6523175531794372,25.453694221274425,0.12860651826842298,6.036291506683035
lstm,set4,44,2020-24,banded25,67.61932695649261,0.8812822229162108,21.471637264930283,0.12016102516032211,6.30026433789947
lstm,set4,45,2022-24,sleeves_reg,10.250369086739656,0.372245849232745,10.04806735743208,0.13274455769021398,3.048624105099355
lstm,set4,45,2022-24,banded25,14.904033570638806,0.427863343545137,17.533103209856566,0.14941000088932493,3.0179788961875853
lstm,set4,45,2020-24,sleeves_reg,46.22544719977934,0.8692410495551997,11.680495070050007,0.12890458704878222,5.7268260786338026
lstm,set4,45,2020-24,banded25,23.65728200040423,0.32078387067440584,27.201945586082733,0.1315268010883973,5.480593557165796
lstm,set4,46,2022-24,sleeves_reg,4.953962909203106,0.1906189249898253,12.078018119237417,0.1385612805605435,3.2101441554774794
lstm,set4,46,2022-24,banded25,3.1422558409238985,0.08534582986615885,20.4943702325311,0.167250029362086,3.6327216194694687
lstm,set4,46,2020-24,sleeves_reg,29.60192336293807,0.5009172860223596,17.771915175538616,0.13664959388909537,6.064312030037131
lstm,set4,46,2020-24,banded25,27.05809719444709,0.35385470639201905,21.798607950479028,0.15592559485193055,6.5329150985331035
lstm,set4,47,2022-24,sleeves_reg,1.885239669128879,0.07247208169121487,9.593138509406481,0.13994136857595518,3.368485352100552
lstm,set4,47,2022-24,banded25,10.721813692384046,0.28667339322601965,14.425511306487246,0.1750429724606708,4.436391426478042
lstm,set4,47,2020-24,sleeves_reg,33.028456386961565,0.6377360221489774,11.687862173625797,0.13955713658047056,6.3196044329347565
lstm,set4,47,2020-24,banded25,37.735478785088524,0.45735756587073956,28.079064170823166,0.17548485982712556,8.193431970794279
lstm,set4,48,2022-24,sleeves_reg,-0.6752675719694108,-0.02760148100843966,16.99741455874893,0.13246805347597934,3.070313297510452
lstm,set4,48,2022-24,banded25,13.784682703067377,0.4155846313929012,14.668838140178467,0.13253139083035387,3.0752182566181996
lstm,set4,48,2020-24,sleeves_reg,15.762969856467906,0.2598355627984611,19.13071528614423,0.12871580715983222,5.669881512862441
lstm,set4,48,2020-24,banded25,22.76007841123673,0.30078694224726976,19.96850046531426,0.12246927253738901,5.26710978711912
lstm,set4,49,2022-24,sleeves_reg,22.098007094464382,0.8217958203600154,8.405466223256866,0.1374785316393175,3.269357452094842
lstm,set4,49,2022-24,banded25,30.49215182350247,0.8251734267492431,17.92565397389924,0.13934808894980885,3.3860403606694187
lstm,set4,49,2020-24,sleeves_reg,46.01545670719317,0.7086184415209191,27.096413388753515,0.13583439795425684,6.220198478413362
lstm,set4,49,2020-24,banded25,77.6427828093877,0.9398495133270452,22.623283219385705,0.13527824395066063,6.35946338230541
lstm,set4,50,2022-24,sleeves_reg,11.568592430058494,0.4596754206726472,9.083635050577353,0.13896017072075695,3.2954323179432365
lstm,set4,50,2022-24,banded25,17.866241560732053,0.49279572461757876,14.610989095321447,0.17261113565212316,3.992956365172284
lstm,set4,50,2020-24,sleeves_reg,48.258827995529614,0.7910310186206754,14.377773675632643,0.13569053681240884,6.032701904632213
lstm,set4,50,2020-24,banded25,49.73345814469097,0.63928814642385,16.640772697855382,0.163469678519583,7.13223865915973
lstm,set4,51,2022-24,sleeves_reg,23.51622162481892,0.9109109827666602,5.397090794952756,0.13213057589028934,3.1559084279907124
lstm,set4,51,2022-24,banded25,41.3362128750901,1.2065100096305703,8.238221329601974,0.12415859951538857,2.794203316778272
lstm,set4,51,2020-24,sleeves_reg,45.55991696239221,0.7265136567025229,24.852836920341158,0.13219817265925116,6.042675856101361
lstm,set4,51,2020-24,banded25,68.38908486497256,0.8202824027632962,29.12386236971834,0.12539611364625167,5.570948923305485
gru,set1,42,2022-24,sleeves_reg,10.486606787970826,0.2907818876363734,14.761605635994668,0.12475818170126417,2.954633084257546
gru,set1,42,2022-24,banded25,26.515423583530207,0.5354575846023059,18.202352630834064,0.11437036273289027,2.7389471894789548
gru,set1,42,2020-24,sleeves_reg,4.384149234964458,0.05509904413626235,40.95694555635573,0.1279315688486803,5.993676322404077
gru,set1,42,2020-24,banded25,1.913887656100353,0.01955265862659314,51.16865875612962,0.12062950590410916,5.824692984684886
gru,set1,43,2022-24,sleeves_reg,19.29885163759631,0.5811815055117241,9.237866344470127,0.1313221378542775,3.071807294587527
gru,set1,43,2022-24,banded25,30.38264271697156,0.6771464261450788,10.705121927905326,0.14149713023001811,3.4630899199232874
gru,set1,43,2020-24,sleeves_reg,41.498987609757734,0.6058375567434062,24.63943005413565,0.1287419344715811,5.941120776219962
gru,set1,43,2020-24,banded25,54.33667037769144,0.5880283821199612,22.930000353054712,0.12354087584816148,5.89794408341508
gru,set1,44,2022-24,sleeves_reg,35.83061453009911,1.0187138660993684,11.530670746020064,0.1294731506661924,3.0347890302694327
gru,set1,44,2022-24,banded25,62.8861150192757,1.369884113897366,12.772408591946485,0.15039253172071948,3.478579170117314
gru,set1,44,2020-24,sleeves_reg,50.21428655169859,0.6203087634390965,40.58132504333458,0.12970891579725344,5.989312849817697
gru,set1,44,2020-24,banded25,76.46686440928615,0.857399446325696,38.02855005156822,0.14872988521300687,6.7073061663754405
gru,set1,45,2022-24,sleeves_reg,0.5887300776274816,0.01643183930681406,14.965305921466578,0.12292334012216725,2.9974267505642276
gru,set1,45,2022-24,banded25,-0.4845855267892775,-0.011403869413537444,19.77265890919373,0.10385471343966261,3.006802003378835
gru,set1,45,2020-24,sleeves_reg,15.853555731587738,0.18563971103960294,46.81771302587466,0.11994125717476159,5.771015759850047
gru,set1,45,2020-24,banded25,43.42682586845769,0.4827388322063718,37.57423554097089,0.09575428440613835,5.715481246401384
gru,set1,46,2022-24,sleeves_reg,8.745439756237127,0.23627225254866438,13.256497471482298,0.12477416153651022,2.9724186397842356
gru,set1,46,2022-24,banded25,24.2969442155289,0.5463363081559773,15.005633818344247,0.10600211596571697,2.6223488480601516
gru,set1,46,2020-24,sleeves_reg,0.6770408222133191,0.009661919909776323,32.27997994489229,0.12652052137824316,5.917036997566299
gru,set1,46,2020-24,banded25,29.676908636119194,0.32811448492051715,29.108156293743754,0.10784659806299579,5.236904380732002
gru,set1,47,2022-24,sleeves_reg,7.895320461748755,0.22598882448585172,12.737903828630067,0.12192983237518788,2.8468062857701595
gru,set1,47,2022-24,banded25,25.082843894004647,0.5548265851855897,18.3944648744745,0.11150344012584774,2.4932608883791523
gru,set1,47,2020-24,sleeves_reg,-2.3253175946403104,-0.028647634048123073,41.13599026608905,0.12381061727027355,5.7549315034934185
gru,set1,47,2020-24,banded25,21.195557794127108,0.22377621741760326,27.337737801705863,0.10656661502556174,4.846621959094958
gru,set1,48,2022-24,sleeves_reg,5.182487061649301,0.14631403414037816,15.336901347566181,0.1250067100566654,2.9469167098808255
gru,set1,48,2022-24,banded25,14.643647314112407,0.32533319363519275,17.080455818820965,0.12325809087812278,3.113266951184968
gru,set1,48,2020-24,sleeves_reg,22.836771428924223,0.30609382847606215,30.26124908262463,0.12369132780339598,5.68432959132773
gru,set1,48,2020-24,banded25,42.701743841768945,0.44464345014411444,36.20905111471489,0.11752340408139217,5.8725154009344624
gru,set1,49,2022-24,sleeves_reg,22.751783756744327,0.6043182821177802,9.905866193911644,0.1175503803550227,2.708554033307093
gru,set1,49,2022-24,banded25,17.713712750026207,0.3700697250087237,16.2665079060268,0.08281066134773002,2.0270494090860955
gru,set1,49,2020-24,sleeves_reg,5.847668289458116,0.07713024803976827,36.085865524075,0.12240931760977937,5.6745324122742655
gru,set1,49,2020-24,banded25,-12.66160375645029,-0.13660157564716113,44.291779301270864,0.09439802657863064,4.799590135598012
gru,set1,50,2022-24,sleeves_reg,13.555938043638053,0.41668104519857635,16.294474117678348,0.12291609302733367,2.904788776418211
gru,set1,50,2022-24,banded25,54.61512072721083,1.3376040898667692,8.570693636761776,0.11837188421521928,2.9166230587094275
gru,set1,50,2020-24,sleeves_reg,13.334152620517262,0.19611662761601317,36.888713845204435,0.12245404225954214,5.764832757896238
gru,set1,50,2020-24,banded25,45.631490695537885,0.5833443669193523,34.80021678864778,0.11607461612223861,6.070524709550407
gru,set1,51,2022-24,sleeves_reg,20.49484824428428,0.6729991517016257,7.821631156889794,0.1324982019330892,3.179352105043948
gru,set1,51,2022-24,banded25,15.763439192603279,0.3746146210735795,15.944054573825003,0.14371326058410397,3.4375020756089247
gru,set1,51,2020-24,sleeves_reg,30.806610879100628,0.4177034473556437,43.51349642278412,0.12838261944463186,6.05390685334238
gru,set1,51,2020-24,banded25,30.841370967898445,0.3601324938953228,35.454605474603326,0.1285458895100106,5.888480975445594
gru,set2,42,2022-24,sleeves_reg,7.2947886490356995,0.2709342974630179,11.452919304201036,0.14628270667776655,3.919628617778683
gru,set2,42,2022-24,banded25,13.438725279023874,0.33041118674402736,15.878034870740782,0.22922579463444603,6.625441603082416
gru,set2,42,2020-24,sleeves_reg,27.869546358138503,0.4700629541303469,25.750307958198622,0.1457359306403218,7.5919783824732825
gru,set2,42,2020-24,banded25,44.999473730104164,0.535073610381998,33.79658870485086,0.23361200382908462,13.553470959643795
gru,set2,43,2022-24,sleeves_reg,15.851321522644445,0.7000293635910679,7.777439988643529,0.15100618293326426,3.806078186181732
gru,set2,43,2022-24,banded25,32.437229106186614,0.8109392300723675,17.81456588799182,0.32614357173556924,7.461110022310278
gru,set2,43,2020-24,sleeves_reg,45.81085144572672,0.9308227111366213,6.729563913295336,0.15132901573907767,7.4258977873578935
gru,set2,43,2020-24,banded25,99.30468422844973,1.3025486000493962,10.302498040378692,0.30651615463797066,14.287661984635578
gru,set2,44,2022-24,sleeves_reg,17.898536174079805,0.8475502614980767,9.899656999428554,0.151815839354971,4.04211552445741
gru,set2,44,2022-24,banded25,37.02647122886326,0.9862749202324785,12.055963950101912,0.3420641818080176,8.761819663894725
gru,set2,44,2020-24,sleeves_reg,29.91979315881939,0.6791292445667018,11.59555687143893,0.15311595589640292,7.799041625581985
gru,set2,44,2020-24,banded25,52.59245924009123,0.6819941831001268,19.949890112460206,0.3386995161312692,16.554661800508466
gru,set2,45,2022-24,sleeves_reg,6.333313439144263,0.26009388579099263,11.830705021965878,0.14616803841842285,4.065458016403204
gru,set2,45,2022-24,banded25,32.13667424121005,0.7543130035498218,9.20827596746283,0.2625456428515683,7.752053152040039
gru,set2,45,2020-24,sleeves_reg,26.807542206687916,0.5239844442945304,15.859248586991903,0.14773847449871055,7.904305718035562
gru,set2,45,2020-24,banded25,62.69308649905613,0.7324461680094382,26.22360636858033,0.279677748645278,16.189712193751607
gru,set2,46,2022-24,sleeves_reg,28.995326448388663,1.0650955294131523,7.636437166606252,0.14815344855240237,3.9552993795528475
gru,set2,46,2022-24,banded25,28.16153795971198,0.68237787918301,19.275277354002384,0.23401999312998226,6.604854948865022
gru,set2,46,2020-24,sleeves_reg,34.79235174241662,0.5183305602728981,22.318026596588734,0.1468234902993365,7.531753640602865
gru,set2,46,2020-24,banded25,48.467727159518695,0.532194096568355,28.081901524217617,0.2507227675231192,13.845755707842818
gru,set2,47,2022-24,sleeves_reg,4.037933365664659,0.1819961249185408,9.479720504961891,0.15012194931400275,4.067468852594615
gru,set2,47,2022-24,banded25,9.613666845200761,0.23211800652724363,19.190808772025537,0.3248755497578822,9.524831725769223
gru,set2,47,2020-24,sleeves_reg,7.755199143542829,0.144136721660432,26.183116953978725,0.1499335947900161,7.713331783540559
gru,set2,47,2020-24,banded25,-16.401721139112365,-0.19512362570477687,39.836963011499755,0.3099639788483147,16.842296452594677
gru,set2,48,2022-24,sleeves_reg,32.327355219953,1.2790973968433275,8.294647045823277,0.14673948050169155,3.843189424097504
gru,set2,48,2022-24,banded25,17.748590285435785,0.47470742604686644,10.550430746818918,0.17912707761293753,4.727940171081552
gru,set2,48,2020-24,sleeves_reg,52.50536060785913,0.956163320007906,16.198141014444804,0.14548955256305965,7.365057489066565
gru,set2,48,2020-24,banded25,53.67731547766569,0.6815130396673786,18.412481175616076,0.194223655082161,10.917988450603932
gru,set2,49,2022-24,sleeves_reg,10.562424252295612,0.44568682242069085,14.77770024703378,0.1489662826412199,4.039162775131874
gru,set2,49,2022-24,banded25,5.273287425174403,0.13178880810491142,28.211813555167982,0.30184685648288734,8.908155624055603
gru,set2,49,2020-24,sleeves_reg,39.26676402899553,0.6979254136318092,24.161322968225317,0.14972627204815336,7.785702710032648
gru,set2,49,2020-24,banded25,41.73777191087099,0.517938642904404,30.687026750777523,0.2890855583414043,16.41551447211227
gru,set2,50,2022-24,sleeves_reg,37.33858913027192,1.5357359156605612,6.754896305193209,0.14777323908912773,3.896762206330688
gru,set2,50,2022-24,banded25,72.87779235729191,1.9417049977553624,6.23547745399401,0.22855777801890173,5.79451821663507
gru,set2,50,2020-24,sleeves_reg,45.78124904578384,1.0333076250415258,8.414978300397086,0.14874649994567432,7.632363143265702
gru,set2,50,2020-24,banded25,66.51190205542851,0.9050859874306051,23.698609115311164,0.2529814665408325,13.709182051057702
gru,set2,51,2022-24,sleeves_reg,0.7545080945072238,0.031749517178811686,10.730793254189598,0.14719007452519242,3.886727472352453
gru,set2,51,2022-24,banded25,0.1321694588048314,0.0033010752498332198,16.01004209868085,0.24725244248713854,6.830497210650903
gru,set2,51,2020-24,sleeves_reg,24.892966203363777,0.5436267481372037,8.762269063824442,0.14853055150140648,7.477232149490148
gru,set2,51,2020-24,banded25,12.913680848469875,0.16949409923870754,16.76263740406993,0.25652110076546214,13.314639500132563
gru,set3,42,2022-24,sleeves_reg,-3.2758768041365087,-0.11265759270802321,15.089861595590664,0.13645313264147207,3.329747812224976
gru,set3,42,2022-24,banded25,-21.490968523916493,-0.4812997178322588,27.582655783085368,0.20300251531621857,5.16787258418299
gru,set3,42,2020-24,sleeves_reg,-14.978937767458008,-0.2648359612580138,32.52328275476961,0.13475617837341158,6.371747171285874
gru,set3,42,2020-24,banded25,-36.487505204463005,-0.43822997559674903,50.00798394716325,0.18314904885387634,9.230444686701311
gru,set3,43,2022-24,sleeves_reg,7.176069465223297,0.2250926890585488,19.778846243007834,0.1381245303840718,3.3209224481443274
gru,set3,43,2022-24,banded25,40.96880970453421,0.9097139768467718,12.996631805471011,0.19623929020644876,5.18005185434931
gru,set3,43,2020-24,sleeves_reg,14.815304699488296,0.22781990030719146,28.661372193641487,0.13273691419763747,6.143541546241952
gru,set3,43,2020-24,banded25,62.036749660641796,0.7372739358795547,13.054328039878909,0.16218261455656066,7.985177867934593
gru,set3,44,2022-24,sleeves_reg,5.671424032192462,0.15835956808591048,14.201885361195702,0.13104871489385275,3.1745434905681713
gru,set3,44,2022-24,banded25,-14.614210411354446,-0.3036566876479806,28.74488751382171,0.12755299765263015,3.3463482279218497
gru,set3,44,2020-24,sleeves_reg,10.058926109074221,0.1413416422030752,19.31408546756787,0.12829359647562058,5.960672872713897
gru,set3,44,2020-24,banded25,-8.638342938535093,-0.09822202509593456,34.94029945128168,0.1137584446306531,5.613053789242059
gru,set3,45,2022-24,sleeves_reg,1.2183909609474606,0.03743240891733041,19.01467199346647,0.13760548407488804,3.274972519858741
gru,set3,45,2022-24,banded25,21.793866928577017,0.49723651023813825,16.019682875664582,0.1705213209107993,4.262283992750617
gru,set3,45,2020-24,sleeves_reg,23.66040726771463,0.3454069483032307,16.016556932635222,0.1346358629139428,6.147319760585362
gru,set3,45,2020-24,banded25,52.1101283448819,0.5841292934618968,13.448551954069169,0.14975150216149458,6.772299392454913
gru,set3,46,2022-24,sleeves_reg,-18.28580301707678,-0.5250044772744483,23.399947719802146,0.13233921500721596,3.1363302054751716
gru,set3,46,2022-24,banded25,-3.2888885157680328,-0.0713475743463409,18.717549189238667,0.14364059043275704,3.3309426429268036
gru,set3,46,2020-24,sleeves_reg,-23.404672966063206,-0.3626413070474365,30.809607756622515,0.13407130480433666,6.226270001556649
gru,set3,46,2020-24,banded25,42.374817164631054,0.4991044882846343,21.66320246046213,0.14998503334040414,7.08000180346893
gru,set3,47,2022-24,sleeves_reg,10.488492367485973,0.32689304816079656,12.104822235087827,0.14069863439508185,3.3655109521293967
gru,set3,47,2022-24,banded25,10.96882200320282,0.25326928799272186,19.930479692438823,0.19301172655374504,4.688325316129641
gru,set3,47,2020-24,sleeves_reg,19.052988425161697,0.32221306208761324,17.239840767603248,0.14149180322818797,6.5704782528695445
gru,set3,47,2020-24,banded25,34.371292259655014,0.41420991607975205,18.612523638587334,0.20326895988643515,9.826752884066178
gru,set3,48,2022-24,sleeves_reg,-8.005927776769495,-0.28317950233348843,19.481323547885072,0.1456252918339188,3.5710927710663842
gru,set3,48,2022-24,banded25,14.637824781652547,0.32749976758865024,21.39034932371207,0.26812619233626517,6.946533827687599
gru,set3,48,2020-24,sleeves_reg,15.580436788234762,0.24500744759586257,16.52325925965311,0.14514414400820008,6.7601130148675255
gru,set3,48,2020-24,banded25,49.53514550083855,0.5424297241214318,20.338856733675815,0.2555844484491109,11.992137808229932
gru,set3,49,2022-24,sleeves_reg,22.853020041145818,0.6539183825615198,15.454544516009557,0.1370902855158952,3.2478550270880255
gru,set3,49,2022-24,banded25,44.767158167487096,0.9528891261818069,14.920365001306331,0.15431203004974967,3.6912060591169733
gru,set3,49,2020-24,sleeves_reg,46.651959271643946,0.7316168258825102,12.612526565236745,0.1341487774307467,6.107568431764992
gru,set3,49,2020-24,banded25,58.30581026003306,0.7118797925207841,18.03825624620962,0.1395639786857487,6.543935520402062
gru,set3,50,2022-24,sleeves_reg,-5.256358410532334,-0.1631869924033886,15.321630518228812,0.14059841569228032,3.329748710667519
gru,set3,50,2022-24,banded25,-24.647966122025974,-0.5450416938593234,37.7676517935147,0.20761961704324786,4.365750012153264
gru,set3,50,2020-24,sleeves_reg,24.494167162555584,0.39651745673068967,11.94166945962346,0.13941086429103927,6.315071724070893
gru,set3,50,2020-24,banded25,-34.49125756526769,-0.4107551952695251,47.1177129402424,0.21864859711486329,8.984581827926327
gru,set3,51,2022-24,sleeves_reg,25.26165582296033,0.8457453713643414,20.112869220757908,0.13921959662348116,3.416504366224578
gru,set3,51,2022-24,banded25,30.76464610189306,0.724463356475245,24.940847611870353,0.2324687821232926,6.564189448521404
gru,set3,51,2020-24,sleeves_reg,33.29131997205542,0.4851771400322417,26.891851412661822,0.13795723223971548,6.515398189290624
gru,set3,51,2020-24,banded25,60.78322246625747,0.6662331466047436,29.45948749640015,0.20465670103596675,11.14670158495152
gru,set4,42,2022-24,sleeves_reg,10.631798442964904,0.40628205110608057,8.60348348938441,0.13738997320551122,3.3177162110694702
gru,set4,42,2022-24,banded25,31.472743448809975,0.8220409861446222,14.057023646593233,0.18665356953962658,4.847188597249355
gru,set4,42,2020-24,sleeves_reg,59.19660161172726,0.9390255934517195,16.752195299366228,0.1308112680482116,6.0324816429223675
gru,set4,42,2020-24,banded25,75.96471273496702,0.9533318688387205,15.911182870952551,0.14431136616859658,7.082634263660715
gru,set4,43,2022-24,sleeves_reg,16.437754263484333,0.6584234392399185,15.272941337134288,0.1459680389034533,3.5591706074010356
gru,set4,43,2022-24,banded25,26.12991816794869,0.7163109740914311,21.595274484973665,0.22530590627400549,6.123905346871964
gru,set4,43,2020-24,sleeves_reg,8.140196076327952,0.1450405400602554,22.94664412431056,0.14336343922108213,6.5813549443468595
gru,set4,43,2020-24,banded25,36.08688065477928,0.4436851504180696,27.10273216344921,0.21128412608035838,10.312658059959459
gru,set4,44,2022-24,sleeves_reg,37.89233575851242,1.463057757227069,7.02656355657575,0.1390708394979868,3.3237940879217867
gru,set4,44,2022-24,banded25,34.056433289741776,0.9209143245133425,12.368189951447652,0.1811119294992142,4.572918854448349
gru,set4,44,2020-24,sleeves_reg,61.31451124933456,0.9746101570700276,23.114923900871343,0.13443636238615395,6.127112778664337
gru,set4,44,2020-24,banded25,31.075494073281927,0.41238321952160606,24.833130350576138,0.1519485761041473,7.135048732843575
gru,set4,45,2022-24,sleeves_reg,12.868274034357501,0.4396948789536814,9.106013086683738,0.13774127559347102,3.28526436572688
gru,set4,45,2022-24,banded25,44.7441804484415,1.1655092807591632,8.86835422029101,0.15793824263792114,4.033841448475974
gru,set4,45,2020-24,sleeves_reg,52.182888251999785,0.8172824979155242,17.638297653389028,0.13309231729348064,6.149551733465284
gru,set4,45,2020-24,banded25,86.13481842281428,1.1038393075770512,18.091482130267337,0.14189027462712742,7.256747551179837
gru,set4,46,2022-24,sleeves_reg,-5.406118545869705,-0.19165303045550797,13.569074299422507,0.13670772189862285,3.347265317739411
gru,set4,46,2022-24,banded25,-4.345546975399235,-0.11503369047800624,21.98152727039947,0.15350446063643136,4.02008658932248
gru,set4,46,2020-24,sleeves_reg,2.1126628240481513,0.03328650478340498,17.081026412865395,0.13649033039837932,6.384233434287146
gru,set4,46,2020-24,banded25,12.15534746715197,0.15865940770895812,19.128266914524612,0.14546167796778942,7.3164768646265195
gru,set4,47,2022-24,sleeves_reg,7.763490467018008,0.330315122543619,6.09014104237504,0.14364048894785642,3.46631067822382
gru,set4,47,2022-24,banded25,3.8101495459559804,0.10416130148044714,17.256277428388625,0.24369452171681436,6.507177963294344
gru,set4,47,2020-24,sleeves_reg,28.74463393344879,0.5158298736278666,12.160410483942336,0.14054154725040563,6.359731741325808
gru,set4,47,2020-24,banded25,26.769188078531393,0.344811129764125,18.74848603642196,0.2027623907616719,9.463027830356259
gru,set4,48,2022-24,sleeves_reg,0.5881301012473784,0.021733222758646288,15.309386946502295,0.13730596056060018,3.217880201414245
gru,set4,48,2022-24,banded25,15.041366153999181,0.4185106597633579,12.418209475314946,0.1643211237167522,3.877094949068566
gru,set4,48,2020-24,sleeves_reg,-0.8457310373755016,-0.01406511433267227,27.277811632443118,0.13438791781149065,6.004146465577377
gru,set4,48,2020-24,banded25,18.001350407201464,0.22610385626423488,22.563756920054846,0.14747911273628117,6.6943763442123405
gru,set4,49,2022-24,sleeves_reg,9.580253403875984,0.35520820238514117,11.315463437170536,0.13892098345870477,3.358536498761304
gru,set4,49,2022-24,banded25,10.72512235002711,0.2823924952741153,13.37740020962977,0.17484499224398095,4.5112084826178265
gru,set4,49,2020-24,sleeves_reg,43.90561078002588,0.6770746396371867,19.415881963845163,0.13571737564783395,6.156377349785194
gru,set4,49,2020-24,banded25,69.02554546860068,0.8708255695474916,19.72994077349835,0.15496213400861256,7.20096164131425
gru,set4,50,2022-24,sleeves_reg,5.711449771730613,0.21404657172734223,11.959609147929125,0.1420051743552141,3.4130688567328065
gru,set4,50,2022-24,banded25,-7.232589831388559,-0.18373309439397278,25.450019605688983,0.18199697396907008,4.966121638317876
gru,set4,50,2020-24,sleeves_reg,50.08115679016289,0.7315278074909256,13.610861999917818,0.1402935701254923,6.368930749143062
gru,set4,50,2020-24,banded25,29.866361988356577,0.3468565559336052,18.87177542530871,0.17976935375423334,8.55484234825428
gru,set4,51,2022-24,sleeves_reg,29.262050782312876,1.0838623388833843,6.283334668230337,0.1349940901814586,3.236886250174339
gru,set4,51,2022-24,banded25,27.53226017845771,0.7837743904311202,7.125778120951725,0.1317481855114702,3.6358506269190287
gru,set4,51,2020-24,sleeves_reg,64.87576015167939,1.0919246085929069,20.809683393986347,0.13377487506035468,6.117762538878972
gru,set4,51,2020-24,banded25,94.88468976617935,1.2501554746450199,18.563108157367875,0.13106597104601078,6.646132226859945
lstm_ens8,set1,42,2022-24,sleeves_reg,9.489885909096783,0.2572789332621723,10.716693517816516,0.11286780037882084,2.628320044773238
lstm_ens8,set1,42,2022-24,banded25,23.814036348313074,0.5263842219149772,12.769554955470866,0.08373638013302045,2.0610503082223066
lstm_ens8,set1,42,2020-24,sleeves_reg,24.12248042278221,0.3111796446980005,40.401617733934344,0.11312961410593413,5.225792219137169
lstm_ens8,set1,42,2020-24,banded25,29.50238197278967,0.3568153754040183,30.290161274103877,0.0743966617270338,3.4865872821270956
lstm_ens8,set2,42,2022-24,sleeves_reg,18.98272328191103,0.8755152298907924,6.451502304741146,0.15122639709853358,3.9024506630615603
lstm_ens8,set2,42,2022-24,banded25,32.32793060464381,0.7662489268672149,16.753751640971576,0.38402035456473904,9.876488062186631
lstm_ens8,set2,42,2020-24,sleeves_reg,48.677892313075624,0.9565031900768018,21.492575301639597,0.1493435738323222,7.502909560750652
lstm_ens8,set2,42,2020-24,banded25,83.12544125883757,1.0081569868259026,31.439845902656778,0.3595075403949067,18.67137900390597
lstm_ens8,set3,42,2022-24,sleeves_reg,10.98285127522773,0.32119816796579487,21.789053389421863,0.13358368637292892,3.1711390713409457
lstm_ens8,set3,42,2022-24,banded25,37.81787427355548,0.8068748074714059,23.934584312141496,0.167918735201119,3.812451612105946
lstm_ens8,set3,42,2020-24,sleeves_reg,36.17032991255541,0.5498613583350023,18.59707066411696,0.12789629224229387,5.772985390718592
lstm_ens8,set3,42,2020-24,banded25,62.96387871928093,0.763378924993468,24.857368915916677,0.12501296025837189,5.189542504271282
lstm_ens8,set4,42,2022-24,sleeves_reg,16.1489614183409,0.6103949868700885,10.59412537485195,0.1351544974631034,3.2462836903328953
lstm_ens8,set4,42,2022-24,banded25,21.647430429783363,0.6169911146275533,12.99797135865969,0.141570023971505,3.5756737532854292
lstm_ens8,set4,42,2020-24,sleeves_reg,43.53499047225323,0.7132172385206195,22.914482031057045,0.132338653736359,6.03032159950821
lstm_ens8,set4,42,2020-24,banded25,55.47489685178066,0.7088722311170764,24.171633420213894,0.13131540791998042,6.073971745224314
lstm_ens16,set1,42,2022-24,sleeves_reg,10.798006682188168,0.30446506627954295,9.928485384133506,0.11218703524734819,2.617781139007572
lstm_ens16,set1,42,2022-24,banded25,19.6594240567832,0.4881067120833818,13.71259104534477,0.06382361248909452,1.6621318823432718
lstm_ens16,set1,42,2020-24,sleeves_reg,27.749796800321754,0.3610473446531575,40.32805334275616,0.11174668795173132,5.1929842519583875
lstm_ens16,set1,42,2020-24,banded25,41.0909045284633,0.5257326885483887,26.00149404376959,0.056152914968653336,2.8268888925415867
lstm_ens16,set2,42,2022-24,sleeves_reg,21.267114030192293,0.9943164362880075,7.143642664959709,0.15097397367084328,3.844837995241877
lstm_ens16,set2,42,2022-24,banded25,29.691125752000346,0.7032236269066982,13.539814798179659,0.4048147064237482,10.314400109006435
lstm_ens16,set2,42,2020-24,sleeves_reg,52.29011130778974,0.993346767732527,21.931897571086743,0.1494459208146666,7.507443402439867
lstm_ens16,set2,42,2020-24,banded25,88.83690209166572,1.0466882021411097,18.875455074209054,0.3740016280728616,19.437110518557077
lstm_ens16,set3,42,2022-24,sleeves_reg,8.417761752830186,0.24034521018764857,23.0551130058639,0.13248863196232696,3.131089955581942
lstm_ens16,set3,42,2022-24,banded25,32.33742560590549,0.691972777739667,30.937924512608774,0.16399376463431348,3.5528983866079384
lstm_ens16,set3,42,2020-24,sleeves_reg,32.28138108655445,0.4725056476957515,19.8629465247524,0.1273218750273372,5.750805711109055
lstm_ens16,set3,42,2020-24,banded25,61.96210122134923,0.7398207055392525,26.91673479797624,0.12364298913619906,5.015243351658656
lstm_ens16,set4,42,2022-24,sleeves_reg,21.61186649492741,0.8087212827494256,9.235686413679831,0.1324055885688746,3.1926331504200234
lstm_ens16,set4,42,2022-24,banded25,13.62692564544432,0.3828101486018486,15.86133264545012,0.12071049441315847,2.9874790334643073
lstm_ens16,set4,42,2020-24,sleeves_reg,51.6897327011919,0.8347746951631003,23.51012057684384,0.1309668429837545,6.023570861807617
lstm_ens16,set4,42,2020-24,banded25,40.5367870398267,0.5393609890865537,20.80914679469479,0.1162103370094582,5.580468329218173
lstm_ens20,set1,42,2022-24,sleeves_reg,11.849479423412983,0.3290035280036063,10.239280465818466,0.11314347336682516,2.644944883450327
lstm_ens20,set1,42,2022-24,banded25,21.23312627465163,0.5181359377768766,11.035619225439596,0.06689380429754828,1.7188652406076301
lstm_ens20,set1,42,2020-24,sleeves_reg,31.844106054446325,0.4045772316472686,41.54864567562462,0.11198345585691662,5.192610265017837
lstm_ens20,set1,42,2020-24,banded25,53.6791051129964,0.6743840549224154,24.78189066994578,0.05772727795394483,2.813904079095269
lstm_ens20,set2,42,2022-24,sleeves_reg,22.725498435490422,1.0633247149062024,6.5959604528693125,0.15090499533589685,3.7757720925771423
lstm_ens20,set2,42,2022-24,banded25,23.59302018416419,0.5512010538296004,14.177019397232415,0.40119320691658056,9.738567220259299
lstm_ens20,set2,42,2020-24,sleeves_reg,52.80286139167526,0.9899089864870687,22.837763367033613,0.14884125776803273,7.325706685536248
lstm_ens20,set2,42,2020-24,banded25,84.13705087625445,0.9857868807735989,24.306366725926317,0.36797320374847137,18.195625957629783
lstm_ens20,set3,42,2022-24,sleeves_reg,7.119278722965807,0.1988291600713653,23.175108738764393,0.1319269481547754,3.132822861071818
lstm_ens20,set3,42,2022-24,banded25,21.079926674409897,0.43259905497442297,30.84531568222319,0.15549546384947052,3.4501715953238308
lstm_ens20,set3,42,2020-24,sleeves_reg,32.38226542793431,0.4630673310875624,19.706130187981906,0.12645301632668726,5.723820936767424
lstm_ens20,set3,42,2020-24,banded25,53.698512907644,0.6103831294144857,26.251696562244568,0.11888684283534355,4.9415197208173565
lstm_ens20,set4,42,2022-24,sleeves_reg,22.25960354537419,0.8305458432010289,9.810980849693337,0.13261839342331855,3.2015831915304447
lstm_ens20,set4,42,2022-24,banded25,35.15146979709789,0.9935936019173289,10.413416233101277,0.13051087697346364,3.186066284048221
lstm_ens20,set4,42,2020-24,sleeves_reg,52.328833593733805,0.821149408883813,24.57866050985281,0.13091810838771253,6.045931451838424
lstm_ens20,set4,42,2020-24,banded25,76.19342090258296,0.9951897375507073,18.578981500935544,0.11837480680352203,5.5048275368981265
