arm,panel,seed,rank_ic,net_pct,sharpe,mdd_pct,n_days
hp_C0,set1,42,0.01967075741667831,48.79456188721336,1.6470891494353699,13.99248080041112,755
hp_C0,set1,43,0.01820650394366857,48.81299384140044,1.4846158802549225,12.999340550839886,755
hp_C0,set1,44,0.016500605308336795,45.042726345681395,1.778966492482785,6.073163464850253,755
hp_C0,set2,42,0.021470384441372236,2.1494576898308506,0.10277252198452988,8.27971879909441,752
hp_C0,set2,43,0.014542614298702707,3.2965870798986234,0.1663180236221079,11.722122003180072,752
hp_C0,set2,44,0.012791000651639628,-8.659661040600167,-0.34707654586269304,17.554303129258393,752
hp_W1_S1_icgated,set1,42,0.0004878854434086307,13.830639449721504,0.3904851480496485,22.11848960528491,755
hp_W1_S1_icgated,set1,43,0.01880314541434133,38.5718861029321,1.1126834287719587,21.465309453409606,755
hp_W1_S1_icgated,set1,44,0.016310683063104556,25.956189807201696,0.7001656237101559,22.507680384596103,755
hp_W1_S1_icgated,set2,42,0.017543277451691906,-10.846825665048902,-0.4317911638867019,18.63726950715747,752
hp_W1_S1_icgated,set2,43,0.020824418921920624,-3.4518863352583833,-0.16640728834174665,13.143815770281506,752
hp_W1_S1_icgated,set2,44,0.018062744830094696,-1.523002933285019,-0.05444145242045975,16.16950671462329,752
hp_W1_S2_ic,set1,42,0.013580001025974597,2.789780522112399,0.09296967640858494,24.155975933641727,755
hp_W1_S2_ic,set1,43,0.011306933358019229,14.04294555061144,0.411199978895166,23.605625706567317,755
hp_W1_S2_ic,set1,44,0.013295923231437409,10.173740019284537,0.34806542109509064,21.027429454110372,755
hp_W1_S2_ic,set2,42,0.01479888458045588,-14.15435654602201,-0.6247976179576399,24.115727238602215,752
hp_W1_S2_ic,set2,43,0.01584668183827683,-12.037050342372897,-0.4405763061566268,24.4134438554391,752
hp_W1_S2_ic,set2,44,0.020607190015432528,-9.466254369391331,-0.3526125154921355,18.540269805902483,752
hp_W1_T1_cs5,set1,42,0.019110818198347188,43.23235045919108,1.4186600283907955,12.139520568140917,755
hp_W1_T1_cs5,set1,43,0.022386211581142915,64.95879526859429,2.075032612333193,10.54715598116675,755
hp_W1_T1_cs5,set1,44,0.020361872079316563,38.782383390705796,1.164817612759548,14.150273351758305,755
hp_W1_T1_cs5,set2,42,0.011795183682285925,20.61604388251163,0.7056582389888026,13.386625685324628,752
hp_W1_T1_cs5,set2,43,0.007845124418263178,10.857190730433723,0.36861645779767593,14.55191574358915,752
hp_W1_T1_cs5,set2,44,0.008394024959268876,9.610991296604748,0.29514827701473384,21.880568811026336,752
hp_W1_TS_cs5_icg,set1,42,0.01523949618037956,40.31399267030272,1.0662039043304596,21.586291815305284,755
hp_W1_TS_cs5_icg,set1,43,0.011579257870745737,31.445585886614925,0.8786702211070041,19.431426689770756,755
hp_W1_TS_cs5_icg,set1,44,0.009853052634197019,21.24696898306187,0.5838110782755871,19.908977721469455,755
hp_W1_TS_cs5_icg,set2,42,0.004151136202142829,19.503729040026872,0.5775575829230242,15.986506453225276,752
hp_W1_TS_cs5_icg,set2,43,0.008746550764102133,29.391123884369392,0.8801315274871682,12.942700048255299,752
hp_W1_TS_cs5_icg,set2,44,0.0036130809779245316,19.181536859217008,0.6032124077896717,16.11958042259157,752
hp_W2_F1_repop25,set1,42,0.017726773474452676,30.843603212016173,0.9694239133186924,16.374329921878683,755
hp_W2_F1_repop25,set1,43,0.01801965056470144,59.28963225488387,1.8075175997124828,16.97512006931772,755
hp_W2_F1_repop25,set1,44,0.01818686541454491,27.139373014822688,0.8191213893500106,14.602731082066015,755
hp_W2_F1_repop25,set2,42,0.022426072548766097,9.402629538214091,0.376520204181316,13.190174910085542,752
hp_W2_F1_repop25,set2,43,0.001951810258827622,-8.59529300521419,-0.30215909226369486,16.12517633354384,752
hp_W2_F1_repop25,set2,44,0.012167113360183252,0.7502811751863112,0.027693301942151374,17.085959711727032,752
hp_W2_F2_repop100,set1,42,0.019476390298497438,52.429230935131244,1.5985571625033732,14.450376714935842,755
hp_W2_F2_repop100,set1,43,0.013760524519006065,45.42782346024911,1.5518035826749974,13.361639466003982,755
hp_W2_F2_repop100,set1,44,0.01403188709341246,50.76587843889321,1.6690190567600565,11.660790097295912,755
hp_W2_F2_repop100,set2,42,0.018256969318834415,8.949457809608703,0.33769311965391735,11.970859237689577,752
hp_W2_F2_repop100,set2,43,0.01578883365568321,13.997532066754653,0.5166334221787307,10.382487411357289,752
hp_W2_F2_repop100,set2,44,0.018058668665562678,15.21057747695831,0.6547185854134332,10.958285912399155,752
hp_W2_G1_rounds2,set1,42,0.017210759486874627,54.7765251708244,1.7229377041538991,12.057370115987053,755
hp_W2_G1_rounds2,set1,43,0.015701631200123797,24.80166511795509,0.7487177377593891,13.260142886382347,755
hp_W2_G1_rounds2,set1,44,0.020649878748184438,54.74819461439226,1.7654376713212585,14.654518375283418,755
hp_W2_G1_rounds2,set2,42,0.009603699178869317,12.356983311294853,0.4670187639507234,14.297803631953451,752
hp_W2_G1_rounds2,set2,43,0.011110582680225413,25.216374501525106,0.9686287726238278,10.545495967687309,752
hp_W2_G1_rounds2,set2,44,0.016728484177869953,8.42455274064526,0.3924239294759541,7.129851258687259,752
hp_W2_N1_nts600,set1,42,0.01628407571278494,33.73148011459673,1.2429264414157601,14.08351259416497,755
hp_W2_N1_nts600,set1,43,0.02372377260819819,50.289249308603466,1.745657548448379,11.915292544622305,755
hp_W2_N1_nts600,set1,44,0.00976511884091081,26.643170432898867,0.8683197949892227,16.875351272701007,755
hp_W2_N1_nts600,set2,42,0.016765969872207572,8.44853216476636,0.3656947518298781,10.928287066300864,752
hp_W2_N1_nts600,set2,43,0.014901524934039947,18.586415496760804,0.7570688654975186,11.19741673627828,752
hp_W2_N1_nts600,set2,44,0.017230128595574316,21.095435058811187,0.8599518184409025,8.34340619192364,752
hp_W2_R1_e5g10,set1,42,0.007224729701551762,10.8925201276438,0.36760700262429546,16.446136197287288,755
hp_W2_R1_e5g10,set1,43,0.013827199450169575,44.94783902387054,1.4663830288262976,12.442384864687918,755
hp_W2_R1_e5g10,set1,44,0.012805894954137469,42.59531824461596,1.6182650424154361,9.501415108014264,755
hp_W2_R1_e5g10,set2,42,0.016759324534815403,23.812580902654485,0.9467183479267108,6.672235565684402,752
hp_W2_R1_e5g10,set2,43,0.013892799417561372,12.416061588168942,0.5166709294610902,11.758575880209653,752
hp_W2_R1_e5g10,set2,44,0.014579606916585303,17.111951364690874,0.7090516384264,9.819392380797325,752
hp_W2_R2_e5g15,set1,42,0.012431236179394716,37.002536111365146,1.255654334215099,13.609770434200009,755
hp_W2_R2_e5g15,set1,43,0.009735209786493018,37.09731066306988,1.2784137041726167,14.201470408111563,755
hp_W2_R2_e5g15,set1,44,0.018034736464929712,53.15998294257383,2.264652201112079,5.671493228397336,755
hp_W2_R2_e5g15,set2,42,-0.006031797316785094,-9.706391976671135,-0.37947095482363274,21.028436177701025,752
hp_W2_R2_e5g15,set2,43,-0.0012783964434662331,-11.410235836943812,-0.4542697367784206,30.531555424188273,752
hp_W2_R2_e5g15,set2,44,0.016923429774067234,0.6645983297539774,0.030363079080335947,10.896906538442707,752
hp_W3_B1_bp20,set1,42,0.021807466116741742,51.73228425083289,1.6143539538677287,12.347970398398662,755
hp_W3_B1_bp20,set1,43,0.01939562365920089,44.291987262048046,1.3360452377985146,15.830387746232821,755
hp_W3_B1_bp20,set1,44,0.01819257385658246,34.368016602090755,1.298069933124951,13.493074049110962,755
hp_W3_B1_bp20,set2,42,0.015700049789021328,25.415459318221313,1.0642361477614597,10.488926159284572,752
hp_W3_B1_bp20,set2,43,0.015617130781870136,21.636249972946704,0.8261464729832572,9.609402600034404,752
hp_W3_B1_bp20,set2,44,0.02184754911626092,33.00649203068225,1.441144401873361,7.1340427161257765,752
hp_W3_P0_uniform,set1,42,0.019437292524680815,50.88338079582031,1.7251430289626752,15.757147026602517,755
hp_W3_P0_uniform,set1,43,0.012155336015217967,47.84790527885037,1.6615180867675745,13.993997356512452,755
hp_W3_P0_uniform,set1,44,0.009097221272258807,34.93886649539545,1.1539912172653009,17.122450868662455,755
hp_W3_P0_uniform,set2,42,0.01854611300643286,30.49530861285964,1.1647870901497375,6.92273786393313,752
hp_W3_P0_uniform,set2,43,0.019148769092068852,17.154267836624598,0.7262591559498472,8.577022686739912,752
hp_W3_P0_uniform,set2,44,0.010501912309119473,10.336212946869885,0.460706723815892,11.895583010793416,752
hp_W3_P1_pa04,set1,42,0.017369325014642886,44.39360502470719,1.4350524289997202,14.255014094883029,755
hp_W3_P1_pa04,set1,43,0.013612040152013675,41.817751914700246,1.698009387033232,4.81523742609644,755
hp_W3_P1_pa04,set1,44,0.018765150826237777,43.688312698175075,1.5040356964321668,14.992565848753134,755
hp_W3_P1_pa04,set2,42,0.014940380216552664,22.117034280234485,0.8156581748925015,7.207360908567251,752
hp_W3_P1_pa04,set2,43,0.015234100863768614,25.63361158072362,0.973254388425675,8.314985639549004,752
hp_W3_P1_pa04,set2,44,0.016167507202111523,7.992223495486334,0.37833724467951835,9.512727116465165,752
hp_W3_P2_pa08,set1,42,0.018915129716799806,44.86185079830018,1.4774942128126058,18.02976659377239,755
hp_W3_P2_pa08,set1,43,0.012118336841457156,47.59026324111976,1.5709610129843763,13.189049609150267,755
hp_W3_P2_pa08,set1,44,0.013040442847082296,26.821898899933394,0.8499471868003131,12.399114844039781,755
hp_W3_P2_pa08,set2,42,0.012615780083244989,13.412995332287336,0.5157724743311981,10.60208999469587,752
hp_W3_P2_pa08,set2,43,0.01871070716913438,20.49028530930994,0.8551171912732712,13.099414757234115,752
hp_W3_P2_pa08,set2,44,0.014244125201200447,13.294423226851201,0.5922056799595156,15.415817390400765,752
hp_W3_P3_pl021,set1,42,0.012800786475918735,46.908664946771225,1.431780698299569,17.769388567755822,755
hp_W3_P3_pl021,set1,43,0.018596709972577577,48.75928871333671,1.5536548806921913,12.761492032164027,755
hp_W3_P3_pl021,set1,44,0.020330822467340127,60.06943749781774,1.8721404675493531,12.035049280820123,755
hp_W3_P3_pl021,set2,42,0.016127388770147407,8.718932763964895,0.3218482753543699,13.100969479342444,752
hp_W3_P3_pl021,set2,43,0.020669089665280877,29.923360888478562,1.296819464433971,5.975087647100494,752
hp_W3_P3_pl021,set2,44,0.0010516674788089543,5.03488063791968,0.16720511694231094,13.013524152887463,752
