islands,panel,seed,net_pct,sharpe,mdd_pct
10,set1,42,2.230675867849283,0.06797056210736338,16.98319592915094
10,set1,43,18.30643703252824,0.5156624585117087,14.124262862963327
10,set1,44,22.08231547579397,0.6429127194195993,8.581999112043558
10,set1,45,-2.161940338653111,-0.058893943223828,13.46148641180499
10,set1,46,16.453411386085868,0.39412417868882454,15.855168141352644
10,set1,47,19.871927149245984,0.5250637767295361,10.575552803643992
10,set1,48,13.57148684539923,0.4550159416945586,9.888773994830924
10,set1,49,25.99181861215889,0.7201555610355702,10.117979285564504
10,set1,50,9.921600290590451,0.26051146324409713,12.51064872549675
10,set1,51,17.992996429690354,0.5575592107005148,10.622823523965339
10,set2,42,24.377777862636858,1.0441034161978833,8.047812950559429
10,set2,43,45.72941285622464,1.5118566240006677,14.72297232446231
10,set2,44,19.955486653700202,0.7388819695524222,11.237265353242305
10,set2,45,31.67488266540043,1.2819848838515604,11.9551221005303
10,set2,46,22.385158360713486,0.8381665614866028,11.960451456874114
10,set2,47,22.537713005329213,0.8488017218758247,15.679185505189547
10,set2,48,34.65463229691944,1.3577501241424963,9.738989117334818
10,set2,49,34.764973515107,1.1116069685366676,15.371847534708975
10,set2,50,27.080485387620545,0.942945046911409,9.129183811856986
10,set2,51,26.00834903645265,0.9558311249215514,15.895868124341789
10,set3,42,12.0624174631039,0.3813279989630375,9.478595508736158
10,set3,43,18.71268967695362,0.5179461837153898,15.95180250094635
10,set3,44,14.281836615346084,0.41112103593132704,16.048121306629934
10,set3,45,3.3696180288237545,0.09288191156905268,14.288275815745225
10,set3,46,6.388261827674086,0.1821807662539145,15.909614821140606
10,set3,47,0.7599379568480293,0.022986382252527023,15.994608067291871
10,set3,48,12.117885045408173,0.2815316655377253,20.884112944826033
10,set3,49,16.859506527304326,0.5368358130768168,11.484174502999506
10,set3,50,20.959792998939577,0.49670195687363144,16.223365810117922
10,set3,51,8.755443478998847,0.21952426904716885,25.17257473594814
10,set4,42,11.894182702546608,0.424350557282902,16.72698524225243
10,set4,43,14.797449207759698,0.5111846912374512,13.975657400610645
10,set4,44,-10.173349692870076,-0.42692347432943395,21.472584360090085
10,set4,45,41.606190726355244,1.8416322547183852,5.275808281606763
10,set4,46,27.39600320124096,1.094824894335008,7.903713067408194
10,set4,47,44.43448108591825,1.6033008765297652,7.370725481631331
10,set4,48,39.45373956070048,1.5022895574213833,7.132522930060574
10,set4,49,39.46904610989118,1.2559643767658095,8.265136282910248
10,set4,50,22.182580971551086,0.8693536710604808,9.134974389428836
10,set4,51,18.683711365406406,0.721732457121396,7.782089120754127
20,set1,42,36.65536051831428,0.8848561109844468,8.649120603363425
20,set1,43,25.46745446312717,0.7859479202829825,10.24765300832252
20,set1,44,39.885988056669795,1.0911298163446501,9.987329262225176
20,set1,45,18.199998596443997,0.5145616958202899,10.121962603039195
20,set1,46,16.464052509918865,0.4374810997690102,17.896577448150286
20,set1,47,13.37287760191878,0.34232331794480886,12.324022830745125
20,set1,48,37.46100552422049,1.1535685840375574,8.830902531982742
20,set1,49,23.962192025343,0.604061131788188,10.916793045445091
20,set1,50,12.274916039147973,0.3258736612463822,12.381486778715242
20,set1,51,27.585397565518516,0.652271355790487,11.746501669615967
20,set2,42,39.46916378798031,1.2905224722034865,16.95253513208235
20,set2,43,29.197646185327685,1.0493407737544111,9.404681071619448
20,set2,44,38.75522911865275,1.5379701392632017,11.68981326524733
20,set2,45,41.36463347461034,1.4958162072693073,10.168628144965762
20,set2,46,22.70820550554717,0.7884019190313647,13.309234148584546
20,set2,47,28.15214345851722,1.3278050662907603,11.304937822515921
20,set2,48,44.132355718185785,1.5558752329973677,9.462827786540263
20,set2,49,38.67070356668354,1.2696043480909083,15.894181002301927
20,set2,50,49.84470265975931,1.6422743576021543,11.866560794551411
20,set2,51,27.03216070441262,1.1219689832022135,12.978061272843258
20,set3,42,19.098668285368582,0.43836854921606233,23.140723909948623
20,set3,43,22.660567489349877,0.5550347217400675,20.192645657890587
20,set3,44,-5.784935252927764,-0.14034097267435666,22.9870058124052
20,set3,45,7.389411962366213,0.23739726798334915,17.605416696267042
20,set3,46,17.585327391139483,0.45529602673186403,17.548558552612093
20,set3,47,26.14027492037918,0.6536222825371902,18.211619092964725
20,set3,48,19.222926383484296,0.426542885936406,21.671730940297156
20,set3,49,5.756436087888043,0.13380061582226552,27.62605707567245
20,set3,50,19.53949074099488,0.5117798625513982,12.978333176609723
20,set3,51,22.51892484985177,0.5726372430745474,16.602992920427713
20,set4,42,31.824363591306483,1.015120869600663,9.160267856921806
20,set4,43,36.47785273331612,1.12172622623407,9.048765758834637
20,set4,44,30.28888627869782,1.085786839599335,7.26409533148186
20,set4,45,34.414083185288334,1.2812549475944484,9.097185990435413
20,set4,46,29.249347243482514,1.0011919564446339,9.701085397550587
20,set4,47,31.386429455717803,1.063777917017534,8.141955553010765
20,set4,48,34.12194621585691,1.1349749715715678,11.838574577984776
20,set4,49,40.8832400831036,1.4335095460703373,7.203692842802423
20,set4,50,34.49013656016427,1.1682983038461443,7.904358425433864
20,set4,51,26.434597085074135,0.9632817527716444,9.281084770635736
30,set1,42,24.807327140761053,0.5739881990508763,15.265287257046175
30,set1,43,13.741762021699449,0.30774949311283545,17.0728944306956
30,set1,44,26.48809885897161,0.7564860073213525,14.785138656000779
30,set1,45,20.83780671672532,0.5508959960752815,14.336817834030818
30,set1,46,37.22948802290173,0.9627779801170306,11.992102042140488
30,set1,47,28.801456014542225,0.7636197581301917,10.85455417614086
30,set1,48,20.208478424003573,0.4975325248219367,12.009346687720457
30,set1,49,18.469986786405475,0.5122334560213853,14.150696100398886
30,set1,50,17.485752409507278,0.4327435439486913,14.195388117166189
30,set1,51,21.985549322914416,0.554445940482833,13.406309277366072
30,set2,42,35.22637096849914,1.1551437613456461,13.191222398595158
30,set2,43,42.53841201908122,1.372290764902037,15.036529309365996
30,set2,44,31.95093250451817,1.1011817328140043,12.202048064537308
30,set2,45,38.282248917981086,1.1347360624501475,14.953380766293536
30,set2,46,42.661510842771634,1.4425944185573851,10.664578375191303
30,set2,47,47.585666748369064,1.7086491597536044,11.734364834175313
30,set2,48,39.052135476402235,1.4724640504471593,12.787546874754579
30,set2,49,41.72237027340648,1.5384089166239454,10.947553950805814
30,set2,50,39.01295927844445,1.2876166311048802,13.509350154852179
30,set2,51,33.00387173799527,1.2766396916942255,12.918339291825312
30,set3,42,7.692906866812317,0.20761086137308257,22.233081488702307
30,set3,43,4.158786142382079,0.10931878256500256,17.771363785102174
30,set3,44,18.626862331167548,0.45306714820762745,20.041044824749573
30,set3,45,22.683060251727273,0.6365247494553593,14.470829038464597
30,set3,46,22.196390588823988,0.5768995386301029,19.734999145439776
30,set3,47,10.199619412942305,0.24737116117203062,22.154649950842863
30,set3,48,16.76316009112804,0.3858429684508024,20.545281744947218
30,set3,49,10.535780366755226,0.26628442217059184,16.28697803251201
30,set3,50,14.001445273383032,0.37927516732005956,20.964763875934185
30,set3,51,18.164195042297518,0.4847635021374623,17.326896280495514
30,set4,42,38.32283257134728,1.3427738929943684,8.341194838854078
30,set4,43,21.031021362577537,0.6815967796129985,10.679214547634
30,set4,44,31.484729994869156,1.0567498097387968,8.842752255841063
30,set4,45,31.103863130581473,1.1641129300687285,6.432413140015672
30,set4,46,20.079787642393722,0.6677624167273833,13.054450190970337
30,set4,47,11.021870572556242,0.5270819209679193,10.237539273697102
30,set4,48,39.51122674170977,1.2913668992745204,8.197171178783524
30,set4,49,24.58025537819942,0.8291381023590807,9.942212892926408
30,set4,50,36.57685461760822,1.300475341230535,7.80821816932587
30,set4,51,32.41652532786842,1.1438581016186216,7.929636088699504
40,set1,42,36.837481980755186,0.9132079569474356,9.622373332296466
40,set1,43,22.39919622482558,0.5120226823299137,12.216405705692635
40,set1,44,13.075933927550517,0.33706490490313745,13.618602890928447
40,set1,45,23.188851341664908,0.702319785758529,11.243387669288015
40,set1,46,26.685176744531162,0.7604848608139646,10.030930674954641
40,set1,47,23.63578355656162,0.5953373341872124,9.790341322691296
40,set1,48,19.822869754690586,0.5642214907196816,14.381414237993226
40,set1,49,20.064181301214226,0.535887553229191,11.693383023397185
40,set1,50,28.54472938734267,0.7115906857827552,9.265725738553938
40,set1,51,17.04985733737984,0.4327092906430034,10.266882436384936
40,set2,42,36.13023670761541,1.296078376950863,14.761186977588133
40,set2,43,42.54484643129063,1.3432266038946623,13.239780796115113
40,set2,44,22.7707271122356,0.7919582054748328,13.109421736473594
40,set2,45,35.064130442972505,1.2556153527461897,15.062762785935663
40,set2,46,25.50738780539329,0.9943915109731088,11.912629422658977
40,set2,47,49.53950669217691,1.6433846641923406,14.029482652526983
40,set2,48,38.0487090628526,1.279587907426356,15.925844520007889
40,set2,49,39.76515031410202,1.307728830265716,10.715520479798887
40,set2,50,43.43557207488205,1.4935009416116458,11.030555958403435
40,set2,51,31.578668286958557,1.1720907315105666,9.923828063986372
40,set3,42,17.499900377299976,0.43214884276752497,20.566627515061437
40,set3,43,24.99593117376594,0.6801917712202789,20.39559924551956
40,set3,44,11.722270414886225,0.30288824037952883,17.14197756538703
40,set3,45,0.13788361988546147,0.004118233391059632,17.3273762267182
40,set3,46,18.35974710774545,0.4333714407358329,20.258272445925005
40,set3,47,16.07155813996341,0.373748157140168,20.25111396684466
40,set3,48,8.159323027218582,0.19200630259230517,20.096576822315036
40,set3,49,25.68427134110013,0.6739474411400665,18.190192380085467
40,set3,50,13.95440471498014,0.352722292293719,16.059000844675186
40,set3,51,8.60572872525768,0.20645052140903028,21.88776559089298
40,set4,42,36.170192125090686,1.275503538173027,6.866901077327331
40,set4,43,37.707316781333624,1.2493144113052679,7.241771096644439
40,set4,44,37.46626938948202,1.248026626600778,9.10124149056007
40,set4,45,37.89982731567423,1.244618753192219,8.53646024744109
40,set4,46,31.89734776507594,1.1226738816706592,9.087683515938792
40,set4,47,31.11076442534223,1.1774861743858165,7.613403557985874
40,set4,48,43.2523359654083,1.5006324415267394,9.530444650538088
40,set4,49,33.36631812201912,1.1480485957370832,10.336970466792481
40,set4,50,27.739127289896587,0.9872609985455856,7.695284269025468
40,set4,51,43.637874963842535,1.5401869528406604,6.828435049340871
50,set1,42,29.28519668868927,0.805103586427019,10.78235359867757
50,set1,43,19.44055343976278,0.5048682023843112,11.646865969073477
50,set1,44,28.253712180782436,0.6626317086726993,13.351617372683364
50,set1,45,18.745525564498536,0.4583797292255311,11.224947820705745
50,set1,46,36.87912534117797,0.9726079548076252,11.306003586294523
50,set1,47,25.694782388913328,0.6113015509936943,15.59151757782154
50,set1,48,30.36753705543662,0.7954886557070306,10.894871276868926
50,set1,49,21.359983195926457,0.5236612830896156,12.281275287106588
50,set1,50,31.016909373166357,0.868646436396722,10.891343310068315
50,set1,51,25.265946829242193,0.667233786089644,12.253062625524521
50,set2,42,48.580057594568636,1.6391036873400544,12.674057033052586
50,set2,43,44.46032175710579,1.5222976659841383,12.750382470369914
50,set2,44,45.115310771901854,1.5694203722899354,12.669166992291276
50,set2,45,44.913146368228944,1.5223745612673731,14.42609911860368
50,set2,46,44.20668217392063,1.5598455884168294,12.148145539621424
50,set2,47,32.7599010333076,1.051888446477036,14.483034142060221
50,set2,48,40.097152118562754,1.3989173589353052,11.158864538222526
50,set2,49,44.25092391929364,1.4774632859377912,12.409002078032797
50,set2,50,36.22155982736507,1.1552856603541037,14.727966236243677
50,set2,51,38.86448406743236,1.1993439036084048,13.33469704580228
50,set3,42,18.39861459948601,0.46350410454151614,21.038821767234158
50,set3,43,16.59703489891361,0.3712927744523608,25.158359846994305
50,set3,44,24.677342763922997,0.6005433850467372,24.585324491257495
50,set3,45,18.911345506007258,0.47796968819988667,20.722883605889432
50,set3,46,10.435755390509536,0.2790717732908112,21.320714805561295
50,set3,47,15.375411668001949,0.39561671349205235,16.947818581753367
50,set3,48,16.34073366803486,0.39240844248346346,23.462007297303174
50,set3,49,26.606398478540893,0.6722373523443134,20.868519746053604
50,set3,50,21.854427022513214,0.5504724276225553,15.825391762114045
50,set3,51,9.755246675527292,0.24145485646092876,19.960811514406114
50,set4,42,30.791865611674897,0.994462587442437,10.468792209070285
50,set4,43,30.83652323437055,1.0309505372810255,9.97242120751187
50,set4,44,31.513301106702734,1.1407825399114828,6.698435620374248
50,set4,45,30.730642684653198,1.0131425226996984,11.182289763289447
50,set4,46,30.51043096044638,1.0088415552115635,11.04122755105541
50,set4,47,37.023986505006576,1.3527145537610687,6.547322321876084
50,set4,48,31.214261379055085,1.0683383345520199,9.630807428536988
50,set4,49,39.87340436717196,1.4098229907230557,6.937058007147321
50,set4,50,40.2550949962589,1.3140826605161497,7.3742089672992215
50,set4,51,25.738429535747997,0.9012988994104307,8.733554176554994
60,set1,42,30.383937146156963,0.7488230510826336,11.805826018434335
60,set1,43,37.32673404830309,0.9474952041490265,10.233246309499329
60,set1,44,45.02343507986122,1.109488833293096,10.255131027955855
60,set1,45,39.46961729607231,0.998980352812165,9.573571615000029
60,set1,46,27.024136117036168,0.7157097108314969,12.716700302372699
60,set1,47,24.693365916576433,0.6291085384147549,10.10205066006569
60,set1,48,15.577167578135088,0.39117546408838944,13.340101509718693
60,set1,49,31.514876072258623,0.8685665330764004,10.298657888700596
60,set1,50,27.224914620370917,0.7056855704432162,10.523925949452828
60,set1,51,34.38160634643848,0.8865025207278571,10.377458973728348
60,set2,42,44.3488222170749,1.495153666200987,15.085028121470042
60,set2,43,37.42048083189529,1.178616072480088,12.185659193234555
60,set2,44,38.43646301731055,1.3154336684743495,13.544729364328234
60,set2,45,43.8449772018847,1.4308356263327113,13.314140234014571
60,set2,46,39.72320784000917,1.5009552470485688,11.776760906465771
60,set2,47,44.54338453672143,1.5006045087564963,12.121281688746718
60,set2,48,32.559419214058366,1.1745950774937761,12.765039018920879
60,set2,49,39.41165667492164,1.3990358018261801,13.04098114448396
60,set2,50,36.8819504727505,1.3755295300771277,11.7617206267937
60,set2,51,37.14819303368288,1.2643584753381691,12.143098948255101
60,set3,42,15.446376177727178,0.42381637447518183,17.227050650838994
60,set3,43,8.692582257435276,0.21837779612046182,18.754235135255012
60,set3,44,15.174808251315163,0.37020660328364735,17.081652204237667
60,set3,45,10.035668923992592,0.23507347732233233,23.249308457548505
60,set3,46,23.040959209862933,0.6395291982864796,16.027842758916567
60,set3,47,11.151282413639134,0.2660415306465705,19.54455217612742
60,set3,48,9.746639435419793,0.2525198970284771,22.167507827895122
60,set3,49,17.961326599107117,0.44117717270488144,18.27368284481226
60,set3,50,22.101487071599234,0.551155341261315,17.333664883042918
60,set3,51,24.406449730795753,0.593568936908485,20.319673908018885
60,set4,42,42.5401582174217,1.6206003195622705,5.061146369484196
60,set4,43,34.894171040265825,1.20239560620078,8.083130873318964
60,set4,44,23.599271299661652,0.7969821630254466,9.199273740292668
60,set4,45,42.088511078547306,1.4309143683985202,9.557237154227128
60,set4,46,31.04279451191521,1.0655796977581562,8.480176927255837
60,set4,47,27.23946880830177,0.8493731161881949,11.234237370020844
60,set4,48,39.88540835812392,1.2941026413731656,8.86967229449857
60,set4,49,35.01527037585809,1.1137273162082062,10.268178732523118
60,set4,50,31.358643116711495,1.1417390024193297,6.482318067688847
60,set4,51,30.333985231731237,0.9964010760536745,8.963567755891976
