suite,strategy,panel,seed,net_pct,sharpe,mdd_pct,turnover,cost_pct,n_days
8isl,sleeves_reg,set1,42,12.644238139197975,0.18063148616742702,44.82040490026658,0.12172935380401677,5.685791526244317,1249
8isl,sleeves_h5,set1,42,5.40617711965373,0.07218524179521003,47.485494478485585,0.2115264045331352,9.859416623059513,1249
8isl,rank_weight,set1,42,21.204712323917533,0.2633154989563601,51.08990524853384,0.13639922416107386,6.556285629986201,1249
8isl,banded15,set1,42,28.292003989156804,0.31465955679837987,55.98014913765421,0.23444737883377825,11.541201347402918,1249
8isl,banded25,set1,42,35.02938077614206,0.4049674711859103,51.26472890914528,0.09151495586255166,4.703576088459894,1249
8isl,beta_neutral,set1,42,12.32426841938442,0.15805854945758022,32.763626316679066,0.1423725414498653,6.307751863150475,1249
8isl,long_only,set1,42,70.35334047586181,0.5833564560431543,54.75026125214227,0.061426320819810955,3.471202894416052,1249
8isl,sleeves_reg,set1,43,42.31913707124807,0.6524506254430926,31.127330098633866,0.10741659724270677,4.929335845128287,1249
8isl,sleeves_h5,set1,43,47.90682998594133,0.6857034519820324,28.920442590160295,0.2024717928996041,9.28215262971609,1249
8isl,rank_weight,set1,43,45.1158304550903,0.5982906828397928,35.892503694648155,0.12329486117400994,5.768260729454619,1249
8isl,banded15,set1,43,31.50969675331256,0.3573513357395497,43.37311211985633,0.15367251134795576,7.760238532133263,1249
8isl,banded25,set1,43,63.63765390833943,0.777717795674393,27.982354919663393,0.06187010864844716,3.0739049696759895,1249
8isl,beta_neutral,set1,43,29.69335319851717,0.3853729024341967,25.908056624151342,0.13208874626753134,5.791188986006501,1249
8isl,long_only,set1,43,86.91046171835109,0.7285258395974721,52.88139754522749,0.051269728140586855,2.658313876062434,1249
8isl,sleeves_reg,set1,44,10.14842568368369,0.1422574573273912,37.3448257143728,0.13381600155061682,6.104492474105402,1249
8isl,sleeves_h5,set1,44,27.158626793475744,0.33227243392144007,40.21722726054304,0.24329023849442788,11.211788417633976,1249
8isl,rank_weight,set1,44,11.293502487298063,0.13570711585342374,40.5808785105542,0.1463747878703877,6.7474390981465255,1249
8isl,banded15,set1,44,3.0253637884496127,0.030346313253108423,45.11544163595796,0.337298534390216,15.991847305501825,1249
8isl,banded25,set1,44,3.5994930432399106,0.039543771776542516,33.57566642299169,0.1492663444790583,7.204914241880877,1249
8isl,beta_neutral,set1,44,16.535749037859645,0.19145320842144536,31.91539162683606,0.16028557694100423,7.015477679386795,1249
8isl,long_only,set1,44,61.518959923392316,0.4869146268498905,55.623704030129275,0.06629985436191937,3.419202655003869,1249
8isl,sleeves_reg,set2,42,61.97835697297158,0.7840841740212972,24.33918905729672,0.1359713460186585,6.971698763945992,1251
8isl,sleeves_h5,set2,42,53.762587450799174,0.6265668441247513,31.183482340343733,0.26133776163923605,13.47322566371343,1251
8isl,rank_weight,set2,42,63.15510676556541,0.7045886875350569,30.922280149253297,0.14947280726779208,7.887989191195133,1251
8isl,banded15,set2,42,60.38948794884412,0.5612439929672718,29.90360267873427,0.44680319719809725,23.89028641249728,1251
8isl,banded25,set2,42,54.617662832615956,0.5253673471006627,31.54050492479411,0.20607416095675465,11.978339176627111,1251
8isl,beta_neutral,set2,42,19.03668495562573,0.2216915609057073,31.93140375025994,0.17069831398034485,8.247928046285828,1251
8isl,long_only,set2,42,113.5960720656354,0.8132461122063415,48.05417741261984,0.06542692413947766,4.093987168638672,1251
8isl,sleeves_reg,set2,43,40.195272991554525,0.6889347227862428,15.04115161180227,0.13535676807130162,6.806623956723768,1251
8isl,sleeves_h5,set2,43,42.89730900869227,0.6669079593504128,17.638850461207664,0.24764821547563368,12.519271844570317,1251
8isl,rank_weight,set2,43,43.564474212726005,0.656816637277538,16.956595186905197,0.14813580678444396,7.639318013375264,1251
8isl,banded15,set2,43,47.83411059413014,0.5615000760314794,22.57883022202011,0.38985612508432843,20.847233045681087,1251
8isl,banded25,set2,43,52.91378894317174,0.627360003357066,36.91407084485556,0.16437736589483806,8.906360382624197,1251
8isl,beta_neutral,set2,43,17.9595101414842,0.3006527445463844,24.135279614793653,0.15151896228467085,7.3098644079202595,1251
8isl,long_only,set2,43,102.47816868720278,0.8256861058273824,47.16902443019302,0.06716874498848241,3.940471561121733,1251
8isl,sleeves_reg,set2,44,64.00446722187415,0.9428459057027718,25.787960659549846,0.13488402858341597,6.690114531746097,1251
8isl,sleeves_h5,set2,44,68.75282450545046,0.9164606212138242,32.02781007310864,0.24926468983476877,12.483125070447034,1251
8isl,rank_weight,set2,44,72.42949845613438,0.9370958233638055,27.840656246539503,0.14739117115030514,7.515021644413775,1251
8isl,banded15,set2,44,86.98022625613413,0.9787102623104076,31.475641649553076,0.34259440634298555,18.234105112485302,1251
8isl,banded25,set2,44,98.6161851419122,1.1257699747967385,19.082963970925782,0.15305066265625059,8.208601899704794,1251
8isl,beta_neutral,set2,44,46.014818182592336,0.6432906601406997,23.665888909844806,0.15310181138447138,7.362787254969735,1251
8isl,long_only,set2,44,109.44388482715281,0.8395250273023455,49.80355189100378,0.06553138683593374,3.7782400828117737,1251
8isl,sleeves_reg,set3,42,50.17172159292947,0.7259582340656666,19.248619634796878,0.10955191764730164,5.1260769620405755,1250
8isl,sleeves_h5,set3,42,55.93238107199402,0.7426136754851346,19.388938531583772,0.1918434009199179,8.86197613310045,1250
8isl,rank_weight,set3,42,55.6192697575713,0.7167434152621781,18.551702098266006,0.12577006715468048,6.0076888530079495,1250
8isl,banded15,set3,42,60.95538913716965,0.6668892890756108,17.309176234267557,0.1522568155431333,7.410629586739116,1250
8isl,banded25,set3,42,55.62496785591272,0.6438821340739613,19.84694777312789,0.06048738153480092,3.1081419354926134,1250
8isl,beta_neutral,set3,42,22.16165842538682,0.2525236903521765,30.357733899104872,0.14028829440790158,6.18761594438187,1250
8isl,long_only,set3,42,107.78193766460808,0.8319875743744208,44.404402997933175,0.05579072262112965,3.0105219467503987,1250
8isl,sleeves_reg,set3,43,28.268446710117175,0.413712082417294,15.942078213974394,0.14156776635765045,6.427128680186479,1250
8isl,sleeves_h5,set3,43,56.32089769017759,0.6903552450495059,17.19534275673933,0.24856745018741777,11.33153127331539,1250
8isl,rank_weight,set3,43,23.402810149944187,0.2997334746373099,17.2779901024316,0.15540890469629295,7.173182119641115,1250
8isl,banded15,set3,43,72.50609161657412,0.7815744155754594,27.392116792326256,0.20432380808896355,9.490254110386454,1250
8isl,banded25,set3,43,29.85874986305736,0.3502359025585192,20.329246896143466,0.10653597558518245,4.82924773646885,1250
8isl,beta_neutral,set3,43,44.08155791662422,0.5750243822604817,16.98356177159816,0.16595992234522305,7.3433581278512925,1250
8isl,long_only,set3,43,90.88950088609127,0.7125927196358071,49.51720750145082,0.07178287824400356,3.469689382417127,1250
8isl,sleeves_reg,set3,44,23.82276294580145,0.3138444671972699,27.698016091390187,0.1287289069246844,5.843291332981478,1250
8isl,sleeves_h5,set3,44,38.03995680609743,0.4532156517276753,25.890800131493663,0.24063379263743845,10.942962630788662,1250
8isl,rank_weight,set3,44,32.601561889052086,0.3848988600779583,24.250109153326143,0.14257951254424012,6.685016510351059,1250
8isl,banded15,set3,44,73.07913133721738,0.7157940280962156,22.12348758379973,0.2958259485469065,13.749912739841111,1250
8isl,banded25,set3,44,36.87744296723088,0.37786479141560547,27.562864191144133,0.13054032398601847,6.079318676931226,1250
8isl,beta_neutral,set3,44,5.236577316162101,0.05605321304732759,28.628310261125677,0.16800203460619983,7.032845477077165,1250
8isl,long_only,set3,44,82.05263109735496,0.6049407352247981,50.126357535225516,0.06424083442318515,3.5863789298084883,1250
8isl,sleeves_reg,set4,42,74.40130137353083,1.334083514115531,11.222436590006883,0.11981483217120309,5.47237920766185,1251
8isl,sleeves_h5,set4,42,71.16085662863118,1.1390638843286562,11.842998236279998,0.217775443500983,9.995957876623086,1251
8isl,rank_weight,set4,42,80.57016895237342,1.2712065842231823,12.757897888914298,0.13448016024321024,6.162546378768557,1251
8isl,banded15,set4,42,43.07267828119681,0.5328789848684643,29.395378226449072,0.23468566372641242,11.628734281159232,1251
8isl,banded25,set4,42,97.87871150835211,1.2765450914369008,9.485629206885825,0.09827322457810611,5.016569177260932,1251
8isl,beta_neutral,set4,42,66.5272760981792,1.078408672126484,11.191207305902138,0.1414767832652376,6.2761277368385455,1251
8isl,long_only,set4,42,101.04234847900302,0.8895918269170476,44.70634799139884,0.0642205795922038,3.133435726400433,1251
8isl,sleeves_reg,set4,43,27.371689052980386,0.48855029083933993,18.55463693330065,0.13978364068538882,6.341705071999366,1251
8isl,sleeves_h5,set4,43,37.321548932945156,0.5640260418025126,25.589064420921837,0.25619145032005536,11.51391470107486,1251
8isl,rank_weight,set4,43,31.933059860121908,0.5091516986415489,22.39491327497095,0.15229767207348208,7.0579369845190305,1251
8isl,banded15,set4,43,39.41924360589945,0.49471772836515715,26.81902500548683,0.42357274681961116,18.61480330108312,1251
8isl,banded25,set4,43,56.76965381490013,0.7613953069318268,23.73310069074501,0.20319980320285652,9.273436093970428,1251
8isl,beta_neutral,set4,43,24.40689769423253,0.4119732703808141,12.267092020794367,0.15311879522088773,6.877072785339183,1251
8isl,long_only,set4,43,80.23726389074551,0.691209449448195,46.32323815291876,0.07102539868084343,3.413295738096693,1251
8isl,sleeves_reg,set4,44,61.06302729733495,0.9600411867249632,22.434376148325452,0.10469097174104837,4.7834527376766,1251
8isl,sleeves_h5,set4,44,38.62973794622035,0.5386669743000002,32.27784811181346,0.1781800090723198,8.306064515600719,1251
8isl,rank_weight,set4,44,65.13588195996326,0.9059265139349459,26.83564882425522,0.12059042356187823,5.3818755317283085,1251
8isl,banded15,set4,44,59.139956782846106,0.7801576128677292,19.28406937999029,0.11483419293629436,5.46198855191458,1251
8isl,banded25,set4,44,77.72597604459934,1.0888590132875142,12.39852432873747,0.05547701314122039,2.89275444165977,1251
8isl,beta_neutral,set4,44,45.00571045937309,0.6049023476018641,17.420986650885197,0.12955831090879755,5.8997943131684885,1251
8isl,long_only,set4,44,91.40541147495868,0.7600955777451451,48.84767456456308,0.055316234278170846,2.589109428861621,1251
8isl,sleeves_reg,set1,45,47.491979093092915,0.7433410991642272,15.499253246959393,0.12454076981307852,5.669593222300854,1249
8isl,sleeves_h5,set1,45,47.05128339841102,0.6941125055901705,14.146240956367762,0.22587392759784183,10.39445754562715,1249
8isl,rank_weight,set1,45,61.20562521487874,0.8405443215576607,15.35832801101075,0.13957226099331893,6.490111769473186,1249
8isl,banded15,set1,45,56.34109611149212,0.6572152723854535,20.57266630005885,0.26510726499156884,12.690135491402154,1249
8isl,banded25,set1,45,49.11571184147105,0.5750813477067516,18.58594906091691,0.11121754814336972,5.560480480608145,1249
8isl,beta_neutral,set1,45,17.40729613588998,0.25561544730397834,17.1015719174281,0.14860525211684922,6.395459806386591,1249
8isl,long_only,set1,45,86.60266718767933,0.7180832056597656,45.98502201159146,0.061594155653465175,3.4746796095378345,1249
8isl,sleeves_reg,set1,46,28.702928718967115,0.3763914187350759,28.294370590509914,0.12195526461897757,5.61022429879681,1249
8isl,sleeves_h5,set1,46,40.745228813163635,0.4957475142689504,21.628604058659537,0.20722513088064576,9.490735663576851,1249
8isl,rank_weight,set1,46,39.769124063671136,0.4628746471268244,32.17746083172891,0.1355637160136064,6.365005323240849,1249
8isl,banded15,set1,46,54.349139635653465,0.5724860155423167,25.795541206362582,0.16023086136051962,7.981642975430858,1249
8isl,banded25,set1,46,7.448293496849817,0.08406698868306482,21.454049386789396,0.08167429067377682,3.947309410784022,1249
8isl,beta_neutral,set1,46,19.80602963576282,0.23983633792682105,29.406130876550428,0.14209788023763995,6.2848796653927845,1249
8isl,long_only,set1,46,81.45356131490081,0.6599778051694319,54.146038415291144,0.06240618980266046,3.248129923423952,1249
8isl,sleeves_reg,set1,47,-0.8619036842677695,-0.011990004645831966,36.74410714161802,0.10649884959979855,5.048662211511006,1249
8isl,sleeves_h5,set1,47,-8.587287354594295,-0.11163983952404272,39.288300083206984,0.20690531974660406,9.928886341300553,1249
8isl,rank_weight,set1,47,13.20945225406766,0.16691110042959192,32.00560942687465,0.12019207144185773,5.952501614522462,1249
8isl,banded15,set1,47,-20.308441932150227,-0.22845749707869745,33.644538495451805,0.1465292927177228,8.037875314928465,1249
8isl,banded25,set1,47,22.867511266646172,0.2703626765931475,20.691981076848506,0.06645848870678199,3.6779710017064544,1249
8isl,beta_neutral,set1,47,5.163203159608714,0.06999397659105261,22.105126260180306,0.12430877498547209,5.493898363404226,1249
8isl,long_only,set1,47,65.33949767035327,0.5494909875272178,51.65693107632401,0.05664069772006425,3.248909998032917,1249
8isl,sleeves_reg,set2,45,55.74606062298505,1.0281736658613136,15.863495854663034,0.1451478799114983,7.3357386565623335,1251
8isl,sleeves_h5,set2,45,56.55615126092817,0.8927675092877103,16.936566093237403,0.2775470268641724,14.044887354595149,1251
8isl,rank_weight,set2,45,61.48787074401688,0.9791591428840025,17.55214854007783,0.15731286392159624,8.175300275273486,1251
8isl,banded15,set2,45,46.36404546989109,0.4956006907991134,27.14229433512007,0.6024684374364733,30.686505647786568,1251
8isl,banded25,set2,45,83.80608236484278,0.9650368323987333,18.747273284802272,0.3012018213856664,15.647573460117805,1251
8isl,beta_neutral,set2,45,28.871716072260366,0.4951700011048547,16.560956336056787,0.17305627713978608,8.428994844957087,1251
8isl,long_only,set2,45,104.23729369237562,0.8328612691034586,47.035018630281726,0.0718994935439108,4.169433690623476,1251
8isl,sleeves_reg,set2,46,57.44848685033309,0.867952330512918,22.733908847593533,0.11490158149079199,5.795024389654646,1251
8isl,sleeves_h5,set2,46,58.96436369083781,0.8181771498708651,24.943145044147176,0.19919436404765634,10.127698214557931,1251
8isl,rank_weight,set2,46,69.91122565296851,0.903721571857119,27.20024406579684,0.12844039573669375,6.685109248709086,1251
8isl,banded15,set2,46,56.64001005682814,0.643961585860654,42.079351727919075,0.17826993721213047,9.723508987899352,1251
8isl,banded25,set2,46,77.3247240693689,0.9430039304309593,23.783015985945248,0.07971943857387194,4.46119833500294,1251
8isl,beta_neutral,set2,46,42.749698696421135,0.6089272786231922,23.375450603861104,0.13197020064059814,6.353090468089376,1251
8isl,long_only,set2,46,119.17592410357611,0.9652674634327154,48.6548325744345,0.05509752895920338,3.291683160316508,1251
8isl,sleeves_reg,set2,47,31.150084584048017,0.579876858417153,18.656906170731627,0.14883416081555598,7.469239944440243,1251
8isl,sleeves_h5,set2,47,21.301351677517324,0.3450442444060894,20.2159182806863,0.28233984279518076,14.20163366713541,1251
8isl,rank_weight,set2,47,36.151046790200695,0.5890101594784303,20.210176951530837,0.1611522313308376,8.195065687173347,1251
8isl,banded15,set2,47,38.522874300602126,0.400981059723383,25.275909517508637,0.5682723360041549,29.147040471572904,1251
8isl,banded25,set2,47,38.563902284447245,0.4144152212430277,24.41994321921883,0.2895065424467358,15.103244111274218,1251
8isl,beta_neutral,set2,47,3.3234710776793355,0.06104502417475353,31.65235487012047,0.15939809517691653,7.872951622513457,1251
8isl,long_only,set2,47,95.51324178020491,0.7888091494305433,44.96974941929507,0.07335976221163523,4.059301412851473,1251
8isl,sleeves_reg,set3,45,-3.8522394100177064,-0.057447899809739474,34.854057655590076,0.12269458985868513,5.623041590924039,1250
8isl,sleeves_h5,set3,45,5.876321252311897,0.07922391256102211,28.2457137035371,0.22029628950170985,10.147085879489337,1250
8isl,rank_weight,set3,45,-13.314638075112734,-0.17547145686846005,45.00626725881662,0.1374480575721372,6.395313304029233,1250
8isl,banded15,set3,45,38.982527741160986,0.42027751117577367,32.51579008005211,0.2387371264042596,11.450638548115297,1250
8isl,banded25,set3,45,40.80352610286545,0.4608141066056678,26.259451758153133,0.10962573817955969,5.428824608715365,1250
8isl,beta_neutral,set3,45,-7.185967657118297,-0.07327625919964982,39.9718369099232,0.15211893845244304,6.594355357028638,1250
8isl,long_only,set3,45,71.42212858081479,0.5545656125494401,56.6953307746856,0.05927719854356309,2.9997689461713106,1250
8isl,sleeves_reg,set3,46,-13.30314596709869,-0.2059525301210813,31.42610382324314,0.14481563912447873,6.511139623009097,1250
8isl,sleeves_h5,set3,46,0.18723507579105658,0.0025928676890026076,25.640380850598106,0.2572577847902891,11.503830436359342,1250
8isl,rank_weight,set3,46,-19.687921683926035,-0.2718535415025315,37.20100937026269,0.1571955766331418,7.140498279995979,1250
8isl,banded15,set3,46,30.776288924807517,0.3323109719162715,27.267627313777375,0.3523298149950624,14.998961892605946,1250
8isl,banded25,set3,46,25.43456567186948,0.29404057232934017,26.10997617082134,0.16692377765190664,7.319070380501546,1250
8isl,beta_neutral,set3,46,-30.428352182973317,-0.4553312584455736,41.977580386825394,0.16723865708202204,7.265637352587148,1250
8isl,long_only,set3,46,63.97287959651186,0.5171984247425945,40.5789875048751,0.07172937812897168,3.611069772867213,1250
8isl,sleeves_reg,set3,47,23.775471985034883,0.3979871922381704,18.651518669939506,0.13153921272596197,6.0204445700455445,1250
8isl,sleeves_h5,set3,47,53.65533621615077,0.796722338083193,13.467918668218248,0.23207944286214763,10.705656168666104,1250
8isl,rank_weight,set3,47,24.452882903175563,0.3580440814864515,25.158061815903647,0.1462419330259943,6.856546237504099,1250
8isl,banded15,set3,47,109.3495618297465,1.3120163254759045,14.771695194444815,0.20878062785825335,10.283020673938122,1250
8isl,banded25,set3,47,66.13551953669001,0.8347177929214445,21.045519821098036,0.09494983467743773,4.803807037809232,1250
8isl,beta_neutral,set3,47,19.498793704009444,0.2655004276633396,20.43311113881501,0.15286300605921138,6.7328930326121625,1250
8isl,long_only,set3,47,78.85197143118313,0.6487712382801056,45.54085699161171,0.06884707819790485,3.504693674600471,1250
8isl,sleeves_reg,set4,45,49.733281754135184,0.7404794484443339,17.782790869362152,0.11363759964882156,5.236189529392515,1251
8isl,sleeves_h5,set4,45,40.906101123407666,0.555916337859383,24.02923904674365,0.19541498396970092,8.897422177574814,1251
8isl,rank_weight,set4,45,58.95056154833451,0.7685408862031707,21.182272485271714,0.12850557789630027,5.925004855608063,1251
8isl,banded15,set4,45,59.26663001172098,0.7612482253741828,15.990011271318775,0.12440683291256231,6.2518025077413,1251
8isl,banded25,set4,45,49.44403262368039,0.6450404587071632,20.82887756591751,0.055868782964828494,3.0678482284712105,1251
8isl,beta_neutral,set4,45,39.057579981654406,0.5328144653733567,21.00056709183238,0.13215997340408228,6.071093692691793,1251
8isl,long_only,set4,45,95.4440921403229,0.8065522768336945,47.41946531837493,0.0550072533551303,2.5442713609101673,1251
8isl,sleeves_reg,set4,46,52.21711386734626,0.8562301993440403,15.746801259202234,0.12512263116223576,5.631694216756001,1251
8isl,sleeves_h5,set4,46,49.511490145221956,0.7036838990422185,20.94300284305947,0.22280677016200973,10.01701724081928,1251
8isl,rank_weight,set4,46,66.18368157475325,0.9622133692787919,17.95126636253886,0.1400199884131537,6.29297834088225,1251
8isl,banded15,set4,46,58.62458080190238,0.6922243155062117,19.021337474791274,0.23528053333326795,10.792819303197703,1251
8isl,banded25,set4,46,59.9006682442635,0.7236866894228221,17.82942632214844,0.10337823676990043,4.786139229954301,1251
8isl,beta_neutral,set4,46,52.60440556509705,0.8573661959194032,12.336302461853137,0.14427729054687627,6.3617788284290695,1251
8isl,long_only,set4,46,86.24840058727312,0.776586431226547,44.39368658159585,0.0629216075998181,2.948964139023967,1251
8isl,sleeves_reg,set4,47,35.3668813147432,0.5545512770366872,18.94432957082179,0.12197355101488418,5.5568333673364565,1251
8isl,sleeves_h5,set4,47,25.459787454494627,0.3498791675403471,27.52503860379527,0.23455671355877467,10.711838486543545,1251
8isl,rank_weight,set4,47,34.7397655913572,0.48601170126778026,21.420951478766916,0.1372651310830256,6.279701506320647,1251
8isl,banded15,set4,47,58.3783022921765,0.665978511844673,23.447521897364844,0.2682582573831453,13.770021641673688,1251
8isl,banded25,set4,47,62.00357858435763,0.8028559970782908,18.378550173027346,0.12159244380621102,6.621573603709554,1251
8isl,beta_neutral,set4,47,27.725699859702203,0.41946390236859593,19.170857556130027,0.14324145113885078,6.411035500053585,1251
8isl,long_only,set4,47,84.60301140145103,0.7332429380651027,46.013608167594995,0.060304407686233095,2.8696242049253815,1251
8isl,sleeves_reg,set1,48,-17.279850567360484,-0.23800704529188732,45.793132469990425,0.11411332212262897,5.403089522707517,1249
8isl,sleeves_h5,set1,48,-15.159198210771399,-0.19799521128436925,54.21565703215847,0.21897451785250252,10.294213615448262,1249
8isl,rank_weight,set1,48,-15.012686560504,-0.17972625741194792,50.38649426384233,0.12804249470333112,6.188175537986428,1249
8isl,banded15,set1,48,-19.509027126410935,-0.21239518029586488,48.342099989309745,0.25440203969814007,12.356320005609406,1249
8isl,banded25,set1,48,-2.197368242372915,-0.025253300478408427,45.40565350504502,0.0893823404833999,4.700808015660525,1249
8isl,beta_neutral,set1,48,-33.77217730011896,-0.43961335054686723,51.846112739587454,0.13824812595684702,6.155064736685041,1249
8isl,long_only,set1,48,46.707654508155116,0.3937090692319316,55.43872123832215,0.0613364070912666,3.41571054125787,1249
8isl,sleeves_reg,set1,49,-35.290385305937995,-0.4254278643718449,52.21636657436933,0.13907874066135162,6.382220844475006,1249
8isl,sleeves_h5,set1,49,-35.434874656137346,-0.3882290841893178,65.50698442274995,0.2505527194012147,11.39279068064795,1249
8isl,rank_weight,set1,49,-47.4669148726873,-0.5070670438362613,61.80849621469206,0.15270137877643528,7.087491894625186,1249
8isl,banded15,set1,49,-66.5740351881542,-0.6277215542689637,91.7866919050702,0.36874721618075507,16.257743107719435,1249
8isl,banded25,set1,49,-54.13543457369011,-0.5172670179717388,67.0951329636515,0.16899841212711436,7.5252569600523005,1249
8isl,beta_neutral,set1,49,-27.10444012381923,-0.439445471045206,34.06747855945968,0.1389493456198129,6.250244642851666,1249
8isl,long_only,set1,49,57.80308340189541,0.5782498374213276,43.50724180941043,0.06940853395332645,3.23916505685243,1249
8isl,sleeves_reg,set1,50,1.1197372972841044,0.014801607961493912,42.00938122133673,0.1323769154391726,6.0409198557565995,1249
8isl,sleeves_h5,set1,50,3.746581295436872,0.04479394232001695,41.40219356969024,0.23945878408403953,10.894178789648235,1249
8isl,rank_weight,set1,50,-3.443094975809638,-0.03893897048328473,47.67590834229043,0.1459801801234829,6.701287684832377,1249
8isl,banded15,set1,50,-23.134954519830515,-0.22650641931924392,72.21963410145587,0.28613889822362504,13.175904339956348,1249
8isl,banded25,set1,50,4.142958504998922,0.04256863178166661,60.14388273715671,0.13583801087097722,6.315417267725097,1249
8isl,beta_neutral,set1,50,-16.818529160972474,-0.19673568523289617,35.23142450280565,0.1556259256376271,6.819068718764153,1249
8isl,long_only,set1,50,70.95245885145151,0.5905973613714274,53.11234022421242,0.06783956266338272,3.4293352775345882,1249
8isl,sleeves_reg,set1,51,31.479586832534494,0.46100888826040937,35.19595763443089,0.12184859827187312,5.484667964303225,1249
8isl,sleeves_h5,set1,51,34.6596836593678,0.4609916046113359,35.92383455959948,0.22632824048291336,10.279892805672118,1249
8isl,rank_weight,set1,51,30.54384297841673,0.39414001473701504,41.35058944730145,0.1359773168472944,6.2316167547181776,1249
8isl,banded15,set1,51,23.558991463827766,0.2729049881563748,44.81599152332067,0.23219122441126697,11.13496351730907,1249
8isl,banded25,set1,51,39.80411152359121,0.47514182067456645,41.96631243469643,0.10219778620614506,4.82507744521545,1249
8isl,beta_neutral,set1,51,24.352343943124612,0.3154395659284501,34.399826392751535,0.1456493002733578,6.231028126074546,1249
8isl,long_only,set1,51,78.98478762027472,0.6318240565679913,53.69610457322146,0.05985757513635863,3.1877304746667052,1249
8isl,sleeves_reg,set2,48,78.58601473336665,1.2113108332196345,14.273123162149219,0.12805828594755955,6.419434189356526,1251
8isl,sleeves_h5,set2,48,93.89754934355413,1.3072910113228557,15.956981962951215,0.23569931449178494,11.970487330561369,1251
8isl,rank_weight,set2,48,93.80488080993533,1.24504945855748,16.025627160529414,0.1403887779831195,7.207808057758597,1251
8isl,banded15,set2,48,75.82459624826188,0.8068607977680342,43.51212300530145,0.30052695647292804,15.892416176430652,1251
8isl,banded25,set2,48,94.83573334979258,1.113335756234389,30.897043142143943,0.12587925180223386,6.995278510035645,1251
8isl,beta_neutral,set2,48,49.786797480560445,0.6746111894540365,22.14190311957544,0.15479487500666966,7.457965459952477,1251
8isl,long_only,set2,48,117.88247327596349,0.9248125227352555,44.496636304467316,0.06379579595134807,3.638467380608085,1251
8isl,sleeves_reg,set2,49,44.61999177613019,0.7519813869349055,19.795577504023555,0.14712291464609234,7.583633600241651,1251
8isl,sleeves_h5,set2,49,65.50189819556216,0.9743692183340102,22.578564638037594,0.28273049019136626,14.557291693199643,1251
8isl,rank_weight,set2,49,52.51791968850008,0.7790921877695937,20.76817788679119,0.15878445235729674,8.417966686567501,1251
8isl,banded15,set2,49,96.3326274505957,0.9601565226932566,30.648971612244875,0.6327702297937087,33.201927256732105,1251
8isl,banded25,set2,49,73.15422051861462,0.8150600833035212,27.009715152594577,0.31483041639916515,17.283313201092806,1251
8isl,beta_neutral,set2,49,26.439555131364305,0.4185706869065907,20.443180966484668,0.16821762440413857,8.396895831800752,1251
8isl,long_only,set2,49,103.77350867129826,0.8012882152287624,45.81740824820502,0.07082313999530947,4.288031697026616,1251
8isl,sleeves_reg,set2,50,64.76433939097316,1.1629971884076409,11.892476058189287,0.14106789878572026,7.014974412200242,1251
8isl,sleeves_h5,set2,50,63.481861062594724,1.0012784407394058,11.238166346222565,0.27061009178447903,13.577277723254177,1251
8isl,rank_weight,set2,50,67.1449823753425,1.0556024654052727,15.834731556445448,0.1541039139255947,7.9128190055415715,1251
8isl,banded15,set2,50,94.0252355193818,1.0066346128807682,17.48925789141815,0.5514636229171939,26.720559731899524,1251
8isl,banded25,set2,50,69.14892736278615,0.8434012188310354,18.81898463320507,0.26890649382709236,13.239253782395018,1251
8isl,beta_neutral,set2,50,41.656683008082936,0.6889482836776397,21.226122009361188,0.16365614688833513,7.750393855061585,1251
8isl,long_only,set2,50,117.92271603913846,0.9716637401164944,43.4256465050088,0.07079631127463053,4.039036702979067,1251
8isl,sleeves_reg,set2,51,38.63523634430767,0.7259390502745827,21.927760719738963,0.1483082664258301,7.758957977948225,1251
8isl,sleeves_h5,set2,51,33.817700145649454,0.5335725391267743,26.899226022317475,0.27815316732069867,14.556024636803176,1251
8isl,rank_weight,set2,51,38.781635094225884,0.6259911757531063,24.724825525727308,0.1600795736329895,8.90722962333078,1251
8isl,banded15,set2,51,33.114138767817245,0.3467542988457044,33.59602427455069,0.6140267962946369,33.59322904693324,1251
8isl,banded25,set2,51,-1.4299552723959934,-0.01670103368441904,44.675908676934114,0.29190397303202886,17.228638223120605,1251
8isl,beta_neutral,set2,51,24.362927855492984,0.42353896981010436,20.99893156559295,0.16422395906079998,8.272549164946188,1251
8isl,long_only,set2,51,94.90510315336024,0.7604645891504942,46.14686818864993,0.07286214697159175,4.770670832708827,1251
8isl,sleeves_reg,set3,48,26.177895262079765,0.3645072447843282,16.345219962055324,0.11481879985121031,5.332163136576668,1250
8isl,sleeves_h5,set3,48,42.03708268916953,0.5389997572099018,17.05744403065049,0.20629275789336252,9.613847688149216,1250
8isl,rank_weight,set3,48,31.25658271939932,0.38600500452461717,17.029299747196752,0.1306596805656617,6.17670226933208,1250
8isl,banded15,set3,48,40.12326575658708,0.4349610439751965,20.04147503767699,0.17913683962099594,8.70280800276498,1250
8isl,banded25,set3,48,30.811996636655536,0.3438015272849634,19.038784946253205,0.07487819360918556,3.7831911501631894,1250
8isl,beta_neutral,set3,48,2.905274086233277,0.029856619493324316,29.664097482419432,0.1448313358152976,6.453871893442323,1250
8isl,long_only,set3,48,91.0362656902436,0.7043068086266423,47.844227749234705,0.05792263505714315,2.9352782903088013,1250
8isl,sleeves_reg,set3,49,31.14368431274317,0.43292654451943485,30.15230991166054,0.14067623999856008,6.390901146531279,1250
8isl,sleeves_h5,set3,49,54.747919417121594,0.6891652337858734,33.20671350634717,0.24499800852560816,11.132504155185291,1250
8isl,rank_weight,set3,49,34.54440560170091,0.41738301792981136,33.706662807234125,0.15334812776879544,7.128789436265658,1250
8isl,banded15,set3,49,28.997386430548843,0.3018648825298589,31.757276503362363,0.3217190516166804,14.894204017643617,1250
8isl,banded25,set3,49,87.62927846661532,0.9277325096675773,27.492136770437455,0.15175355225852635,7.082676847229818,1250
8isl,beta_neutral,set3,49,48.53426432169952,0.43799842565542046,23.37601244390974,0.17662022547077058,7.723108393333345,1250
8isl,long_only,set3,49,94.29578422142775,0.70040933862808,55.47678805858283,0.06847398244247514,3.4552597267089498,1250
8isl,sleeves_reg,set3,50,3.282954721409565,0.05175239320479543,26.933673431101084,0.12686077506079016,5.772603821654254,1250
8isl,sleeves_h5,set3,50,16.77958603464068,0.23879838178787186,26.439300302400447,0.23912571112224534,10.919736234165386,1250
8isl,rank_weight,set3,50,-2.239865277047,-0.029936700685002142,32.18014222519503,0.14002477878275194,6.521260251306327,1250
8isl,banded15,set3,50,9.044815734629982,0.10733400271800389,32.87526134759801,0.3199205788480398,14.441326924465386,1250
8isl,banded25,set3,50,23.83265375282563,0.2867721450625147,23.287168491401385,0.15258165377423027,6.89782941174583,1250
8isl,beta_neutral,set3,50,7.226094064058761,0.08181106686702222,29.218026163979378,0.15399854914086972,6.749825620244761,1250
8isl,long_only,set3,50,84.6231210412843,0.6802885535937959,50.1683587070482,0.06483234293079913,3.205444213080051,1250
8isl,sleeves_reg,set3,51,-3.1871298420951466,-0.03855320370275931,24.875775330185153,0.12876198617501894,5.909683528434724,1250
8isl,sleeves_h5,set3,51,17.28732093634732,0.1900520064742824,28.51817048118634,0.23848943323341687,10.927381477155173,1250
8isl,rank_weight,set3,51,-1.7973765323181041,-0.0192385546340863,28.92657527126027,0.14164792507535037,6.5704969636894335,1250
8isl,banded15,set3,51,15.579316340256048,0.14730833842194352,35.24158597396222,0.1979263696307184,9.193885892532691,1250
8isl,banded25,set3,51,24.401051628939534,0.22655463805077963,20.541878336100307,0.10158538521929308,4.83612099356123,1250
8isl,beta_neutral,set3,51,-1.510303815413817,-0.01426254972176041,33.69892792628643,0.16393865097274724,7.200639222543234,1250
8isl,long_only,set3,51,70.88970739372907,0.5292672226774737,53.21695355392095,0.06487606910214147,3.226284264854756,1250
8isl,sleeves_reg,set4,48,40.15558745108168,0.7105247783546405,22.275864751289976,0.12623848284458478,5.773570728175057,1251
8isl,sleeves_h5,set4,48,43.88090313297871,0.6896840575916466,22.407910628551576,0.23335962934125756,10.686138819724585,1251
8isl,rank_weight,set4,48,39.69771791540803,0.6194788637239337,24.84588270414849,0.13947692481106938,6.474684447516978,1251
8isl,banded15,set4,48,83.92189292857253,1.0524721908077692,37.408150589206066,0.27252750982152074,12.444423740831217,1251
8isl,banded25,set4,48,55.83937080803595,0.8072192729247076,21.386096977482424,0.12363613726887858,5.619164198486719,1251
8isl,beta_neutral,set4,48,39.26026719993291,0.6769033854705871,15.15480894913418,0.1413886248855658,6.371949520980669,1251
8isl,long_only,set4,48,83.88138786169952,0.7345030653755429,47.605766137867846,0.06565822274814048,3.1590057259297297,1251
8isl,sleeves_reg,set4,49,21.682068898630934,0.36702614385413196,24.02263109819712,0.12674296590588047,5.8122132441799685,1251
8isl,sleeves_h5,set4,49,29.83644477086211,0.4419785107723139,16.508448388625887,0.2417793639844921,11.154384992943495,1251
8isl,rank_weight,set4,49,24.68480671899306,0.35521921933423317,27.51147697513826,0.14058912262821072,6.438203033960467,1251
8isl,banded15,set4,49,49.59912491550969,0.6344281176360467,18.787615337884205,0.2559332734305321,12.301820331625184,1251
8isl,banded25,set4,49,28.0448411372214,0.35088484929384284,31.801771410458322,0.1186388326399168,6.122094188558103,1251
8isl,beta_neutral,set4,49,17.42507459767443,0.3209172847887514,16.494422479414457,0.13835428673053257,6.325471779353212,1251
8isl,long_only,set4,49,75.95020917723662,0.715003622242176,45.53757327695506,0.06309999978611647,2.7511419511478716,1251
8isl,sleeves_reg,set4,50,51.92786496866726,0.8025725310178348,18.429109407054835,0.09793236466297978,4.613072081063685,1251
8isl,sleeves_h5,set4,50,75.06948426293565,1.0747183168626346,11.377592845539873,0.1752559014119911,8.111039721436024,1251
8isl,rank_weight,set4,50,46.010672110648386,0.6180217201939722,24.27369208091768,0.11428055662686722,5.324195538613419,1251
8isl,banded15,set4,50,88.18496731082244,1.1140818827059207,18.238207847368727,0.12725194956941727,6.487546128996232,1251
8isl,banded25,set4,50,115.69597338598776,1.4438251184710216,13.88542979705701,0.0519532228516102,3.058727722057283,1251
8isl,beta_neutral,set4,50,50.80307108540305,0.7187979441587056,27.083887295676845,0.11982447137900032,5.458606546417348,1251
8isl,long_only,set4,50,80.0455853364333,0.6836856042234625,45.34795385942533,0.055473200655832146,2.7215338736449257,1251
8isl,sleeves_reg,set4,51,47.127690198738925,0.8294780224505636,14.18107053908781,0.10774563827411911,4.946098765343021,1251
8isl,sleeves_h5,set4,51,43.71919539051895,0.6875152471090761,19.924118870904643,0.19713312122945406,9.14089551845963,1251
8isl,rank_weight,set4,51,50.818073272609254,0.7919858389346194,15.828569125966213,0.12214931408922342,5.488363713448727,1251
8isl,banded15,set4,51,81.33839770684543,1.1063458962618666,21.681921776045616,0.14947807533801125,7.288599682895063,1251
8isl,banded25,set4,51,61.02599374725928,0.8358569721023265,17.602392115050257,0.06377944095355641,3.2437444031105174,1251
8isl,beta_neutral,set4,51,40.05893748650157,0.6299906478642243,16.469853194435885,0.12703910160569756,5.676416065102033,1251
8isl,long_only,set4,51,94.08409382324845,0.8103763367433643,44.173212936138725,0.05611663579461497,2.7191189357973014,1251
40isl,sleeves_reg,set1,42,50.2023934555234,0.7104276079661576,25.786324092006446,0.11508754187126563,5.321184625887858,1249
40isl,sleeves_h5,set1,42,56.33518815336787,0.735362238124304,24.576444533285972,0.2024415280134839,9.409626935392037,1249
40isl,rank_weight,set1,42,60.05561404681096,0.7478948659781491,25.38078151436395,0.1293687322496951,6.067633316190104,1249
40isl,banded15,set1,42,62.666192320071964,0.7145663893366818,24.181071857102843,0.15818902320558992,7.772374533010925,1249
40isl,banded25,set1,42,52.919647313560034,0.6352522443258913,21.539550523171176,0.07057899901497358,3.3551019440072842,1249
40isl,beta_neutral,set1,42,36.26550566762721,0.4622130911290408,18.79722185560907,0.1378598780632844,6.027739175886376,1249
40isl,long_only,set1,42,91.8017169663007,0.7368049298296756,50.705524178060735,0.05918198025095034,3.17317521567127,1249
40isl,sleeves_reg,set1,43,28.032889393150313,0.37476632060569415,31.72317579429543,0.11617221600777321,5.302947081403723,1249
40isl,sleeves_h5,set1,43,44.965389174721196,0.5628895923112406,23.89789110381139,0.19936764431256965,9.12303381903146,1249
40isl,rank_weight,set1,43,34.25160310234905,0.3939619246186306,34.6158850581347,0.12997881997449753,6.019687758225817,1249
40isl,banded15,set1,43,27.573818734717488,0.31949918021183465,35.48311179387115,0.13621496592577537,6.692993444084169,1249
40isl,banded25,set1,43,56.41656383775254,0.6828194512479608,20.191883038182905,0.06487426333930309,3.2092160501774574,1249
40isl,beta_neutral,set1,43,21.329781643915908,0.25314207161417374,26.411674394685836,0.1375840867652366,5.963005505734084,1249
40isl,long_only,set1,43,82.16380147715554,0.6598196015310217,53.19841353647556,0.058839190984759364,3.1512758812903074,1249
40isl,sleeves_reg,set1,44,24.49517584109384,0.3282618437821012,30.94051841151153,0.11379451538200758,5.152752377178051,1249
40isl,sleeves_h5,set1,44,33.07100763332523,0.4157155062371859,32.09655751380865,0.21138881416373892,9.62719512192449,1249
40isl,rank_weight,set1,44,27.2004180669409,0.316983874953487,32.61265199382099,0.12796657793737204,5.902824807009625,1249
40isl,banded15,set1,44,33.796684038601775,0.37385793366719827,32.33234716932615,0.19627887610069827,9.114056806542479,1249
40isl,banded25,set1,44,64.09970290337145,0.794522959195354,13.245473824542001,0.08531927329869524,3.9033648653705186,1249
40isl,beta_neutral,set1,44,6.871874377380516,0.08872635488211589,26.056401219688542,0.1387469746091369,5.913621810824197,1249
40isl,long_only,set1,44,80.85532096101569,0.6697028001750924,47.78366424383544,0.056320051223237376,2.995510092860396,1249
40isl,sleeves_reg,set1,45,28.559527339997633,0.43001017309430406,28.622590594402382,0.12113792751067416,5.545384730652079,1249
40isl,sleeves_h5,set1,45,46.818054703656095,0.6502048867897243,22.637530119836605,0.2215628828698403,10.175014531278935,1249
40isl,rank_weight,set1,45,36.637438633879995,0.49296706406228175,30.597708233457325,0.13617223345994944,6.392031101248627,1249
40isl,banded15,set1,45,52.90415572137399,0.6255201374783264,23.1011544382657,0.25085658311357956,11.88901276027633,1249
40isl,banded25,set1,45,76.37926948637319,0.9431676926971468,16.66888994693662,0.09100543657987403,4.44641033649491,1249
40isl,beta_neutral,set1,45,20.719346532796884,0.2568213965825558,26.700774249957597,0.1542636194481225,6.511212557365715,1249
40isl,long_only,set1,45,75.96608347607815,0.6227248882296047,54.63642733611368,0.06139620567904805,3.4533670612943417,1249
40isl,sleeves_reg,set1,46,31.2518666026686,0.46788428214863875,27.600234114931204,0.12104343757049417,5.53037699823283,1249
40isl,sleeves_h5,set1,46,64.8470831601629,0.9066614965333931,23.530608963357924,0.22541037666338914,10.228799397428233,1249
40isl,rank_weight,set1,46,32.41497846069951,0.4189377513478948,27.611348406538106,0.13460697708952368,6.265644103088658,1249
40isl,banded15,set1,46,37.996128580539946,0.4542536227968587,34.80223613220295,0.23517928661214163,11.043125213948464,1249
40isl,banded25,set1,46,49.594065857330406,0.6141232395340172,21.285175881212144,0.09033861573441937,4.321541888948296,1249
40isl,beta_neutral,set1,46,16.231331612338565,0.21887509220506765,27.281985229375366,0.14797184163693838,6.350650724522577,1249
40isl,long_only,set1,46,75.85215472276113,0.6140293348242246,52.366854925912484,0.060223632486611695,3.287854489229614,1249
40isl,sleeves_reg,set1,47,31.17373803284536,0.4393552879129864,30.27931434747872,0.10486823239761282,4.857828554178915,1249
40isl,sleeves_h5,set1,47,50.831473201892905,0.6747836722192265,20.11807526293825,0.17742872126784198,8.08429169960614,1249
40isl,rank_weight,set1,47,34.65156470091968,0.42705062217726364,31.242046310937745,0.11933721060458118,5.563129134599189,1249
40isl,banded15,set1,47,43.8646872093304,0.5361920654835339,19.784993661387247,0.09795629051595812,4.9268646720647995,1249
40isl,banded25,set1,47,48.22980928181978,0.5887562848341676,32.354813286305784,0.04629848126457087,2.3420514753902686,1249
40isl,beta_neutral,set1,47,19.03526189608949,0.2412652669823141,26.399132408444814,0.12578360694804014,5.514174037983938,1249
40isl,long_only,set1,47,81.00856999207893,0.6608007552253222,52.376945739209546,0.05313503380425533,2.8429059432574553,1249
40isl,sleeves_reg,set1,48,23.227253592928072,0.3572660146459319,27.19680412158495,0.12535128218959726,5.717312444284783,1249
40isl,sleeves_h5,set1,48,40.24660847258168,0.5682225965572536,27.272574253155863,0.23201890800207742,10.502328638203908,1249
40isl,rank_weight,set1,48,25.061617503769362,0.3397005747894136,30.50527144047536,0.13923988958354283,6.532594896786385,1249
40isl,banded15,set1,48,24.60182049555376,0.28379981091763135,29.608482957524235,0.2948028214793755,13.538155086333497,1249
40isl,banded25,set1,48,29.655018308382264,0.36561207922363237,23.13142276909624,0.11876046486362413,5.6088545070342795,1249
40isl,beta_neutral,set1,48,11.38921069766761,0.16042291396695932,23.775336132549896,0.150030663725908,6.422248457497631,1249
40isl,long_only,set1,48,67.01987600333824,0.553587188031812,54.14495085775819,0.061679167452848176,3.4807384480525094,1249
40isl,sleeves_reg,set1,49,28.72135417015018,0.3839881585280293,33.96407229108933,0.10323103794241772,4.780791170532557,1249
40isl,sleeves_h5,set1,49,42.03442301134182,0.5276867593373618,34.186465540553975,0.18871273084918053,8.641342458030724,1249
40isl,rank_weight,set1,49,33.69684444486694,0.392830566205783,37.88209926088833,0.11884280249847969,5.68727665846094,1249
40isl,banded15,set1,49,44.68467191685677,0.4791094391696119,35.243680850097306,0.11451215252350969,5.742525574446688,1249
40isl,banded25,set1,49,52.16803608448958,0.5983812125709556,34.435195357928265,0.046992009638749395,2.4475600231859285,1249
40isl,beta_neutral,set1,49,31.260014992424523,0.3915220914773744,29.252507511066838,0.12258849366197247,5.392225685306445,1249
40isl,long_only,set1,49,79.06744415014886,0.6346860488797575,53.593246648389496,0.052458910256259594,2.8672554073243366,1249
40isl,sleeves_reg,set1,50,56.66897358253207,0.7311703703243501,33.266264083774395,0.10564655285258659,4.825366235730904,1249
40isl,sleeves_h5,set1,50,71.47929816351596,0.8560129439504244,37.63140223185902,0.18324663361938626,8.403193592095294,1249
40isl,rank_weight,set1,50,60.84140458186232,0.6965387117900502,32.400616734470525,0.12001915236365755,5.577411033711904,1249
40isl,banded15,set1,50,59.21527659294714,0.6927207130476941,27.831866455576947,0.1095870952350881,5.190492860900417,1249
40isl,banded25,set1,50,59.09262500829254,0.6863876615545917,28.281792709042147,0.04171993205846348,2.043362385343882,1249
40isl,beta_neutral,set1,50,46.21579520610225,0.5579266268316498,26.01036465078812,0.12820350096598504,5.547712415036615,1249
40isl,long_only,set1,50,93.07666611198918,0.7150947960364377,54.951055755856146,0.053212847625713364,2.88074781006267,1249
40isl,sleeves_reg,set1,51,26.952267193875283,0.3758257633281422,32.34086986166337,0.1056317914277554,4.883444894544464,1249
40isl,sleeves_h5,set1,51,37.20931460411083,0.4880782970344895,30.289156463176898,0.18821626525307958,8.700178546653197,1249
40isl,rank_weight,set1,51,28.516105327540554,0.3452474513703255,38.40044923183473,0.11998175794917514,5.624566346579577,1249
40isl,banded15,set1,51,61.259111764548734,0.7337004763087492,27.844629741815822,0.1271550996095583,6.700542612560164,1249
40isl,banded25,set1,51,35.041848448806604,0.44805711290964606,19.30695758365931,0.0465903486863854,2.305059066620858,1249
40isl,beta_neutral,set1,51,13.758323338875197,0.17231462042913254,32.51303843782563,0.13071018929167819,5.683684619451381,1249
40isl,long_only,set1,51,79.59407714558897,0.6421802533604861,55.397635380013014,0.05492534677016456,2.946277762818499,1249
40isl,sleeves_reg,set2,42,70.50458459878931,1.1875584966574178,22.440635183944153,0.1329791212418314,6.7986125256262,1251
40isl,sleeves_h5,set2,42,70.68133259479893,1.0692365010448655,23.94924269771858,0.25144591767904134,12.962280944148528,1251
40isl,rank_weight,set2,42,81.75221922968768,1.1945129450570204,20.240799061879517,0.14476653071971718,7.768087606028974,1251
40isl,banded15,set2,42,86.50817238718356,1.022334946948756,19.490772923052344,0.4522134874765749,23.84028148396019,1251
40isl,banded25,set2,42,54.89990874227002,0.6599884488820484,28.58954398591347,0.18962899435647337,10.595357154468372,1251
40isl,beta_neutral,set2,42,47.42309462777118,0.7276556687345027,20.107372857978394,0.15756054090884605,7.5784247921386045,1251
40isl,long_only,set2,42,117.5921236783759,0.9316919970897708,47.43607718248951,0.06662937355893024,4.263185847444875,1251
40isl,sleeves_reg,set2,43,81.8367946975255,1.2746882486760405,22.18546205720137,0.13139085034026507,6.672079876864884,1251
40isl,sleeves_h5,set2,43,80.55109818720489,1.1625219989310827,24.19892578228362,0.2401435428162898,12.232946484528348,1251
40isl,rank_weight,set2,43,94.91671446001861,1.2493499693492998,25.32018667404064,0.14377719059324098,7.486833937544949,1251
40isl,banded15,set2,43,102.47382301133892,1.1530741196596683,18.129827558436958,0.35005035442987587,19.232971009986183,1251
40isl,banded25,set2,43,80.35903788678192,0.9169223820172737,28.69351359932369,0.1527116077795017,8.556068896419163,1251
40isl,beta_neutral,set2,43,61.43643357749394,0.8701275365869463,22.100688526153625,0.15583464794116222,7.5444525066683195,1251
40isl,long_only,set2,43,119.9108710953386,0.9310171299713983,49.69300876025752,0.06471502146532561,3.8286339071064037,1251
40isl,sleeves_reg,set2,44,53.712339192234836,0.8256136283802903,24.882035058440927,0.14087708132028315,7.1424899135191735,1251
40isl,sleeves_h5,set2,44,48.51169032469479,0.6547088306513741,32.07688173279552,0.26983160658959415,13.638009181196782,1251
40isl,rank_weight,set2,44,66.7519288807251,0.8812540614828356,27.84380795798563,0.15304867001260233,7.970478258673055,1251
40isl,banded15,set2,44,66.85122244476153,0.6818210696196667,37.02506107650746,0.49675837791914856,25.39711167068525,1251
40isl,banded25,set2,44,53.30806643152811,0.6138757365439136,22.80001414630575,0.22056769547344032,11.72978104444096,1251
40isl,beta_neutral,set2,44,39.84863192384795,0.561229126486764,24.0110030623688,0.16088946089317616,7.868775940604528,1251
40isl,long_only,set2,44,103.34297386855084,0.800985925204655,48.80581756751179,0.06889287712538145,4.130570351857431,1251
40isl,sleeves_reg,set2,45,70.81919241145732,1.1185323832344236,18.99643357283738,0.13557322233354355,6.906810139404412,1251
40isl,sleeves_h5,set2,45,52.34088289437307,0.7552009951897315,21.91092261416623,0.2565120283909286,13.151978114649705,1251
40isl,rank_weight,set2,45,80.21790440109662,1.0859072501609621,23.67834741660911,0.1476001237955318,7.765970247994574,1251
40isl,banded15,set2,45,77.84997935023434,0.8282961889508259,29.29679675901639,0.4613376916196901,24.375246567025293,1251
40isl,banded25,set2,45,63.823697316885976,0.7105057589017434,28.680246001649618,0.19826193680005802,11.056877836067258,1251
40isl,beta_neutral,set2,45,42.73607865245747,0.6109850198225752,22.86149761370478,0.1647754554069696,7.914516840460718,1251
40isl,long_only,set2,45,112.05346886098351,0.872561672536701,48.82803039781093,0.06550037258094593,4.055638703569246,1251
40isl,sleeves_reg,set2,46,67.99128674126925,1.0909960642226078,16.9842551002198,0.14154054856662027,7.09262727706793,1251
40isl,sleeves_h5,set2,46,59.03117506716988,0.8794012274801817,20.429610910184145,0.27141095065301973,13.647392601408617,1251
40isl,rank_weight,set2,46,79.07996692687021,1.0964217307377322,21.027482168311447,0.1541050676233602,7.928016207255824,1251
40isl,banded15,set2,46,56.771796353818594,0.6109755290849586,29.8540855844096,0.564387106554545,29.005910094039947,1251
40isl,banded25,set2,46,76.33045559013479,0.8303355239264059,28.55389051870371,0.265569172882926,13.785040187235387,1251
40isl,beta_neutral,set2,46,37.18621805109289,0.5596423067573095,17.415795700460396,0.16781612018164693,8.025655925579889,1251
40isl,long_only,set2,46,110.83260097990153,0.8570359062252358,47.01470836205878,0.06985734536178317,4.203790939276498,1251
40isl,sleeves_reg,set2,47,93.46686391031574,1.3562902104911483,21.02958702328682,0.12544287140752014,6.388175634575667,1251
40isl,sleeves_h5,set2,47,85.83143513956884,1.1355804689478035,27.4149257023939,0.23667525498213293,12.101199666362174,1251
40isl,rank_weight,set2,47,99.99718927898506,1.258739854952564,26.372998805604965,0.13834231455324697,7.359872432902722,1251
40isl,banded15,set2,47,80.78991232060181,0.8582188327853679,33.26808206595156,0.3328280844095249,18.16569903593808,1251
40isl,banded25,set2,47,76.38078974095158,0.8628828399334562,29.565385008642725,0.1315219898402893,7.418888711845353,1251
40isl,beta_neutral,set2,47,75.04528285762298,0.9972600075770849,21.07869060355685,0.15107199004065172,7.254672033369288,1251
40isl,long_only,set2,47,132.5015906879556,1.015835409357053,46.48073554628455,0.06267497966967835,3.8856795740990178,1251
40isl,sleeves_reg,set2,48,75.5466845674751,1.1904701761979228,14.601128905660795,0.1326255740917742,6.661982822128809,1251
40isl,sleeves_h5,set2,48,73.97923054622369,1.0558657106052147,15.100837078574164,0.24317133800589846,12.259476995216211,1251
40isl,rank_weight,set2,48,81.92183090966346,1.1056495784534177,20.933611726781706,0.14462972464924786,7.520418128585638,1251
40isl,banded15,set2,48,53.729469898150775,0.5927689169299554,23.42249527685591,0.35256661242170806,18.606532391639444,1251
40isl,banded25,set2,48,47.636903880106566,0.5749065415331497,18.282292621794287,0.156774787018568,8.408924363912568,1251
40isl,beta_neutral,set2,48,49.14366337861399,0.7154124489436992,20.71987999367574,0.1508413468041211,7.265681124799076,1251
40isl,long_only,set2,48,127.69018771680783,0.9958818574251833,46.078615659722914,0.06529716691790402,3.8130131281454247,1251
40isl,sleeves_reg,set2,49,78.59013190204523,1.2333574861049201,22.467217413706305,0.13094175141446981,6.719869639876299,1251
40isl,sleeves_h5,set2,49,83.40593919095993,1.16351362308996,26.041338314546632,0.24298628596764543,12.532075447954634,1251
40isl,rank_weight,set2,49,87.75047601334198,1.1672087246172893,27.923392438597403,0.14406116306131053,7.630923002167452,1251
40isl,banded15,set2,49,78.33922539774258,0.8288433597374963,19.01138354456396,0.3788045844096285,21.544581097108324,1251
40isl,banded25,set2,49,83.33336382318802,0.9307667416183233,34.68832594547251,0.17432893156919177,10.280663054071253,1251
40isl,beta_neutral,set2,49,65.21568213246921,0.9273633083887272,22.785982583041623,0.15441298117532798,7.6320707650306865,1251
40isl,long_only,set2,49,121.57506266486008,0.934753219309628,47.48206839886072,0.06384387210293262,3.8043967628529356,1251
40isl,sleeves_reg,set2,50,87.76459307281796,1.2578746679781225,25.243091112247317,0.13118087602276887,6.599814499813701,1251
40isl,sleeves_h5,set2,50,90.88043263503086,1.1765823282293586,31.78323837299602,0.252420550678559,12.741970947919167,1251
40isl,rank_weight,set2,50,105.3209434088666,1.3070493974253896,31.28792202779143,0.1438316350055373,7.434262165515215,1251
40isl,banded15,set2,50,65.15033738698338,0.6701160444657766,37.71211808932352,0.39799163368966467,21.247979302797013,1251
40isl,banded25,set2,50,80.8097840269718,0.9323711426776085,37.055789362160375,0.16367214044200207,8.812831210890744,1251
40isl,beta_neutral,set2,50,68.66216214561416,0.9109528766498515,23.342587588629446,0.15398317030414777,7.463398156696943,1251
40isl,long_only,set2,50,122.88360047827214,0.9136456279563769,48.978802529000944,0.06573807431069234,3.84602160046134,1251
40isl,sleeves_reg,set2,51,62.04208429706508,1.1367030242762535,16.12353774179282,0.13995517794158308,7.101492080880706,1251
40isl,sleeves_h5,set2,51,65.1058269739623,1.0445091553370485,18.431761364251546,0.2699023676785358,13.67777303304318,1251
40isl,rank_weight,set2,51,73.12499066666977,1.1126699735936842,23.552220078658344,0.15297337645681755,8.004592501249975,1251
40isl,banded15,set2,51,88.64054895593839,0.976352415747792,24.936157377310025,0.561575351555365,28.72918337437531,1251
40isl,banded25,set2,51,81.30327865377429,0.9796213331954747,29.17483626442076,0.24989354390179905,13.108395136221452,1251
40isl,beta_neutral,set2,51,47.88870762144698,0.8165515850118965,16.130366852281796,0.15846258658651943,7.669482250562891,1251
40isl,long_only,set2,51,99.3644104861027,0.8138874140160672,49.24201059751319,0.06909415993930117,4.293086558716361,1251
40isl,sleeves_reg,set3,42,35.83601592768765,0.4984718041457022,21.85822010019437,0.10224707445466523,4.689503426080016,1250
40isl,sleeves_h5,set3,42,49.48811007768347,0.643655167291245,26.797909307080815,0.1781971363627275,8.211968823874876,1250
40isl,rank_weight,set3,42,42.764597022223796,0.5181230619543451,24.751067505880922,0.11695520623769448,5.496165550296722,1250
40isl,banded15,set3,42,50.57387467527498,0.5753069691909766,41.95890503613082,0.1050788287635594,5.270656086563094,1250
40isl,banded25,set3,42,78.83653069495297,0.8837500329431528,18.573757913889644,0.035190059806964935,1.6282025085952498,1250
40isl,beta_neutral,set3,42,22.38694569991463,0.20279999658287706,32.22439037810041,0.13632209763719286,5.816614885174256,1250
40isl,long_only,set3,42,105.02325591225934,0.8045832987012516,48.280025479300676,0.048637395898816986,2.6681868709017857,1250
40isl,sleeves_reg,set3,43,42.36676680424905,0.598685777941116,25.701579370433258,0.11333698230489413,5.2812360568063434,1250
40isl,sleeves_h5,set3,43,63.607732852166606,0.811622117528623,31.152160178743653,0.2168714096719036,10.20283692113939,1250
40isl,rank_weight,set3,43,53.0492969507834,0.6476999367572324,28.38542345932154,0.12758105784234863,6.106688218258296,1250
40isl,banded15,set3,43,55.10662547448031,0.565975421336771,40.04288612170832,0.2089509415730178,10.662978911141495,1250
40isl,banded25,set3,43,80.39575808236742,0.9426516408119392,21.95078365676045,0.08279995395767692,4.477415544092634,1250
40isl,beta_neutral,set3,43,31.049685803422378,0.29290734422801395,34.02293639910921,0.14762379405807471,6.439195783845673,1250
40isl,long_only,set3,43,95.00673326642296,0.71612094184354,52.31275245989656,0.05642732461268677,3.0678180606431864,1250
40isl,sleeves_reg,set3,44,36.51198404656846,0.5028952873032817,17.022940088992417,0.11099991487295108,5.132786762308024,1250
40isl,sleeves_h5,set3,44,52.74784467058402,0.6544820194338826,19.326543539660083,0.19830880856036534,9.186454102936855,1250
40isl,rank_weight,set3,44,43.491983471925515,0.5255731268512056,20.27453243438732,0.125635054364022,5.995427391077832,1250
40isl,banded15,set3,44,57.82724244250965,0.6095459187520832,24.95091765911113,0.13046829834939944,6.3223798634202515,1250
40isl,banded25,set3,44,46.88712175677562,0.5333106891294359,19.246075592166946,0.05306667260466211,2.576134926120686,1250
40isl,beta_neutral,set3,44,32.24475667607636,0.32661196954458366,25.352742270275787,0.14015853952943821,6.1163587562543285,1250
40isl,long_only,set3,44,96.8591442249465,0.7476582946506182,45.57823304084657,0.054511622399953656,2.967956067501292,1250
40isl,sleeves_reg,set3,45,25.13504950411678,0.38108227816192275,18.056238124927845,0.12247581021722748,5.6843016247610585,1250
40isl,sleeves_h5,set3,45,43.37651533588278,0.6124143973980496,16.29650332544135,0.22678133298305986,10.44525813078234,1250
40isl,rank_weight,set3,45,25.855144583862984,0.3431618913582403,20.97075468405268,0.13600357387009843,6.548811566612086,1250
40isl,banded15,set3,45,57.38868263875473,0.6401921926995484,23.530940952675806,0.2514654427039064,12.786366606342273,1250
40isl,banded25,set3,45,46.330646697806884,0.558689574474886,26.04608390348499,0.10231536671029433,5.159483226652521,1250
40isl,beta_neutral,set3,45,2.964053318378189,0.03108294219001726,29.04755221907722,0.153590736531999,6.639732808662529,1250
40isl,long_only,set3,45,95.15091651160753,0.7519455474850331,45.489606539201674,0.060373140750808095,3.421812694618794,1250
40isl,sleeves_reg,set3,46,38.45205664979316,0.5221491655214996,18.712669715325962,0.0993270537612685,4.580176309307192,1250
40isl,sleeves_h5,set3,46,55.97511814824478,0.7194251752542405,21.352901461823947,0.1747087317018886,8.198469843352973,1250
40isl,rank_weight,set3,46,46.25575790641475,0.545945559972331,23.125875351798328,0.11500149456286904,5.415405754036626,1250
40isl,banded15,set3,46,80.69862196594917,0.9380631755177861,15.802579525218121,0.0844731499042416,4.181028038045441,1250
40isl,banded25,set3,46,116.06701952470684,1.2650684222378417,11.90948000837007,0.029502216233600487,1.5230462668158922,1250
40isl,beta_neutral,set3,46,27.906436954998487,0.248166694101124,29.03019985486494,0.13338028642981056,5.732651440972784,1250
40isl,long_only,set3,46,97.4143080870372,0.7465124036116286,45.27356851492328,0.04967861927514041,2.6733486397764574,1250
40isl,sleeves_reg,set3,47,39.68438083943683,0.501140228593793,22.779486239108433,0.11336537336784519,5.239509817773141,1250
40isl,sleeves_h5,set3,47,60.920876732955556,0.7259835059006704,22.757364264140335,0.1945173784577756,9.007307180498097,1250
40isl,rank_weight,set3,47,36.680107383993516,0.4004089280877994,23.993198528969256,0.12726760817444552,5.990639284620815,1250
40isl,banded15,set3,47,35.800169658588906,0.3753076806329391,30.73887526632323,0.15408340985137184,7.564633111820845,1250
40isl,banded25,set3,47,73.64970081217777,0.8086908827929421,21.21421935416856,0.07113731390661278,3.5200816482952644,1250
40isl,beta_neutral,set3,47,40.93867699211589,0.3435533342007479,28.35573798796786,0.15015054092099728,6.483329201064397,1250
40isl,long_only,set3,47,99.25263011831768,0.7277558623618448,51.538404789102266,0.05652961696161113,3.0305376239990136,1250
40isl,sleeves_reg,set3,48,28.377124219518834,0.3513892694925369,21.112383710531667,0.11307899596308378,5.204632468217511,1250
40isl,sleeves_h5,set3,48,35.153412718553064,0.39976134656225976,25.934639971538076,0.1909146020529086,8.80033312747168,1250
40isl,rank_weight,set3,48,34.95841488668185,0.38186235724566725,25.42738003423679,0.12746078353648815,6.02304303524898,1250
40isl,banded15,set3,48,41.6440112101467,0.4244286556154011,27.288201376729475,0.12379824500739237,5.972881630218586,1250
40isl,banded25,set3,48,69.15518080938263,0.7558037061848467,17.845994188766163,0.05964585935093448,2.9573556316481717,1250
40isl,beta_neutral,set3,48,30.020260468493436,0.25746256877137824,33.333683996700074,0.14465035814442853,6.286733699728876,1250
40isl,long_only,set3,48,92.80007670180801,0.6934577882858665,48.81752881900076,0.05684708215204089,3.016455930413954,1250
40isl,sleeves_reg,set3,49,42.32384232531393,0.5933295079988438,26.113698441299487,0.1074062034107971,5.029230866497541,1250
40isl,sleeves_h5,set3,49,61.65024539450589,0.7905206021905022,29.376943137136273,0.20007955277896655,9.330109003826166,1250
40isl,rank_weight,set3,49,45.89021891960828,0.5541935587964076,28.372233247257878,0.12246794977798384,5.946033850384251,1250
40isl,banded15,set3,49,70.73403478069426,0.7939800571233236,26.70215871692386,0.1513014412825886,7.878076899931106,1250
40isl,banded25,set3,49,71.88380186844083,0.8168158440117786,22.70279718473247,0.05983103478885607,3.2178185397697625,1250
40isl,beta_neutral,set3,49,55.415999571320604,0.523475647979217,23.329091370501594,0.13740508458357756,5.941837959921736,1250
40isl,long_only,set3,49,101.16171174930496,0.7748229142745358,50.940756871947166,0.05278363616870904,2.997871946658934,1250
40isl,sleeves_reg,set3,50,35.38765187639993,0.47875510349884004,23.50770049489747,0.11328358369990257,5.184624419427892,1250
40isl,sleeves_h5,set3,50,44.324097883078764,0.5421660024833961,29.31588636400912,0.20410369297629682,9.375879316214805,1250
40isl,rank_weight,set3,50,36.819662438849114,0.4316350838679046,27.27443056134371,0.12755095332958094,5.942456678986327,1250
40isl,banded15,set3,50,54.75731554476755,0.6007624453495491,22.30233327136036,0.1813894621583293,8.723640251895088,1250
40isl,banded25,set3,50,105.03028281980342,1.1763477980868629,15.287486941175175,0.07113804002519757,3.4374405570561692,1250
40isl,beta_neutral,set3,50,28.118723556046227,0.2570259380855076,25.64343951993497,0.1478492852841307,6.347384538340065,1250
40isl,long_only,set3,50,102.68498595159731,0.7797072423581942,51.05630167635085,0.05476663779569003,2.864574121346347,1250
40isl,sleeves_reg,set3,51,24.87335578932363,0.3247948575599966,23.368390729400144,0.11214708688628038,5.146135906689467,1250
40isl,sleeves_h5,set3,51,49.64523213280891,0.5984429000247918,25.173918300612087,0.19645276124528302,8.983729464892294,1250
40isl,rank_weight,set3,51,27.428696763651928,0.3149532109220848,27.58881792842397,0.126468144023135,5.984445473044071,1250
40isl,banded15,set3,51,70.70655400268416,0.7036937228622389,26.00892737025212,0.1550670480932748,7.296685324568242,1250
40isl,banded25,set3,51,42.47894439501956,0.45518296130921354,25.16042292614144,0.064038686246526,3.059295204353157,1250
40isl,beta_neutral,set3,51,10.80889033828185,0.1008218417328408,39.50401586165832,0.14710908763806624,6.343405768291293,1250
40isl,long_only,set3,51,89.94954755324441,0.6763966136576378,52.64278418030135,0.05686194984670629,2.9955223183001776,1250
40isl,sleeves_reg,set4,42,32.60647977481959,0.48403084095609955,25.594455239374142,0.11999887393236433,5.433660616858888,1251
40isl,sleeves_h5,set4,42,46.429880443928106,0.6324693362272096,25.415091977772143,0.20988341587211398,9.703701633606101,1251
40isl,rank_weight,set4,42,39.50863251542428,0.5026181954657183,30.50458043417722,0.13422001791452592,6.059073257982354,1251
40isl,banded15,set4,42,61.23061303865766,0.704962618936115,24.351774250383208,0.1887759997174207,8.714106967828714,1251
40isl,banded25,set4,42,46.19720679335237,0.5967013993852347,23.477776222742616,0.08236549477930621,3.801285516244474,1251
40isl,beta_neutral,set4,42,33.58651173153249,0.5055707671326546,19.116577388738087,0.13450048558745886,5.975496670527881,1251
40isl,long_only,set4,42,88.154329278319,0.7687908465666953,47.25574149560969,0.061828188394781124,2.9271338702986456,1251
40isl,sleeves_reg,set4,43,50.071834531853135,0.775833981785128,16.837253263580234,0.11689986604937376,5.325832250447087,1251
40isl,sleeves_h5,set4,43,61.40591787534954,0.8337582295758745,23.451057166576188,0.20827239716649365,9.560360442599187,1251
40isl,rank_weight,set4,43,58.49203497500295,0.7857104903986007,21.04568542759317,0.13214998941131248,5.992037956109263,1251
40isl,banded15,set4,43,91.34694560713174,1.0927673358716852,19.36639046842415,0.18216028141391594,8.425504912757301,1251
40isl,banded25,set4,43,84.77242046558014,1.0801824793203767,19.00687757977181,0.08254615477076563,3.9956677968561793,1251
40isl,beta_neutral,set4,43,42.33239997545748,0.6120979197349432,17.287302500040145,0.1368131663814463,6.141820550131559,1251
40isl,long_only,set4,43,93.42209773980328,0.7897256388937256,45.81414845521633,0.06005121673563193,2.851909769996705,1251
40isl,sleeves_reg,set4,44,35.807298783637215,0.5044140587015897,24.868475434841887,0.11528448176796546,5.185998446256929,1251
40isl,sleeves_h5,set4,44,44.60605769372092,0.5538148740445178,34.060213933343704,0.19782363050702426,9.0141244689727,1251
40isl,rank_weight,set4,44,38.19816447704052,0.4646388477985307,28.752721021508208,0.13005689783707963,5.800309256317072,1251
40isl,banded15,set4,44,61.428342015880354,0.6999697683592263,26.667549419537796,0.14164781825049746,6.375775517255888,1251
40isl,banded25,set4,44,52.62880706522757,0.6312727974533339,21.729153756443402,0.06248927776359001,2.9415362480992453,1251
40isl,beta_neutral,set4,44,36.59474721300025,0.5094689292955359,18.187616429503446,0.1299896976650372,5.780379364307002,1251
40isl,long_only,set4,44,85.85267407836767,0.7379547819451969,47.66107017916501,0.05761976063260828,2.613719744708319,1251
40isl,sleeves_reg,set4,45,37.114345291856864,0.5755476989315622,21.84696010033232,0.11550518756705552,5.259361747550456,1251
40isl,sleeves_h5,set4,45,31.55705538959789,0.4409328067706849,24.706172815298974,0.1967471095249932,8.882560160032453,1251
40isl,rank_weight,set4,45,43.042417005689174,0.5762816490822287,26.651582293426436,0.13016995509257184,5.865323978910485,1251
40isl,banded15,set4,45,86.34001315144278,1.0708639440670602,17.908374475931407,0.14255015984549899,6.630877468607842,1251
40isl,banded25,set4,45,60.89950438758136,0.7547019238939975,25.32880648757412,0.06366359820032622,3.1420552953144467,1251
40isl,beta_neutral,set4,45,36.72992339905794,0.5650988024953546,22.284662144660054,0.13031878909252168,5.800469866468417,1251
40isl,long_only,set4,45,87.50237946451968,0.7672435954320216,45.82559735765022,0.058950143809992486,2.789748965864104,1251
40isl,sleeves_reg,set4,46,35.85530850704326,0.5411832188392833,22.107668004064422,0.12072543715449123,5.507876582143662,1251
40isl,sleeves_h5,set4,46,43.759116419427926,0.5920977303773688,25.811354590573686,0.21738736079870605,9.970628952081858,1251
40isl,rank_weight,set4,46,35.127036618045956,0.4437805131524686,23.618381211439914,0.13438115483739563,6.13278001393633,1251
40isl,banded15,set4,46,29.37314654761767,0.3381998359938428,25.648876286673065,0.20020363382889073,9.112480167889242,1251
40isl,banded25,set4,46,20.345850452061168,0.24199376579711462,24.335121202366693,0.08667046819977432,3.9922319385474196,1251
40isl,beta_neutral,set4,46,29.96988676263152,0.43930182580559296,17.904418992722828,0.13501487170311527,6.103324152296109,1251
40isl,long_only,set4,46,83.9155007182765,0.7300738818654848,46.76865590776354,0.06098668559460249,2.917567469502254,1251
40isl,sleeves_reg,set4,47,22.75468157945264,0.3295925482778312,28.108982639786824,0.11506180283933957,5.213439707842223,1251
40isl,sleeves_h5,set4,47,35.94136173470191,0.4943507156202046,20.864322808143882,0.19883664942029777,8.98267389547936,1251
40isl,rank_weight,set4,47,26.241009042210262,0.3249793600871611,30.189554277773397,0.12997587617689696,5.835037771852887,1251
40isl,banded15,set4,47,47.340452888736586,0.5539478963726661,22.362965994801833,0.1605745755772181,7.191687986180383,1251
40isl,banded25,set4,47,44.14804536841711,0.5550414952235136,32.658432057899255,0.06855926811888916,3.226501662475343,1251
40isl,beta_neutral,set4,47,23.432128795972297,0.3579946987892369,20.5751436708103,0.1292253300057463,5.784255497379033,1251
40isl,long_only,set4,47,78.28112114229435,0.6991242773759083,47.38809206194515,0.056970197701264255,2.6678499631754473,1251
40isl,sleeves_reg,set4,48,53.706278211657576,0.814276388900182,18.59889230522579,0.10594174104744289,4.8394679215354905,1251
40isl,sleeves_h5,set4,48,59.74555468889763,0.8143301615980855,24.138678645957906,0.18538421740680439,8.476120608790922,1251
40isl,rank_weight,set4,48,56.79182689961818,0.7407768804825708,20.89777423533538,0.12119532441045738,5.466332340271488,1251
40isl,banded15,set4,48,96.37161524942024,1.1304587031229938,18.842350054229744,0.12901636006367792,6.682801560586424,1251
40isl,banded25,set4,48,61.14555109607325,0.7747653006547461,25.252314853431134,0.047775965569367314,2.400152540753226,1251
40isl,beta_neutral,set4,48,48.25882051535586,0.6911036488555466,16.08218641076722,0.1235053967510586,5.565092965507494,1251
40isl,long_only,set4,48,96.51085781435914,0.8324252181943697,45.26345166318346,0.053904829972915555,2.521175625050609,1251
40isl,sleeves_reg,set4,49,44.42000527307757,0.7019174972294103,17.934242764456236,0.11082553219733014,5.039402334835466,1251
40isl,sleeves_h5,set4,49,54.02039299826672,0.7685457535867256,21.678003554660894,0.19389169038564233,8.916367415795557,1251
40isl,rank_weight,set4,49,57.37762436687722,0.7881912630560212,23.06302233357005,0.12479118876840854,5.558696917880044,1251
40isl,banded15,set4,49,95.20344303441578,1.1692425265021935,19.61918142446798,0.15889711157617745,7.453343064069248,1251
40isl,banded25,set4,49,57.63399186050552,0.7561461434517287,23.26817154651688,0.06022514124834994,2.9172145443814084,1251
40isl,beta_neutral,set4,49,38.00275211649953,0.5859929280467054,16.59362513899096,0.12469275625681163,5.61072918916996,1251
40isl,long_only,set4,49,90.43134969297965,0.7877203380699467,47.5956749419715,0.05595487959850123,2.5458420395623507,1251
40isl,sleeves_reg,set4,50,51.367361507528685,0.7773739545834125,20.56060450257059,0.116854736198507,5.2814916496952256,1251
40isl,sleeves_h5,set4,50,53.92763624627739,0.7302127505230755,25.51063376089344,0.2097534605128778,9.548853770359683,1251
40isl,rank_weight,set4,50,58.45514419823365,0.7929362361161055,22.780289718653727,0.1315595722258449,5.922614306307731,1251
40isl,banded15,set4,50,60.003981346075484,0.7057244451396069,20.109753288805535,0.19904008056785144,8.77034855863053,1251
40isl,banded25,set4,50,43.86167038521665,0.5723621647395033,20.2628660775042,0.08241335104498687,3.726467486866794,1251
40isl,beta_neutral,set4,50,40.64703145860068,0.5759512813805109,15.93456559523554,0.13649151148241218,6.134901816831007,1251
40isl,long_only,set4,50,98.29233026046663,0.8222599333897185,46.84459410493463,0.05985278304631946,2.7541735928832467,1251
40isl,sleeves_reg,set4,51,39.43961283570934,0.5900518853525573,25.27439815255914,0.11744023321917701,5.357767548713365,1251
40isl,sleeves_h5,set4,51,55.511495022036215,0.7596638339561128,23.006351644207896,0.20343100460821617,9.35818510459733,1251
40isl,rank_weight,set4,51,46.579020491272544,0.6144496245159906,27.058150938216986,0.1334726758220129,6.00967632583799,1251
40isl,banded15,set4,51,57.25114141886101,0.6642569041233454,28.252471441195233,0.1823275110638759,8.572170212893472,1251
40isl,banded25,set4,51,66.71665559477168,0.8069425148913829,22.77735556899724,0.06977079930324563,3.2552735423118095,1251
40isl,beta_neutral,set4,51,44.10883927111819,0.6682187801912534,20.34206052000575,0.13722172937961402,6.097308911214377,1251
40isl,long_only,set4,51,87.36011097154697,0.7705459660731454,45.830668862033576,0.05950589190030607,2.866131938855198,1251
