date,n_members,dispersion,ensemble_rank_ic,mean_member_rank_ic
2020-01-02,8,0.490189,0.102488,0.091047
2020-01-03,8,0.423996,0.121494,0.073683
2020-01-06,8,0.475291,0.061082,0.072813
2020-01-07,8,0.503228,-0.240348,-0.147204
2020-01-08,8,0.803330,0.129325,0.096783
2020-01-09,8,0.794985,-0.062719,-0.081044
2020-01-10,8,0.794800,0.128080,0.101561
2020-01-13,8,0.792927,0.065937,0.051477
2020-01-14,8,0.743368,-0.034527,-0.053109
2020-01-15,8,0.543756,-0.282024,-0.230648
2020-01-16,8,0.603327,0.151748,0.134778
2020-01-17,8,0.535575,-0.029707,-0.021621
2020-01-21,8,0.565296,-0.254220,-0.253830
2020-01-22,8,0.623008,-0.006771,0.007875
2020-01-23,8,0.449206,-0.032752,-0.037131
2020-01-24,8,0.524696,-0.448553,-0.341333
2020-01-27,8,0.373360,-0.286311,-0.203601
2020-01-28,8,0.386685,-0.030352,-0.043434
2020-01-29,8,0.354838,-0.229890,-0.151285
2020-01-30,8,0.120144,0.357681,0.173577
2020-01-31,8,0.087309,-0.039334,-0.022821
2020-02-03,8,0.143794,-0.045625,-0.008398
2020-02-04,8,0.086448,-0.139365,-0.077383
2020-02-05,8,0.164768,0.331925,0.191200
2020-02-06,8,0.081660,-0.292355,-0.138872
2020-02-07,8,0.228952,-0.344915,-0.181176
2020-02-10,8,0.128122,-0.228017,-0.110336
2020-02-11,8,0.168503,0.554736,0.280228
2020-02-12,8,0.048321,0.130250,0.043481
2020-02-13,8,0.055558,0.062532,0.027446
2020-02-14,8,-0.007009,-0.173815,-0.058234
2020-02-18,8,-0.020115,0.100187,0.050715
2020-02-19,8,0.011577,-0.031508,-0.016772
2020-02-20,8,0.029564,0.126129,0.056189
2020-02-21,8,0.121753,-0.209111,-0.106759
2020-02-24,8,0.130849,-0.174230,-0.084118
2020-02-25,8,0.087560,-0.365475,-0.154754
2020-02-26,8,0.087690,-0.236859,-0.105906
2020-02-27,8,0.099859,0.123718,0.052833
2020-02-28,8,0.050828,0.035982,0.018439
2020-03-02,8,0.050873,0.097262,0.042389
2020-03-03,8,0.147155,0.037894,0.023541
2020-03-04,8,0.027975,-0.152923,-0.056879
2020-03-05,8,0.045944,-0.271581,-0.107707
2020-03-06,8,-0.038450,-0.082519,-0.023313
2020-03-09,8,-0.030629,0.146771,0.031068
2020-03-10,8,-0.047813,-0.075211,-0.023003
2020-03-11,8,0.132087,0.422256,0.204370
2020-03-12,8,-0.059129,-0.049624,-0.013275
2020-03-13,8,-0.049312,-0.094895,-0.029064
2020-03-16,8,0.061633,-0.030259,-0.007887
2020-03-17,8,-0.029895,0.017291,0.009736
2020-03-18,8,0.045484,0.008308,0.011837
2020-03-19,8,0.011127,0.076616,0.029400
2020-03-20,8,0.013823,-0.277035,-0.081537
2020-03-23,8,-0.003334,-0.255999,-0.092953
2020-03-24,8,0.025340,-0.036355,-0.051080
2020-03-25,8,0.115814,-0.266587,-0.131219
2020-03-26,8,0.183464,0.142572,0.097491
2020-03-27,8,0.051861,-0.162728,-0.069856
2020-03-30,8,-0.055668,-0.035497,0.002665
2020-03-31,8,-0.009353,-0.135005,-0.058788
2020-04-01,8,0.003461,-0.223252,-0.067371
2020-04-02,8,0.011960,-0.123247,-0.044550
2020-04-03,8,-0.001262,-0.357838,-0.125246
2020-04-06,8,0.024226,0.484774,0.182713
2020-04-07,8,-0.011555,-0.169557,-0.060728
2020-04-08,8,-0.032025,0.187144,0.061200
2020-04-09,8,-0.044826,0.190456,0.028223
2020-04-13,8,-0.059949,-0.265174,-0.074025
2020-04-14,8,0.010964,-0.161708,-0.056354
2020-04-15,8,-0.001050,-0.448068,-0.168705
2020-04-16,8,0.023957,-0.409347,-0.169597
2020-04-17,8,0.002257,0.536084,0.204363
2020-04-20,8,0.031487,-0.045431,-0.012725
2020-04-21,8,0.112289,0.126261,0.033745
2020-04-22,8,0.097681,0.116226,0.050852
2020-04-23,8,0.109522,-0.021711,0.003037
2020-04-24,8,0.071936,0.054559,0.012293
2020-04-27,8,0.054337,0.082473,0.039676
2020-04-28,8,0.070043,-0.238190,-0.113121
2020-04-29,8,0.194574,0.455386,0.204610
2020-04-30,8,0.164881,-0.358738,-0.179376
2020-05-01,8,0.212711,-0.489795,-0.272833
2020-05-04,8,0.168671,-0.103107,-0.041068
2020-05-05,8,0.169998,-0.056484,-0.046267
2020-05-06,8,0.164047,0.016138,-0.001044
2020-05-07,8,0.135359,-0.103403,-0.054742
2020-05-08,8,0.106946,0.245954,0.118727
2020-05-11,8,0.050866,0.019258,0.007599
2020-05-12,8,0.059201,-0.092935,-0.037155
2020-05-13,8,0.048393,-0.449092,-0.181981
2020-05-14,8,0.034111,0.222169,0.092785
2020-05-15,8,0.097788,0.244411,0.101921
2020-05-18,8,0.130546,0.343965,0.172245
2020-05-19,8,0.117549,-0.233898,-0.106459
2020-05-20,8,0.163579,0.245294,0.154080
2020-05-21,8,0.047866,0.305638,0.139866
2020-05-22,8,0.153065,-0.015368,-0.009419
2020-05-26,8,0.054337,0.464712,0.196795
2020-05-27,8,0.032540,0.126561,0.057635
2020-05-28,8,0.031826,-0.331876,-0.130252
2020-05-29,8,0.001794,-0.295925,-0.117887
2020-06-01,8,0.024380,-0.006772,-0.000036
2020-06-02,8,0.118820,0.354283,0.187215
2020-06-03,8,0.129549,0.399318,0.211248
2020-06-04,8,0.146167,0.343283,0.175846
2020-06-05,8,0.077194,0.132171,0.046303
2020-06-08,8,0.083210,0.191716,0.081104
2020-06-09,8,0.124572,-0.265844,-0.114322
2020-06-10,8,0.122727,-0.224229,-0.085570
2020-06-11,8,0.168853,-0.435058,-0.212713
2020-06-12,8,0.081653,0.157825,0.075906
2020-06-15,8,0.147542,0.206935,0.100804
2020-06-16,8,0.045021,0.302250,0.126327
2020-06-17,8,0.025917,-0.136187,-0.045294
2020-06-18,8,0.028036,-0.098120,-0.040655
2020-06-19,8,0.116453,0.155121,0.066939
2020-06-22,8,0.040782,-0.156425,-0.064982
2020-06-23,8,0.137273,0.225104,0.116158
2020-06-24,8,0.166352,-0.204437,-0.091933
2020-06-25,8,0.250369,0.042601,0.009544
2020-06-26,8,0.257884,-0.204452,-0.133361
2020-06-29,8,0.200892,0.211277,0.121573
2020-06-30,8,0.215558,0.260788,0.183745
2020-07-01,8,0.155887,-0.116935,-0.050360
2020-07-02,8,0.184788,0.145221,0.086351
2020-07-06,8,0.274762,0.203818,0.141765
2020-07-07,8,0.211531,-0.309672,-0.180768
2020-07-08,8,0.280250,0.193400,0.091212
2020-07-09,8,0.170599,-0.301582,-0.143433
2020-07-10,8,0.215610,0.593162,0.355954
2020-07-13,8,0.033051,0.004226,-0.013433
2020-07-14,8,0.038309,0.038376,0.032557
2020-07-15,8,0.069008,0.046588,0.009213
2020-07-16,8,0.105343,0.250390,0.068619
2020-07-17,8,0.149722,-0.080565,-0.021218
2020-07-20,8,0.166537,-0.130961,-0.071789
2020-07-21,8,0.151642,0.363711,0.186788
2020-07-22,8,0.176522,0.081016,0.037383
2020-07-23,8,0.163763,0.102485,0.045246
2020-07-24,8,0.061509,-0.129382,-0.053253
2020-07-27,8,0.116985,-0.145992,-0.057755
2020-07-28,8,0.130986,0.018204,0.022389
2020-07-29,8,0.148270,0.220210,0.122233
2020-07-30,8,0.086273,-0.141598,-0.059413
2020-07-31,8,0.045948,-0.084922,-0.031224
2020-08-03,8,0.049806,0.317925,0.147059
2020-08-04,8,0.057524,0.184307,0.087179
2020-08-05,8,0.071216,0.372608,0.170756
2020-08-06,8,0.048232,0.174963,0.070360
2020-08-07,8,0.084191,0.182879,0.064622
2020-08-10,8,0.082741,0.050479,0.024274
2020-08-11,8,0.110962,-0.046249,-0.046242
2020-08-12,8,0.045821,0.037130,0.032089
2020-08-13,8,0.024037,-0.173188,-0.081933
2020-08-14,8,0.014251,0.251201,0.108968
2020-08-17,8,-0.008536,-0.090392,-0.024807
2020-08-18,8,-0.011298,-0.150362,-0.061597
2020-08-19,8,0.073799,-0.028287,-0.011813
2020-08-20,8,0.074690,0.164189,0.051819
2020-08-21,8,0.086088,-0.343859,-0.163337
2020-08-24,8,0.187158,0.158675,0.079388
2020-08-25,8,0.128499,0.164786,0.085138
2020-08-26,8,0.081292,-0.081746,-0.038379
2020-08-27,8,0.063667,0.360423,0.155342
2020-08-28,8,0.094529,-0.313651,-0.149652
2020-08-31,8,0.126349,0.094365,0.055558
2020-09-01,8,0.061938,0.315357,0.145078
2020-09-02,8,0.136947,-0.127942,-0.052317
2020-09-03,8,0.118700,-0.100420,-0.040552
2020-09-04,8,0.161060,-0.014265,-0.019208
2020-09-08,8,0.112507,0.026989,0.008781
2020-09-09,8,0.126877,-0.083375,-0.033806
2020-09-10,8,0.122524,-0.183412,-0.102795
2020-09-11,8,0.082835,0.055282,0.032452
2020-09-14,8,0.058847,0.097891,0.012175
2020-09-15,8,0.057868,-0.068296,-0.016547
2020-09-16,8,0.083813,0.190037,0.065513
2020-09-17,8,0.165079,0.392333,0.217177
2020-09-18,8,0.084882,0.015562,0.004370
2020-09-21,8,0.140104,-0.153255,-0.073065
2020-09-22,8,0.168499,0.048845,0.007169
2020-09-23,8,0.246441,-0.157622,-0.090406
2020-09-24,8,0.080398,-0.216876,-0.098715
2020-09-25,8,0.105217,-0.021131,0.011429
2020-09-28,8,0.098755,0.323808,0.156218
2020-09-29,8,0.061801,0.159543,0.063998
2020-09-30,8,0.140648,-0.027953,-0.005426
2020-10-01,8,0.117685,-0.261245,-0.134551
2020-10-02,8,0.107158,0.243816,0.119724
2020-10-05,8,0.102253,0.370783,0.177287
2020-10-06,8,-0.005107,0.127759,0.053349
2020-10-07,8,0.129182,-0.039138,-0.012989
2020-10-08,8,0.101917,0.333758,0.154011
2020-10-09,8,0.035934,-0.018349,-0.010763
2020-10-12,8,0.283845,0.086737,0.019324
2020-10-13,8,0.166592,-0.041399,-0.015195
2020-10-14,8,0.150270,0.217673,0.112121
2020-10-15,8,0.085930,0.218327,0.101321
2020-10-16,8,0.038494,0.108731,0.044346
2020-10-19,8,0.167196,-0.187556,-0.106521
2020-10-20,8,0.105553,0.193497,0.105450
2020-10-21,8,0.126651,0.007396,0.013373
2020-10-22,8,0.247532,0.278970,0.173950
2020-10-23,8,0.149086,0.088850,0.039557
2020-10-26,8,0.185985,-0.016377,-0.013601
2020-10-27,8,0.207978,-0.373673,-0.230456
2020-10-28,8,0.259503,-0.016377,-0.007935
2020-10-29,8,0.139321,0.247275,0.141440
2020-10-30,8,0.155171,-0.166951,-0.090120
2020-11-02,8,0.209621,-0.078008,-0.039628
2020-11-03,8,0.149902,0.300876,0.127431
2020-11-04,8,0.287995,-0.026895,-0.001164
2020-11-05,8,0.148937,0.224106,0.112861
2020-11-06,8,0.159455,-0.358873,-0.198947
2020-11-09,8,0.266596,0.197032,0.129214
2020-11-10,8,0.080496,-0.037415,-0.014110
2020-11-11,8,0.254387,-0.223012,-0.138916
2020-11-12,8,0.150334,-0.311098,-0.133565
2020-11-13,8,0.274361,0.132322,0.064766
2020-11-16,8,0.252022,0.050328,0.035186
2020-11-17,8,0.192540,0.023291,-0.015462
2020-11-18,8,0.192389,0.227980,0.108367
2020-11-19,8,0.328880,0.097589,0.052425
2020-11-20,8,0.269720,0.027326,0.007611
2020-11-23,8,0.304699,0.009364,0.006170
2020-11-24,8,0.244226,0.055514,0.043613
2020-11-25,8,0.272670,0.282757,0.172545
2020-11-27,8,0.286540,0.208904,0.135956
2020-11-30,8,0.252437,0.032226,-0.011353
2020-12-01,8,0.226260,0.055417,0.038573
2020-12-02,8,0.298650,0.054270,0.017897
2020-12-03,8,0.157679,-0.201801,-0.114306
2020-12-04,8,0.332420,0.022523,0.005774
2020-12-07,8,0.346448,0.114347,0.077731
2020-12-08,8,0.235304,0.183351,0.118872
2020-12-09,8,0.212650,-0.017770,0.001465
2020-12-10,8,0.253974,-0.062192,-0.018236
2020-12-11,8,0.242257,0.122659,0.061248
2020-12-14,8,0.218676,-0.173963,-0.120936
2020-12-15,8,0.210242,0.099837,0.064994
2020-12-16,8,0.247268,0.005859,-0.005342
2020-12-17,8,0.243104,0.095426,0.075450
2020-12-18,8,0.096295,-0.012870,-0.022073
2020-12-21,8,0.181207,0.206555,0.117702
2020-12-22,8,0.121187,-0.111706,-0.070048
2020-12-23,8,0.123523,0.357018,0.158691
2020-12-24,8,0.098470,0.045581,0.022329
2020-12-28,8,0.326915,-0.108390,-0.058607
2020-12-29,8,0.226774,0.119672,0.071717
2020-12-30,8,0.225786,0.421710,0.239208
2020-12-31,8,0.170060,0.187237,0.094742
2021-01-04,8,0.300168,0.030878,0.025211
2021-01-05,8,0.245807,0.044284,0.023721
2021-01-06,8,0.242243,0.245852,0.129076
2021-01-07,8,0.181917,0.087927,0.061777
2021-01-08,8,0.225032,-0.023531,-0.001200
2021-01-11,8,0.191185,0.036161,0.019904
2021-01-12,8,0.228709,0.291431,0.149076
2021-01-13,8,0.235541,-0.250732,-0.144862
2021-01-14,8,0.271741,-0.146229,-0.080312
2021-01-15,8,0.186445,-0.042984,-0.016026
2021-01-19,8,0.296025,0.046966,0.022905
2021-01-20,8,0.204905,-0.083802,-0.039664
2021-01-21,8,0.302950,-0.396917,-0.251261
2021-01-22,8,0.380182,0.036834,0.020900
2021-01-25,8,0.317314,-0.192095,-0.108319
2021-01-26,8,0.310753,-0.170240,-0.075894
2021-01-27,8,0.294375,-0.162949,-0.116267
2021-01-28,8,0.356169,0.432972,0.273926
2021-01-29,8,0.371861,-0.022859,0.035570
2021-02-01,8,0.361862,0.463367,0.306327
2021-02-02,8,0.298769,-0.024684,0.009760
2021-02-03,8,0.292982,-0.130039,-0.099328
2021-02-04,8,0.283025,0.220910,0.145222
2021-02-05,8,0.264654,-0.005331,-0.012425
2021-02-08,8,0.426308,0.009653,-0.006693
2021-02-09,8,0.190276,0.032462,0.014730
2021-02-10,8,0.227560,0.111946,0.066711
2021-02-11,8,0.307837,0.130282,0.072725
2021-02-12,8,0.301375,0.002785,-0.014130
2021-02-16,8,0.316128,-0.008597,-0.018103
2021-02-17,8,0.238275,-0.081466,-0.035798
2021-02-18,8,0.241808,-0.003410,0.000348
2021-02-19,8,0.386784,0.170397,0.110600
2021-02-22,8,0.312502,-0.032754,-0.034598
2021-02-23,8,0.270057,-0.020603,-0.011885
2021-02-24,8,0.294810,0.317020,0.181597
2021-02-25,8,0.186823,-0.189008,-0.073191
2021-02-26,8,0.240824,0.056520,0.024137
2021-03-01,8,0.236467,-0.044038,-0.019795
2021-03-02,8,0.189884,-0.336135,-0.189439
2021-03-03,8,0.244150,-0.084570,-0.040064
2021-03-04,8,0.344826,0.078563,0.056014
2021-03-05,8,0.341444,0.022236,0.022533
2021-03-08,8,0.359249,-0.248001,-0.161825
2021-03-09,8,0.407148,0.452747,0.319760
2021-03-10,8,0.335788,0.156414,0.089412
2021-03-11,8,0.316402,0.088366,0.021032
2021-03-12,8,0.251641,-0.000096,-0.001489
2021-03-15,8,0.314951,0.334126,0.198103
2021-03-16,8,0.242655,-0.087978,-0.042545
2021-03-17,8,0.207834,0.083954,0.057251
2021-03-18,8,0.278906,-0.060941,-0.033553
2021-03-19,8,0.262024,0.132210,0.078643
2021-03-22,8,0.288739,0.093509,0.076771
2021-03-23,8,0.285515,0.091824,0.048595
2021-03-24,8,0.261269,-0.084678,-0.046591
2021-03-25,8,0.374319,-0.009173,0.021986
2021-03-26,8,0.438502,-0.067568,-0.062714
2021-03-29,8,0.403643,-0.135235,-0.090050
2021-03-30,8,0.291278,0.119068,0.090283
2021-03-31,8,0.394231,0.301357,0.217342
2021-04-01,8,0.331432,0.077025,0.032797
2021-04-05,8,0.425313,0.055897,0.029748
2021-04-06,8,0.378048,0.060843,0.036831
2021-04-07,8,0.369611,-0.093454,-0.084646
2021-04-08,8,0.403420,-0.128947,-0.084778
2021-04-09,8,0.348510,0.132155,0.071393
2021-04-12,8,0.427687,0.109782,0.093013
2021-04-13,8,0.381279,0.056427,0.026206
2021-04-14,8,0.368825,0.157078,0.090552
2021-04-15,8,0.356104,0.113763,0.094982
2021-04-16,8,0.358872,-0.049562,-0.042833
2021-04-19,8,0.442192,0.000624,-0.001236
2021-04-20,8,0.437530,0.000864,-0.009700
2021-04-21,8,0.498834,0.416098,0.323361
2021-04-22,8,0.418295,0.134624,0.102517
2021-04-23,8,0.314354,0.023580,0.023037
2021-04-26,8,0.351555,-0.141478,-0.122461
2021-04-27,8,0.379204,-0.103347,-0.052689
2021-04-28,8,0.326136,0.001969,0.006050
2021-04-29,8,0.304571,0.064781,0.044779
2021-04-30,8,0.326114,-0.033090,-0.034334
2021-05-03,8,0.266042,-0.031124,-0.010396
2021-05-04,8,0.176407,0.035930,0.013782
2021-05-05,8,0.398159,0.102389,0.076663
2021-05-06,8,0.215094,-0.192196,-0.123881
2021-05-07,8,0.367899,-0.032799,-0.024406
2021-05-10,8,0.204905,-0.217649,-0.108800
2021-05-11,8,0.363334,0.325834,0.225438
2021-05-12,8,0.271384,0.028237,0.014142
2021-05-13,8,0.408016,0.092302,0.076014
2021-05-14,8,0.279448,0.133173,0.098788
2021-05-17,8,0.288029,-0.073435,-0.042137
2021-05-18,8,0.296865,-0.127788,-0.085906
2021-05-19,8,0.393418,-0.164966,-0.088800
2021-05-20,8,0.233233,0.088654,0.044658
2021-05-21,8,0.248359,0.158438,0.102305
2021-05-24,8,0.215815,0.113288,0.050720
2021-05-25,8,0.323423,0.058446,0.028067
2021-05-26,8,0.262579,0.107477,0.066495
2021-05-27,8,0.271909,-0.106335,-0.047467
2021-05-28,8,0.196793,-0.030832,-0.017635
2021-06-01,8,0.299153,-0.182862,-0.093457
2021-06-02,8,0.263351,-0.121215,-0.070708
2021-06-03,8,0.136093,-0.091826,-0.057899
2021-06-04,8,0.177963,-0.241481,-0.125306
2021-06-07,8,0.238800,0.151914,0.088870
2021-06-08,8,0.222249,0.011671,-0.012917
2021-06-09,8,0.273753,0.206642,0.102398
2021-06-10,8,0.144005,-0.023102,-0.032235
2021-06-11,8,0.135887,0.112952,0.055695
2021-06-14,8,0.281989,0.236678,0.155630
2021-06-15,8,0.156896,0.446051,0.212785
2021-06-16,8,0.187807,0.044952,0.026831
2021-06-17,8,0.198868,-0.092210,-0.052281
2021-06-18,8,0.247937,0.094669,0.061909
2021-06-21,8,0.217006,0.169196,0.095044
2021-06-22,8,0.160833,0.131636,0.078211
2021-06-23,8,0.248084,0.115604,0.068103
2021-06-24,8,0.137193,0.056916,0.013151
2021-06-25,8,0.153096,-0.049374,-0.029616
2021-06-28,8,0.168047,-0.150551,-0.061609
2021-06-29,8,0.335623,-0.033522,-0.008151
2021-06-30,8,0.158093,0.123964,0.063621
2021-07-01,8,0.161413,0.094609,0.068451
2021-07-02,8,0.349926,0.011045,0.002029
2021-07-06,8,0.219057,-0.169036,-0.087575
2021-07-07,8,0.333154,-0.036160,-0.048115
2021-07-08,8,0.323694,-0.138549,-0.088487
2021-07-09,8,0.225289,0.263801,0.161381
2021-07-12,8,0.308750,0.032228,0.027395
2021-07-13,8,0.226088,-0.340858,-0.205222
2021-07-14,8,0.304833,-0.299601,-0.207899
2021-07-15,8,0.439667,-0.137290,-0.095426
2021-07-16,8,0.402600,-0.282311,-0.217623
2021-07-19,8,0.378954,-0.441675,-0.300972
2021-07-20,8,0.459038,0.298125,0.230444
2021-07-21,8,0.379912,-0.018681,-0.016443
2021-07-22,8,0.375019,0.044375,0.036625
2021-07-23,8,0.368140,-0.280753,-0.196954
2021-07-26,8,0.474684,0.344026,0.274100
2021-07-27,8,0.319079,-0.386315,-0.241208
2021-07-28,8,0.358667,0.291017,0.181301
2021-07-29,8,0.315640,0.165962,0.121759
2021-07-30,8,0.223912,-0.222526,-0.114443
2021-08-02,8,0.281411,0.038032,0.038738
2021-08-03,8,0.279650,0.073526,0.049952
2021-08-04,8,0.339036,0.155025,0.096771
2021-08-05,8,0.266098,0.292520,0.170708
2021-08-06,8,0.251161,0.066422,0.053177
2021-08-09,8,0.197390,-0.386322,-0.204790
2021-08-10,8,0.305848,0.214293,0.128890
2021-08-11,8,0.275555,0.163421,0.108969
2021-08-12,8,0.302043,-0.061043,-0.030163
2021-08-13,8,0.331504,-0.507108,-0.327402
2021-08-16,8,0.407772,-0.153702,-0.106116
2021-08-17,8,0.301269,-0.173475,-0.099124
2021-08-18,8,0.279791,-0.040388,-0.017515
2021-08-19,8,0.229789,-0.030012,-0.008415
2021-08-20,8,0.285882,0.054458,0.043649
2021-08-23,8,0.249985,-0.047596,-0.018007
2021-08-24,8,0.091566,0.207526,0.117455
2021-08-25,8,0.107860,0.168420,0.060105
2021-08-26,8,0.151180,-0.380426,-0.194174
2021-08-27,8,0.066585,0.372259,0.161263
2021-08-30,8,0.124315,-0.260013,-0.125618
2021-08-31,8,0.152245,0.193113,0.097107
2021-09-01,8,0.221427,-0.408577,-0.245126
2021-09-02,8,0.200511,0.184791,0.100240
2021-09-03,8,0.195469,0.031600,-0.006279
2021-09-07,8,0.178302,0.026125,0.030228
2021-09-08,8,0.146997,-0.240772,-0.116303
2021-09-09,8,0.165968,0.077366,0.035666
2021-09-10,8,0.132619,0.122034,0.067059
2021-09-13,8,0.175534,0.070403,0.040324
2021-09-14,8,0.229110,0.100190,0.055678
2021-09-15,8,0.085097,0.115743,0.064142
2021-09-16,8,0.119448,0.141962,0.070974
2021-09-17,8,0.109851,0.217836,0.103025
2021-09-20,8,0.163649,-0.142981,-0.069760
2021-09-21,8,0.101636,-0.038209,0.030397
2021-09-22,8,0.039348,-0.042310,-0.020468
2021-09-23,8,0.059338,0.369609,0.141966
2021-09-24,8,0.103001,0.099126,0.041741
2021-09-27,8,0.114378,0.127807,0.048367
2021-09-28,8,0.125446,-0.062240,-0.048247
2021-09-29,8,0.104298,-0.304911,-0.152833
2021-09-30,8,0.019667,-0.050426,-0.017419
2021-10-01,8,0.140425,0.008741,0.000360
2021-10-04,8,0.022538,-0.117469,-0.029724
2021-10-05,8,0.114725,0.096544,0.067491
2021-10-06,8,0.201362,-0.457523,-0.241015
2021-10-07,8,0.145093,0.230450,0.097939
2021-10-08,8,0.183568,0.181517,0.089925
2021-10-11,8,0.148318,0.044278,0.019011
2021-10-12,8,0.075059,-0.178064,-0.068579
2021-10-13,8,0.221156,-0.243685,-0.138545
2021-10-14,8,0.156375,0.157522,0.060252
2021-10-15,8,0.285368,0.216224,0.143685
2021-10-18,8,0.251679,0.132498,0.081345
2021-10-19,8,0.233902,0.097772,0.050444
2021-10-20,8,0.293161,0.315524,0.193025
2021-10-21,8,0.225745,0.215291,0.120972
2021-10-22,8,0.287313,0.095714,0.068139
2021-10-25,8,0.235140,0.231892,0.141164
2021-10-26,8,0.242000,-0.123989,-0.060468
2021-10-27,8,0.253992,0.064212,0.063228
2021-10-28,8,0.282282,-0.118625,-0.060031
2021-10-29,8,0.312658,0.123532,0.082449
2021-11-01,8,0.317171,0.148913,0.079156
2021-11-02,8,0.315594,-0.115980,-0.070938
2021-11-03,8,0.509367,-0.291793,-0.210708
2021-11-04,8,0.474804,0.095810,0.075402
2021-11-05,8,0.311055,-0.182386,-0.105534
2021-11-08,8,0.492458,-0.218994,-0.172365
2021-11-09,8,0.451261,0.130807,0.103229
2021-11-10,8,0.521340,0.066558,0.034869
2021-11-11,8,0.524811,-0.055588,-0.049200
2021-11-12,8,0.459381,0.062865,0.035418
2021-11-15,8,0.359021,0.025260,0.016416
2021-11-16,8,0.505082,0.154921,0.110533
2021-11-17,8,0.203258,-0.078761,-0.068648
2021-11-18,8,0.304826,-0.107088,-0.072654
2021-11-19,8,0.250427,-0.186376,-0.090312
2021-11-22,8,0.237708,-0.015126,0.000690
2021-11-23,8,0.223034,-0.035968,-0.039717
2021-11-24,8,0.414721,0.170528,0.093085
2021-11-26,8,0.414560,0.015464,0.024106
2021-11-29,8,0.409792,0.007925,-0.004766
2021-11-30,8,0.551744,0.046633,0.052161
2021-12-01,8,0.407038,-0.310755,-0.215150
2021-12-02,8,0.310283,0.223305,0.156242
2021-12-03,8,0.330232,-0.449236,-0.275270
2021-12-06,8,0.374632,-0.049607,-0.047923
2021-12-07,8,0.400806,0.109689,0.069256
2021-12-08,8,0.342154,0.012294,0.001032
2021-12-09,8,0.418292,-0.197191,-0.131933
2021-12-10,8,0.415846,-0.171217,-0.101705
2021-12-13,8,0.319945,-0.075155,-0.046242
2021-12-14,8,0.465886,-0.153048,-0.105582
2021-12-15,8,0.426970,-0.026749,-0.046999
2021-12-16,8,0.357174,-0.071892,-0.051753
2021-12-17,8,0.390201,0.140412,0.117299
2021-12-20,8,0.299225,0.033333,0.011705
2021-12-21,8,0.334756,0.264653,0.181729
2021-12-22,8,0.323927,-0.031406,-0.028932
2021-12-23,8,0.330132,0.105003,0.080120
2021-12-27,8,0.380113,0.149262,0.089040
2021-12-28,8,0.295692,0.068772,0.051777
2021-12-29,8,0.226688,-0.005427,0.008715
2021-12-30,8,0.309792,-0.070255,-0.044856
2021-12-31,8,0.152310,-0.012486,-0.015858
2022-01-03,8,0.252108,0.062677,0.022881
2022-01-04,8,0.271497,-0.192782,-0.105138
2022-01-05,8,0.256680,-0.237873,-0.131200
2022-01-06,8,0.195037,0.320815,0.173241
2022-01-07,8,0.168163,-0.093276,-0.050084
2022-01-10,8,0.229696,0.038322,0.025786
2022-01-11,8,0.170280,0.096052,0.037455
2022-01-12,8,0.196107,0.142243,0.093217
2022-01-13,8,0.239160,0.095327,0.052317
2022-01-14,8,0.172495,-0.319806,-0.172989
2022-01-18,8,0.186479,-0.277132,-0.133553
2022-01-19,8,0.208211,-0.171886,-0.088535
2022-01-20,8,0.197843,-0.370443,-0.178739
2022-01-21,8,0.232735,-0.173226,-0.094082
2022-01-24,8,0.199750,0.426856,0.244082
2022-01-25,8,0.138913,-0.066814,-0.020552
2022-01-26,8,0.156443,0.107346,0.044430
2022-01-27,8,0.168473,-0.085200,-0.053134
2022-01-28,8,0.165505,0.065745,0.036579
2022-01-31,8,0.099767,0.096050,0.052401
2022-02-01,8,0.118925,0.201815,0.088081
2022-02-02,8,0.117376,0.191899,0.112257
2022-02-03,8,0.071730,-0.103698,-0.059556
2022-02-04,8,0.115984,0.219303,0.103154
2022-02-07,8,0.099184,-0.186407,-0.088535
2022-02-08,8,0.076131,0.116274,0.045246
2022-02-09,8,0.077815,0.166455,0.063061
2022-02-10,8,0.135668,-0.077124,-0.038703
2022-02-11,8,0.143204,-0.178574,-0.106711
2022-02-14,8,0.184877,-0.130829,-0.065558
2022-02-15,8,0.161441,0.438911,0.229256
2022-02-16,8,0.107896,0.188084,0.104196
2022-02-17,8,0.043790,-0.178325,-0.076255
2022-02-18,8,0.153511,-0.382018,-0.181032
2022-02-22,8,0.080903,-0.106800,-0.062226
2022-02-23,8,0.102018,-0.336951,-0.162696
2022-02-24,8,0.100678,0.231054,0.125515
2022-02-25,8,0.100568,-0.089658,-0.039204
2022-02-28,8,0.103687,0.269475,0.124253
2022-03-01,8,0.204222,-0.110602,-0.049400
2022-03-02,8,0.175541,0.251597,0.140276
2022-03-03,8,0.160518,-0.068194,-0.040132
2022-03-04,8,0.193281,0.012103,0.005930
2022-03-07,8,0.242020,0.063923,0.021849
2022-03-08,8,0.118707,0.149738,0.052725
2022-03-09,8,0.191089,0.167911,0.116146
2022-03-10,8,0.117966,-0.050618,-0.020816
2022-03-11,8,0.147049,0.017049,-0.009256
2022-03-14,8,0.144119,-0.095243,-0.044166
2022-03-15,8,0.235524,0.038130,0.023133
2022-03-16,8,0.167831,0.363780,0.195354
2022-03-17,8,0.141180,0.223252,0.092281
2022-03-18,8,0.203234,0.348862,0.166807
2022-03-21,8,0.192187,-0.059220,-0.054802
2022-03-22,8,0.146001,-0.058158,-0.032701
2022-03-23,8,0.164062,-0.144401,-0.082833
2022-03-24,8,0.142447,0.321239,0.172725
2022-03-25,8,0.209674,-0.417181,-0.250228
2022-03-28,8,0.178980,0.092780,0.063177
2022-03-29,8,0.290053,0.119285,0.071393
2022-03-30,8,0.234018,-0.258518,-0.120204
2022-03-31,8,0.269858,-0.147296,-0.069652
2022-04-01,8,0.253432,-0.054987,-0.006495
2022-04-04,8,0.241331,0.158490,0.097347
2022-04-05,8,0.286359,-0.084422,-0.063830
2022-04-06,8,0.283866,-0.267169,-0.146062
2022-04-07,8,0.254948,-0.190071,-0.099544
2022-04-08,8,0.232358,-0.187402,-0.119160
2022-04-11,8,0.342998,-0.084716,-0.053349
2022-04-12,8,0.327409,-0.226881,-0.140420
2022-04-13,8,0.244130,0.060651,0.037611
2022-04-14,8,0.186771,-0.307947,-0.183601
2022-04-18,8,0.202933,-0.216085,-0.131465
2022-04-19,8,0.319468,-0.000144,0.007995
2022-04-20,8,0.214670,0.187245,0.076040
2022-04-21,8,0.307244,-0.229633,-0.134094
2022-04-22,8,0.329165,-0.188873,-0.120744
2022-04-25,8,0.364898,0.048119,0.047743
2022-04-26,8,0.403896,-0.007588,-0.008487
2022-04-27,8,0.161437,-0.098355,-0.076327
2022-04-28,8,0.104514,-0.000817,0.047587
2022-04-29,8,0.107518,-0.194650,-0.095174
2022-05-02,8,0.144871,0.117958,0.059323
2022-05-03,8,0.145807,-0.261707,-0.107143
2022-05-04,8,0.353274,0.163421,0.118559
2022-05-05,8,0.223776,-0.205269,-0.112689
2022-05-06,8,0.465738,-0.311065,-0.241537
2022-05-09,8,0.197860,-0.080008,-0.045810
2022-05-10,8,0.340707,0.240732,0.158055
2022-05-11,8,0.039540,-0.107808,-0.047095
2022-05-12,8,0.018772,0.181530,0.047012
2022-05-13,8,0.099197,0.177993,0.099868
2022-05-16,8,0.103835,-0.303979,-0.131717
2022-05-17,8,0.099739,0.319831,0.147815
2022-05-18,8,0.089094,-0.202723,-0.044641
2022-05-19,8,0.155254,-0.156125,-0.065739
2022-05-20,8,0.134353,0.008501,-0.022458
2022-05-23,8,0.198946,-0.196772,-0.162167
2022-05-24,8,0.131896,0.146247,0.053358
2022-05-25,8,0.037215,0.032802,0.014826
2022-05-26,8,0.029343,-0.175744,-0.050120
2022-05-27,8,0.003543,-0.182259,-0.080372
2022-05-31,8,0.074269,0.281056,0.139508
2022-06-01,8,0.017301,-0.145811,-0.048367
2022-06-02,8,0.098175,0.028576,0.027935
2022-06-03,8,0.121091,0.108931,0.063439
2022-06-06,8,0.070962,0.115186,0.062569
2022-06-07,8,0.088986,0.438307,0.194766
2022-06-08,8,0.077989,0.016377,0.014664
2022-06-09,8,0.059973,0.089523,0.038307
2022-06-10,8,0.026164,-0.123913,-0.030048
2022-06-13,8,0.008218,-0.303285,-0.109544
2022-06-14,8,0.009264,-0.051441,-0.009088
2022-06-15,8,0.048973,-0.035105,-0.006086
2022-06-16,8,0.108966,0.089471,0.021681
2022-06-17,8,0.216165,0.181207,0.110096
2022-06-21,8,0.132180,-0.153872,-0.058896
2022-06-22,8,0.183245,0.232297,0.129016
2022-06-23,8,0.083475,-0.186835,-0.074826
2022-06-24,8,0.029102,0.112838,0.058632
2022-06-27,8,0.054661,0.373775,0.152747
2022-06-28,8,0.013537,-0.143835,-0.041533
2022-06-29,8,0.073941,-0.100178,-0.040146
2022-06-30,8,0.069148,-0.140871,-0.041229
2022-07-01,8,0.118824,-0.152860,-0.073974
2022-07-05,8,0.100806,-0.154744,-0.080240
2022-07-06,8,0.133308,0.359764,0.157251
2022-07-07,8,0.111346,0.152815,0.093085
2022-07-08,8,0.052921,0.115482,0.054605
2022-07-11,8,0.083981,-0.262949,-0.113552
2022-07-12,8,0.180568,-0.016617,-0.000460
2022-07-13,8,0.146731,-0.146720,-0.072543
2022-07-14,8,0.084653,-0.253356,-0.122223
2022-07-15,8,0.156508,0.094472,0.047271
2022-07-18,8,0.189779,-0.057677,-0.028559
2022-07-19,8,0.181873,-0.021515,0.002041
2022-07-20,8,0.138124,-0.177906,-0.100564
2022-07-21,8,0.180381,-0.239614,-0.125030
2022-07-22,8,0.153428,0.227969,0.110756
2022-07-25,8,0.053912,0.047979,0.043409
2022-07-26,8,0.181838,0.062715,0.058031
2022-07-27,8,0.154121,0.333541,0.185114
2022-07-28,8,0.193277,0.172122,0.094814
2022-07-29,8,0.197373,0.106284,0.036206
2022-08-01,8,0.191936,-0.027901,-0.020960
2022-08-02,8,0.241838,0.226907,0.163349
2022-08-03,8,0.163595,0.169044,0.083349
2022-08-04,8,0.234786,0.002305,-0.018872
2022-08-05,8,0.259242,0.227948,0.136963
2022-08-08,8,0.254797,0.205158,0.103004
2022-08-09,8,0.256426,0.180325,0.109976
2022-08-10,8,0.298491,-0.220787,-0.147659
2022-08-11,8,0.201159,-0.192724,-0.082149
2022-08-12,8,0.207553,-0.168512,-0.104586
2022-08-15,8,0.211264,0.057242,0.027325
2022-08-16,8,0.209932,0.057624,0.070685
2022-08-17,8,0.222148,0.161740,0.098367
2022-08-18,8,0.280921,0.206642,0.113090
2022-08-19,8,0.250216,-0.150784,-0.067985
2022-08-22,8,0.313778,-0.327530,-0.209184
2022-08-23,8,0.304455,-0.331252,-0.185642
2022-08-24,8,0.209858,-0.091830,-0.053181
2022-08-25,8,0.256217,-0.307264,-0.200540
2022-08-26,8,0.242644,-0.113048,-0.086038
2022-08-29,8,0.332677,-0.470419,-0.303950
2022-08-30,8,0.440930,0.302927,0.188463
2022-08-31,8,0.326592,0.149018,0.107683
2022-09-01,8,0.359386,-0.145368,-0.066086
2022-09-02,8,0.326050,0.000576,0.013974
2022-09-06,8,0.345649,0.257299,0.164406
2022-09-07,8,0.407357,0.068000,0.055942
2022-09-08,8,0.376762,0.251645,0.160276
2022-09-09,8,0.378323,0.135664,0.095582
2022-09-12,8,0.262003,0.072032,0.062737
2022-09-13,8,0.226260,-0.061382,-0.040852
2022-09-14,8,0.313562,-0.315110,-0.193830
2022-09-15,8,0.383872,0.259844,0.166963
2022-09-16,8,0.384062,-0.112616,-0.080102
2022-09-19,8,0.376124,-0.199054,-0.129184
2022-09-20,8,0.251291,-0.311586,-0.173902
2022-09-21,8,0.253212,-0.001729,-0.022389
2022-09-22,8,0.195949,-0.247119,-0.166411
2022-09-23,8,0.266119,0.210274,0.136170
2022-09-26,8,0.265296,-0.217863,-0.133253
2022-09-27,8,0.398727,0.044998,0.043505
2022-09-28,8,0.436145,-0.031793,-0.008031
2022-09-29,8,0.292910,0.143595,0.101813
2022-09-30,8,0.287251,-0.104255,-0.033685
2022-10-03,8,0.298059,0.384091,0.228115
2022-10-04,8,0.282569,0.040772,0.036002
2022-10-05,8,0.247371,-0.239591,-0.132725
2022-10-06,8,0.395033,-0.477476,-0.324538
2022-10-07,8,0.388650,-0.123944,-0.066423
2022-10-10,8,0.402161,-0.000960,-0.025354
2022-10-11,8,0.321742,0.002930,-0.008956
2022-10-12,8,0.303063,-0.306385,-0.192725
2022-10-13,8,0.385217,0.014743,0.001116
2022-10-14,8,0.386002,-0.004515,-0.017155
2022-10-17,8,0.469196,0.432290,0.323866
2022-10-18,8,0.302639,0.137287,0.091411
2022-10-19,8,0.309278,-0.166114,-0.107401
2022-10-20,8,0.286829,-0.340681,-0.205690
2022-10-21,8,0.321731,-0.007540,-0.008433
2022-10-24,8,0.350228,0.010085,0.008932
2022-10-25,8,0.166063,-0.020313,0.004646
2022-10-26,8,0.227601,-0.286826,-0.175384
2022-10-27,8,0.110693,-0.088216,-0.058477
2022-10-28,8,0.131133,0.352198,0.167683
2022-10-31,8,0.126025,-0.063776,-0.032908
2022-11-01,8,0.148964,0.075250,0.029635
2022-11-02,8,0.227113,0.065695,0.025245
2022-11-03,8,0.271269,-0.014742,-0.023366
2022-11-04,8,0.196882,0.092398,0.041215
2022-11-07,8,0.263795,0.015031,0.006971
2022-11-08,8,0.123848,-0.067955,-0.038391
2022-11-09,8,0.118998,0.029727,0.016435
2022-11-10,8,0.147193,0.246338,0.124334
2022-11-11,8,0.098189,-0.014793,0.016783
2022-11-14,8,0.101197,-0.053622,-0.013056
2022-11-15,8,0.183992,-0.109553,-0.052785
2022-11-16,8,0.190043,-0.130814,-0.078415
2022-11-17,8,0.228129,-0.019065,0.000096
2022-11-18,8,0.229106,0.430256,0.237047
2022-11-21,8,0.260909,-0.119045,-0.058163
2022-11-22,8,0.114471,-0.021275,-0.017966
2022-11-23,8,0.091861,-0.131259,-0.068331
2022-11-25,8,0.035985,0.008981,0.016676
2022-11-28,8,0.077263,-0.177618,-0.081365
2022-11-29,8,0.096974,0.094037,0.047793
2022-11-30,8,0.049670,0.121377,0.045703
2022-12-01,8,0.033905,-0.029583,-0.014919
2022-12-02,8,0.024915,-0.205615,-0.084521
2022-12-05,8,-0.002705,0.057002,0.035368
2022-12-06,8,0.036332,-0.182897,-0.077427
2022-12-07,8,0.052433,-0.028719,-0.002774
2022-12-08,8,0.033366,0.155497,0.070592
2022-12-09,8,0.058963,0.025403,0.002010
2022-12-12,8,0.084160,0.200864,0.085073
2022-12-13,8,0.083083,0.130862,0.049942
2022-12-14,8,0.239042,-0.224698,-0.140641
2022-12-15,8,0.290552,0.010757,-0.013840
2022-12-16,8,0.252136,-0.297294,-0.177297
2022-12-19,8,0.277998,0.064589,0.035000
2022-12-20,8,0.221884,-0.027709,-0.001249
2022-12-21,8,0.151374,0.002257,0.014943
2022-12-22,8,0.164860,0.140758,0.016498
2022-12-23,8,0.172182,0.108766,0.037146
2022-12-27,8,0.173093,-0.102483,-0.053062
2022-12-28,8,0.160496,-0.139756,-0.075212
2022-12-29,8,0.196363,0.224778,0.117339
2022-12-30,8,0.130904,-0.040489,-0.004754
2023-01-03,8,0.110082,-0.123472,-0.051140
2023-01-04,8,0.170372,-0.105860,-0.038115
2023-01-05,8,0.211336,-0.487634,-0.259140
2023-01-06,8,0.282555,0.267608,0.160720
2023-01-09,8,0.327186,0.269359,0.184370
2023-01-10,8,0.259540,0.021179,0.015930
2023-01-11,8,0.247258,0.415588,0.258175
2023-01-12,8,0.287889,0.132411,0.090108
2023-01-13,8,0.217650,-0.101143,-0.073998
2023-01-17,8,0.308691,0.037413,0.019244
2023-01-18,8,0.253939,0.108392,0.054610
2023-01-19,8,0.396025,-0.101575,-0.070732
2023-01-20,8,0.302984,-0.255253,-0.156098
2023-01-23,8,0.397901,-0.290839,-0.194922
2023-01-24,8,0.385790,0.279623,0.190156
2023-01-25,8,0.296553,0.013974,0.011212
2023-01-26,8,0.318162,-0.243487,-0.142857
2023-01-27,8,0.348973,-0.092107,-0.056795
2023-01-30,8,0.318330,0.181827,0.098403
2023-01-31,8,0.356381,-0.236608,-0.168343
2023-02-01,8,0.274015,-0.229260,-0.149352
2023-02-02,8,0.297963,-0.077562,-0.041880
2023-02-03,8,0.237482,0.115014,0.053697
2023-02-06,8,0.223852,0.150517,0.085200
2023-02-07,8,0.187916,-0.057340,-0.030252
2023-02-08,8,0.129775,-0.051676,-0.004706
2023-02-09,8,0.205697,-0.076596,-0.042665
2023-02-10,8,0.170791,0.328667,0.176879
2023-02-13,8,0.287347,-0.078382,-0.069988
2023-02-14,8,0.285910,-0.236175,-0.171285
2023-02-15,8,0.259650,0.288774,0.179676
2023-02-16,8,0.300405,0.244825,0.159760
2023-02-17,8,0.241283,0.304534,0.195822
2023-02-21,8,0.208323,-0.036885,-0.026218
2023-02-22,8,0.155963,-0.210339,-0.103001
2023-02-23,8,0.174050,0.075113,0.049397
2023-02-24,8,0.121287,0.029441,-0.004306
2023-02-27,8,0.189045,-0.166370,-0.098023
2023-02-28,8,0.030588,0.136497,0.037779
2023-03-01,8,0.031164,0.036213,0.011945
2023-03-02,8,0.053373,-0.136349,-0.060672
2023-03-03,8,0.057784,0.172157,0.083445
2023-03-06,8,0.064455,0.023078,0.006711
2023-03-07,8,0.060681,0.077560,0.029849
2023-03-08,8,0.153928,0.016905,-0.006897
2023-03-09,8,0.148191,-0.098202,-0.067819
2023-03-10,8,0.117495,-0.370984,-0.179681
2023-03-13,8,0.138380,-0.036786,-0.014878
2023-03-14,8,0.000341,-0.062338,-0.016196
2023-03-15,8,0.014047,-0.013354,0.012204
2023-03-16,8,-0.036940,0.100793,0.036666
2023-03-17,8,0.015213,-0.203820,-0.088801
2023-03-20,8,0.077972,0.290620,0.140072
2023-03-21,8,0.442333,0.328795,0.226769
2023-03-22,8,0.304312,-0.571326,-0.357997
2023-03-23,8,0.353042,-0.451173,-0.327440
2023-03-24,8,0.398034,-0.042885,-0.035890
2023-03-27,8,0.373307,0.357031,0.249616
2023-03-28,8,0.404480,0.085814,0.050864
2023-03-29,8,0.389397,0.471032,0.320769
2023-03-30,8,0.399955,0.027420,0.014502
2023-03-31,8,0.440439,0.440917,0.320780
2023-04-03,8,0.442188,-0.038035,-0.027551
2023-04-04,8,0.420442,-0.230697,-0.165894
2023-04-05,8,0.352296,-0.239891,-0.140036
2023-04-06,8,0.333463,0.290372,0.181537
2023-04-10,8,0.195503,0.237933,0.142101
2023-04-11,8,0.240508,0.125432,0.068379
2023-04-12,8,0.147162,0.046246,0.024412
2023-04-13,8,0.211123,-0.005091,0.011357
2023-04-14,8,0.154059,-0.305103,-0.151880
2023-04-17,8,0.275336,0.258176,0.168209
2023-04-18,8,0.215487,-0.131873,-0.059023
2023-04-19,8,0.278589,0.130974,0.050661
2023-04-20,8,0.285193,-0.187110,-0.119659
2023-04-21,8,0.331547,0.069631,0.090386
2023-04-24,8,0.316349,0.104636,0.060567
2023-04-25,8,0.256357,-0.146329,-0.093801
2023-04-26,8,0.219678,0.089767,0.049460
2023-04-27,8,0.267663,0.025309,0.026201
2023-04-28,8,0.211623,0.148870,0.093966
2023-05-01,8,0.276432,-0.122074,-0.082405
2023-05-02,8,0.268546,-0.222638,-0.143153
2023-05-03,8,0.209010,-0.001369,-0.024591
2023-05-04,8,0.298811,-0.119198,-0.093355
2023-05-05,8,0.290222,0.328627,0.207894
2023-05-08,8,0.310523,-0.038513,-0.028838
2023-05-09,8,0.334576,-0.175671,-0.126724
2023-05-10,8,0.268239,-0.222372,-0.146904
2023-05-11,8,0.280524,-0.197287,-0.130343
2023-05-12,8,0.267029,0.121302,0.064568
2023-05-15,8,0.275303,0.108779,0.043475
2023-05-16,8,0.263593,-0.514095,-0.331896
2023-05-17,8,0.129457,0.234362,0.114046
2023-05-18,8,0.147253,-0.170965,-0.066874
2023-05-19,8,0.130343,0.026751,-0.005570
2023-05-22,8,0.115105,-0.072861,-0.051393
2023-05-23,8,0.160364,0.229484,0.112020
2023-05-24,8,0.205680,-0.041255,-0.023529
2023-05-25,8,0.182068,-0.147317,-0.082437
2023-05-26,8,0.088664,0.093381,0.051477
2023-05-30,8,0.167645,0.074440,0.047563
2023-05-31,8,0.072430,-0.100034,-0.042749
2023-06-01,8,0.276968,-0.132594,-0.056879
2023-06-02,8,0.214469,-0.009220,-0.017455
2023-06-05,8,0.277334,0.225477,0.162569
2023-06-06,8,0.281500,-0.222862,-0.148541
2023-06-07,8,0.275662,0.065649,0.050200
2023-06-08,8,0.217712,-0.238455,-0.140684
2023-06-09,8,0.194491,0.011911,0.014575
2023-06-12,8,0.219879,0.106133,0.069032
2023-06-13,8,0.199043,-0.320534,-0.165836
2023-06-14,8,0.208790,0.033090,0.012322
2023-06-15,8,0.149157,0.013975,-0.003644
2023-06-16,8,0.139010,0.233523,0.110119
2023-06-20,8,0.050849,-0.038181,-0.033185
2023-06-21,8,0.166074,-0.090235,-0.033734
2023-06-22,8,0.134942,-0.137873,-0.061134
2023-06-23,8,0.032341,-0.308350,-0.142425
2023-06-26,8,0.103770,0.466068,0.202485
2023-06-27,8,0.125199,-0.254641,-0.159609
2023-06-28,8,0.044744,-0.126486,-0.056331
2023-06-29,8,0.079876,0.165626,0.064978
2023-06-30,8,0.063829,-0.173366,-0.080385
2023-07-03,8,0.177274,0.019497,0.026554
2023-07-05,8,0.175073,0.239314,0.101250
2023-07-06,8,0.216595,0.091743,0.067233
2023-07-07,8,0.222106,-0.144353,-0.076563
2023-07-10,8,0.158548,-0.099609,-0.050221
2023-07-11,8,0.166585,0.231966,0.118376
2023-07-12,8,0.211564,0.219362,0.105277
2023-07-13,8,0.160451,0.072614,0.021948
2023-07-14,8,0.187930,-0.254454,-0.121505
2023-07-17,8,0.166647,-0.102773,-0.055618
2023-07-18,8,0.150153,0.028718,0.011213
2023-07-19,8,0.253324,0.411468,0.249339
2023-07-20,8,0.199088,0.419680,0.235463
2023-07-21,8,0.171839,-0.028285,-0.013055
2023-07-24,8,0.120220,-0.279114,-0.130600
2023-07-25,8,0.142308,-0.153488,-0.078218
2023-07-26,8,0.178398,0.025643,0.025906
2023-07-27,8,0.190345,0.015754,-0.001447
2023-07-28,8,0.145323,0.059503,0.028151
2023-07-31,8,0.029646,0.205696,0.077489
2023-08-01,8,0.017657,-0.143862,-0.057012
2023-08-02,8,0.024469,0.267589,0.111754
2023-08-03,8,0.060278,-0.289646,-0.119122
2023-08-04,8,0.053038,-0.366815,-0.157466
2023-08-07,8,0.091775,-0.091870,-0.046423
2023-08-08,8,0.105265,-0.014311,0.011489
2023-08-09,8,0.040857,0.369648,0.158583
2023-08-10,8,0.010859,0.333373,0.107527
2023-08-11,8,-0.000336,0.115031,0.054982
2023-08-14,8,0.186280,-0.184267,-0.112440
2023-08-15,8,0.205218,-0.160551,-0.090214
2023-08-16,8,0.199712,0.302879,0.195226
2023-08-17,8,0.191164,-0.030882,-0.035610
2023-08-18,8,0.191238,-0.135146,-0.070595
2023-08-21,8,0.160761,-0.139941,-0.050492
2023-08-22,8,0.220864,0.257744,0.133289
2023-08-23,8,0.096028,0.008453,0.009796
2023-08-24,8,0.204394,0.228322,0.128379
2023-08-25,8,0.133480,0.174627,0.082449
2023-08-28,8,0.212792,-0.108657,-0.041375
2023-08-29,8,0.203968,0.023483,0.012761
2023-08-30,8,0.122236,-0.034723,-0.027131
2023-08-31,8,0.253373,-0.320791,-0.183998
2023-09-01,8,0.329240,-0.241746,-0.146471
2023-09-05,8,0.325073,-0.315044,-0.203830
2023-09-06,8,0.275287,-0.011526,-0.011056
2023-09-07,8,0.231519,-0.249418,-0.171466
2023-09-08,8,0.270900,0.102096,0.069556
2023-09-11,8,0.260731,0.148143,0.094862
2023-09-12,8,0.288565,0.055568,0.019208
2023-09-13,8,0.246908,-0.185669,-0.103433
2023-09-14,8,0.279451,0.082071,0.058908
2023-09-15,8,0.304167,0.152228,0.114238
2023-09-18,8,0.267630,-0.080206,-0.054130
2023-09-19,8,0.076090,0.027183,-0.000840
2023-09-20,8,0.152042,0.060463,0.016645
2023-09-21,8,0.118634,-0.294695,-0.124141
2023-09-22,8,0.272376,0.115180,0.060463
2023-09-25,8,0.179081,0.282929,0.144646
2023-09-26,8,0.104547,0.147913,0.069772
2023-09-27,8,0.214130,-0.019832,-0.024223
2023-09-28,8,0.164951,0.024014,0.023248
2023-09-29,8,0.134980,0.415456,0.224237
2023-10-02,8,0.148258,-0.154725,-0.069065
2023-10-03,8,0.229443,0.135815,0.058247
2023-10-04,8,0.203094,-0.102844,-0.063181
2023-10-05,8,0.235315,-0.038514,-0.026776
2023-10-06,8,0.192413,-0.036305,-0.013445
2023-10-09,8,0.148892,0.164822,0.097508
2023-10-10,8,0.116958,0.285632,0.115378
2023-10-11,8,0.098707,-0.064837,-0.031585
2023-10-12,8,0.110530,0.144500,0.057251
2023-10-13,8,0.255140,0.159355,0.099172
2023-10-16,8,0.078175,0.354953,0.155342
2023-10-17,8,0.134548,-0.280891,-0.126134
2023-10-18,8,0.130393,-0.105089,-0.058523
2023-10-19,8,0.153133,-0.144380,-0.071453
2023-10-20,8,0.249707,0.146188,0.101801
2023-10-23,8,0.263855,-0.095755,-0.082653
2023-10-24,8,0.270190,0.233017,0.142825
2023-10-25,8,0.153099,0.125495,0.075570
2023-10-26,8,0.141811,0.221726,0.106999
2023-10-27,8,0.228003,0.144497,0.085469
2023-10-30,8,0.209711,0.202848,0.108632
2023-10-31,8,0.127354,0.046920,0.028463
2023-11-01,8,0.131754,-0.304075,-0.131188
2023-11-02,8,0.148143,0.228429,0.106543
2023-11-03,8,0.030811,0.187482,0.070192
2023-11-06,8,0.099475,0.180386,0.080876
2023-11-07,8,0.138151,0.124775,0.048439
2023-11-08,8,0.062679,0.065903,0.044370
2023-11-09,8,0.154516,-0.355215,-0.182857
2023-11-10,8,0.115003,0.069835,0.045906
2023-11-13,8,0.080868,-0.360781,-0.145738
2023-11-14,8,0.328551,0.608303,0.400024
2023-11-15,8,0.091919,-0.074634,-0.031729
2023-11-16,8,0.295284,-0.142607,-0.071877
2023-11-17,8,0.262446,0.149766,0.102319
2023-11-20,8,0.259650,-0.038660,-0.009184
2023-11-21,8,0.195261,0.032078,-0.009810
2023-11-22,8,0.134291,-0.068336,0.009089
2023-11-24,8,0.121139,0.325705,0.154588
2023-11-27,8,0.112822,-0.062198,-0.018466
2023-11-28,8,0.202371,-0.028957,-0.008780
2023-11-29,8,0.241118,-0.425711,-0.239452
2023-11-30,8,0.197164,0.101434,0.066511
2023-12-01,8,0.166329,-0.018059,-0.012309
2023-12-04,8,0.215234,-0.093642,-0.043937
2023-12-05,8,0.205805,-0.106514,-0.021705
2023-12-06,8,0.108613,0.029922,0.011353
2023-12-07,8,0.077959,-0.197666,-0.082859
2023-12-08,8,0.167511,-0.247653,-0.133508
2023-12-11,8,0.138403,0.153163,0.068851
2023-12-12,8,0.177141,-0.081770,-0.026891
2023-12-13,8,0.209020,0.093066,0.029191
2023-12-14,8,0.167633,0.008356,0.027958
2023-12-15,8,0.164798,-0.030548,0.002089
2023-12-18,8,0.219606,0.160403,0.114958
2023-12-19,8,0.146361,0.078903,0.039606
2023-12-20,8,0.158039,0.140703,0.056200
2023-12-21,8,0.129755,-0.072039,-0.031116
2023-12-22,8,0.172117,0.187803,0.105829
2023-12-26,8,0.116718,-0.132286,-0.068355
2023-12-27,8,0.097686,-0.186451,-0.072160
2023-12-28,8,0.193118,0.124532,0.076909
2023-12-29,8,0.188241,0.352495,0.173722
2024-01-02,8,0.145168,0.218882,0.108314
2024-01-03,8,0.150339,0.501261,0.244426
2024-01-04,8,0.106355,0.078615,0.046597
2024-01-05,8,0.152105,-0.026175,-0.007509
2024-01-08,8,0.225361,-0.190918,-0.119856
2024-01-09,8,0.203769,0.049703,0.017259
2024-01-10,8,0.225128,-0.017241,-0.037576
2024-01-11,8,0.225387,0.005860,-0.011051
2024-01-12,8,0.164888,0.061185,0.040420
2024-01-16,8,0.261777,-0.285982,-0.148836
2024-01-17,8,0.346540,-0.153237,-0.093806
2024-01-18,8,0.419030,-0.087635,-0.053579
2024-01-19,8,0.294339,0.079714,0.047406
2024-01-22,8,0.213187,-0.127701,-0.082011
2024-01-23,8,0.178094,0.161547,0.094801
2024-01-24,8,0.167360,0.038230,0.028811
2024-01-25,8,0.231797,0.232964,0.130064
2024-01-26,8,0.222376,0.023099,0.003962
2024-01-29,8,0.180205,-0.018826,-0.001003
2024-01-30,8,0.187392,-0.258590,-0.133753
2024-01-31,8,0.213950,-0.016712,0.021849
2024-02-01,8,0.220651,0.168656,0.093690
2024-02-02,8,0.158960,-0.309610,-0.155575
2024-02-05,8,0.197662,-0.360458,-0.190504
2024-02-06,8,0.259997,0.299621,0.178742
2024-02-07,8,0.146265,0.011766,-0.003076
2024-02-08,8,0.174502,-0.164530,-0.093853
2024-02-09,8,0.265219,-0.100581,-0.071635
2024-02-12,8,0.113058,0.398857,0.184318
2024-02-13,8,0.010378,-0.029970,-0.011147
2024-02-14,8,0.145738,0.079618,0.032715
2024-02-15,8,0.096887,0.242766,0.114210
2024-02-16,8,0.070119,-0.074590,-0.019338
2024-02-20,8,0.402545,0.354791,0.228259
2024-02-21,8,0.343814,0.262588,0.162989
2024-02-22,8,0.345148,-0.249958,-0.161681
2024-02-23,8,0.418703,-0.028144,-0.036315
2024-02-26,8,0.447923,-0.072368,-0.056879
2024-02-27,8,0.105297,-0.002161,-0.013587
2024-02-28,8,0.210525,0.005522,-0.010064
2024-02-29,8,0.169232,-0.113480,-0.085579
2024-03-01,8,0.123588,0.093171,0.062909
2024-03-04,8,0.125117,0.177771,0.079379
2024-03-05,8,0.205164,0.037649,0.030066
2024-03-06,8,0.284661,0.148349,0.102005
2024-03-07,8,0.203215,0.025359,0.008421
2024-03-08,8,0.264421,0.239495,0.139400
2024-03-11,8,0.266881,0.447176,0.259668
2024-03-12,8,0.219284,0.167671,0.082731
2024-03-13,8,0.333497,-0.094891,-0.081807
2024-03-14,8,0.305553,-0.174274,-0.111909
2024-03-15,8,0.259911,-0.131153,-0.085870
2024-03-18,8,0.352320,-0.165006,-0.115402
2024-03-19,8,0.378660,-0.012921,-0.032594
2024-03-20,8,0.295949,0.186856,0.113707
2024-03-21,8,0.299833,-0.260824,-0.168180
2024-03-22,8,0.258922,0.281454,0.161398
2024-03-25,8,0.224391,-0.148678,-0.077863
2024-03-26,8,0.300895,0.147529,0.097221
2024-03-27,8,0.292536,0.297837,0.186495
2024-03-28,8,0.340679,-0.095229,-0.068696
2024-04-01,8,0.328559,-0.007251,-0.001447
2024-04-02,8,0.335341,-0.100415,-0.082809
2024-04-03,8,0.249648,0.169328,0.105558
2024-04-04,8,0.226287,-0.113528,-0.065858
2024-04-05,8,0.171418,-0.290003,-0.149160
2024-04-08,8,0.196107,0.285076,0.146939
2024-04-09,8,0.174797,0.220381,0.107995
2024-04-10,8,0.221317,-0.155597,-0.102484
2024-04-11,8,0.338296,0.156654,0.112979
2024-04-12,8,0.391010,0.242365,0.175577
2024-04-15,8,0.315939,-0.257431,-0.154418
2024-04-16,8,0.344266,0.044131,0.023937
2024-04-17,8,0.292636,-0.351190,-0.217227
2024-04-18,8,0.285395,-0.369823,-0.222257
2024-04-19,8,0.370322,-0.406118,-0.273123
2024-04-22,8,0.352883,0.013544,-0.006747
2024-04-23,8,0.266569,0.358035,0.224969
2024-04-24,8,0.191384,-0.048744,-0.042909
2024-04-25,8,0.217744,-0.058065,-0.043389
2024-04-26,8,0.256649,0.242868,0.135298
2024-04-29,8,0.294721,0.034772,0.036501
2024-04-30,8,0.188910,-0.331901,-0.177582
2024-05-01,8,0.353360,0.201878,0.144460
2024-05-02,8,0.291861,-0.098163,-0.053902
2024-05-03,8,0.235432,0.323984,0.190004
2024-05-06,8,0.310437,0.134620,0.081513
2024-05-07,8,0.277620,0.000816,0.025654
2024-05-08,8,0.366843,0.000768,0.020348
2024-05-09,8,0.312488,0.309698,0.199892
2024-05-10,8,0.301410,-0.043220,-0.015210
2024-05-13,8,0.281269,-0.073958,-0.019556
2024-05-14,8,0.294251,-0.001585,0.015594
2024-05-15,8,0.123489,0.212197,0.108121
2024-05-16,8,0.223860,-0.056089,-0.038579
2024-05-17,8,0.095274,-0.168996,-0.087875
2024-05-20,8,0.206575,0.039522,0.002360
2024-05-21,8,0.191301,-0.015608,0.004928
2024-05-22,8,0.281170,0.013783,0.004466
2024-05-23,8,0.377676,0.161544,0.093578
2024-05-24,8,0.336864,-0.066944,-0.038883
2024-05-28,8,0.264469,0.103873,0.057923
2024-05-29,8,0.268078,-0.056960,-0.026627
2024-05-30,8,0.364514,-0.026414,-0.022593
2024-05-31,8,0.363399,-0.095627,-0.084322
2024-06-03,8,0.377343,-0.079814,-0.054058
2024-06-04,8,0.387477,-0.175523,-0.111418
2024-06-05,8,0.390369,0.111797,0.072581
2024-06-06,8,0.175644,0.140909,0.080671
2024-06-07,8,0.228460,-0.177632,-0.103944
2024-06-10,8,0.295215,-0.309938,-0.199363
2024-06-11,8,0.315607,0.181871,0.108518
2024-06-12,8,0.313495,0.104404,0.077234
2024-06-13,8,0.358277,-0.063917,-0.045107
2024-06-14,8,0.331226,-0.310921,-0.201080
2024-06-17,8,0.370211,-0.115831,-0.077527
2024-06-18,8,0.318860,-0.315749,-0.199706
2024-06-20,8,0.384661,0.198334,0.168079
2024-06-21,8,0.263491,0.021661,0.026596
2024-06-24,8,0.259827,0.054219,0.048739
2024-06-25,8,0.352701,0.125390,0.099695
2024-06-26,8,0.290615,0.184940,0.112687
2024-06-27,8,0.333741,-0.177151,-0.096059
2024-06-28,8,0.339146,-0.047688,-0.033620
2024-07-01,8,0.208463,0.062188,0.040446
2024-07-02,8,0.342626,-0.127026,-0.062432
2024-07-03,8,0.219003,0.226608,0.121736
2024-07-05,8,0.200970,-0.086280,-0.052732
2024-07-08,8,0.224178,0.004323,0.003806
2024-07-09,8,0.198800,0.037461,0.020480
2024-07-10,8,0.254282,-0.150747,-0.077383
2024-07-11,8,0.149364,0.221118,0.119808
2024-07-12,8,0.195946,0.178797,0.069124
2024-07-15,8,0.197757,-0.212286,-0.113926
2024-07-16,8,0.320446,0.320102,0.210408
2024-07-17,8,0.314745,-0.108774,-0.064046
2024-07-18,8,0.214543,-0.052726,-0.019628
2024-07-19,8,0.202813,0.183250,0.107575
2024-07-22,8,0.099057,0.273749,0.131561
2024-07-23,8,0.083193,0.081348,0.043517
2024-07-24,8,0.132794,0.153798,0.058403
2024-07-25,8,0.130177,0.096441,0.042593
2024-07-26,8,0.210063,0.104447,0.037503
2024-07-29,8,0.072107,0.039911,0.001408
2024-07-30,8,0.005624,-0.399193,-0.146056
2024-07-31,8,0.072172,-0.090289,-0.053993
2024-08-01,8,-0.001281,-0.166363,-0.048499
2024-08-02,8,0.084722,-0.387080,-0.141743
2024-08-05,8,0.161257,-0.251339,-0.118149
2024-08-06,8,0.197373,0.099457,0.050495
2024-08-07,8,0.053709,-0.141578,-0.051944
2024-08-08,8,0.155918,0.363807,0.187179
2024-08-09,8,0.049460,0.005186,-0.015090
2024-08-12,8,0.255894,0.059835,0.018727
2024-08-13,8,0.142545,0.099609,0.047372
2024-08-14,8,0.163488,-0.409933,-0.222694
2024-08-15,8,0.178732,0.505223,0.241624
2024-08-16,8,0.142257,-0.065122,-0.038992
2024-08-19,8,0.259663,0.101573,0.051014
2024-08-20,8,0.220298,-0.098547,-0.062779
2024-08-21,8,0.243879,0.204063,0.130576
2024-08-22,8,0.201770,-0.187188,-0.111530
2024-08-23,8,0.250250,0.073139,0.069225
2024-08-26,8,0.095905,0.215473,0.127899
2024-08-27,8,0.099119,-0.168860,-0.094490
2024-08-28,8,0.156197,0.035685,0.020475
2024-08-29,8,0.231941,-0.024588,-0.009160
2024-08-30,8,0.114961,-0.076836,-0.027035
2024-09-03,8,0.161259,-0.036931,0.000336
2024-09-04,8,0.125063,-0.107667,-0.065277
2024-09-05,8,0.224823,-0.058931,0.008800
2024-09-06,8,0.150869,-0.063010,-0.040618
2024-09-09,8,0.233672,0.094179,0.049904
2024-09-10,8,0.045875,0.130205,0.052581
2024-09-11,8,0.043526,-0.207839,-0.081453
2024-09-12,8,0.072550,0.302044,0.117671
2024-09-13,8,0.044555,0.125027,0.020492
2024-09-16,8,0.023612,0.283581,0.112341
2024-09-17,8,0.075145,0.171134,0.066616
2024-09-18,8,0.075567,0.237873,0.122263
2024-09-19,8,0.024972,0.184224,0.054474
2024-09-20,8,0.048415,0.126360,0.039354
2024-09-23,8,0.118532,0.161231,0.089474
2024-09-24,8,0.023570,0.088706,0.041289
2024-09-25,8,0.012275,-0.132240,-0.038485
2024-09-26,8,0.056389,0.342026,0.151566
2024-09-27,8,0.010462,0.077895,0.062445
2024-09-30,8,0.017861,0.162272,0.054055
2024-10-01,8,0.164119,0.085967,0.036723
2024-10-02,8,0.136268,0.131105,0.068679
2024-10-03,8,0.102058,-0.228477,-0.100888
2024-10-04,8,0.071339,0.077895,0.032473
2024-10-07,8,0.059043,0.046584,0.000060
2024-10-08,8,0.103265,0.306207,0.150624
2024-10-09,8,0.084366,0.057103,0.041080
2024-10-10,8,0.106431,0.149358,0.064070
2024-10-11,8,0.078854,0.038660,0.004358
2024-10-14,8,0.080309,0.196859,0.103097
2024-10-15,8,0.050866,0.213982,0.078187
2024-10-16,8,0.079848,-0.065983,-0.042815
2024-10-17,8,0.114015,0.018345,0.009136
2024-10-18,8,0.161931,0.162981,0.082149
2024-10-21,8,0.169714,-0.139698,-0.070816
2024-10-22,8,0.164263,-0.052683,-0.027311
2024-10-23,8,0.177753,0.007756,-0.006939
2024-10-24,8,0.209319,0.191974,0.109676
2024-10-25,8,0.152145,0.081548,0.032329
2024-10-28,8,0.192118,0.062245,0.033854
2024-10-29,8,0.327666,-0.112901,-0.076807
2024-10-30,8,0.412540,0.210461,0.132737
2024-10-31,8,0.366068,0.356808,0.259052
2024-11-01,8,0.315304,-0.031168,-0.043433
2024-11-04,8,0.374913,0.354351,0.237383
2024-11-05,8,0.261080,-0.177199,-0.096327
2024-11-06,8,0.353737,-0.218039,-0.140072
2024-11-07,8,0.390938,0.050475,0.019760
2024-11-08,8,0.339818,-0.080786,-0.056939
2024-11-11,8,0.403619,0.108878,0.076110
2024-11-12,8,0.383691,-0.463201,-0.305762
2024-11-13,8,0.427268,-0.005282,0.013134
2024-11-14,8,0.391617,0.481281,0.317083
2024-11-15,8,0.283396,0.146233,0.071465
2024-11-18,8,0.361557,-0.102814,-0.065750
2024-11-19,8,0.388836,0.064301,0.049136
2024-11-20,8,0.402909,-0.022671,-0.039532
2024-11-21,8,0.362867,-0.192383,-0.132821
2024-11-22,8,0.421550,0.099313,0.039911
2024-11-25,8,0.257613,0.132162,0.074754
2024-11-26,8,0.295044,0.075926,0.033505
2024-11-27,8,0.345666,0.377870,0.242425
2024-11-29,8,0.271017,0.164622,0.096435
2024-12-02,8,0.382490,0.056954,0.016867
2024-12-03,8,0.391422,-0.285364,-0.191453
2024-12-04,8,0.237825,-0.063198,-0.049208
2024-12-05,8,0.201537,0.120819,0.063914
2024-12-06,8,0.188126,0.075979,0.036807
2024-12-09,8,0.205783,0.264745,0.146759
2024-12-10,8,0.197438,0.142638,0.068163
2024-12-11,8,0.317441,-0.082363,-0.056867
2024-12-12,8,0.236100,-0.214512,-0.090084
2024-12-13,8,0.264565,-0.130862,-0.088554
2024-12-16,8,0.220574,-0.050092,-0.030202
2024-12-17,8,0.274996,-0.071598,-0.045906
