arm,panel,seed,year,n_days,net_pct,sharpe
ar,set1_core7,42,2015,252,7.267740300992642,1.2018327782193843
ar,set1_core7,42,2016,252,-13.94802319385134,-1.7743576543870248
ar,set1_core7,42,2017,251,4.657508417669068,0.8727037652731214
ar,set1_core7,42,2018,251,5.614973921365619,0.8789101150118681
ar,set1_core7,42,2019,252,0.7954946532469812,0.10470211314270447
ar,set2_core7,42,2015,252,1.2333482944787537,0.46763459524645373
ar,set2_core7,42,2016,252,1.338279481522372,0.4504419649553549
ar,set2_core7,42,2017,251,-3.616655437385028,-1.4104604891618262
ar,set2_core7,42,2018,251,-2.747840265924553,-1.0215991100570525
ar,set2_core7,42,2019,252,-3.647436029439784,-1.1106598205103617
ar,set3_core7,42,2015,252,-1.634311696800579,-0.23267277011413032
ar,set3_core7,42,2016,252,-8.758233758743426,-1.1731224461741034
ar,set3_core7,42,2017,251,1.2129581001511327,0.19548728479265912
ar,set3_core7,42,2018,251,-1.2609101464553982,-0.1687218981132508
ar,set3_core7,42,2019,252,-7.388032350095175,-0.9805406974814723
ar,set4_core7,42,2015,252,3.5224418444928935,0.5654203381653021
ar,set4_core7,42,2016,252,-19.647920201600794,-1.9882912083591253
ar,set4_core7,42,2017,251,1.4543894810012552,0.22034209268662278
ar,set4_core7,42,2018,251,3.2001625270623344,0.3860487066833569
ar,set4_core7,42,2019,252,-0.030799585498392235,-0.0030556854344822
gru,set1_core7,42,2015,252,-1.007018413661774,-0.13367774624798456
gru,set1_core7,42,2016,252,14.877012005347606,1.6347671813429734
gru,set1_core7,42,2017,251,1.030882037290387,0.13916795649170838
gru,set1_core7,42,2018,251,17.542052157605255,1.8273526340839845
gru,set1_core7,42,2019,252,17.52713598668759,1.9143508039073918
gru,set1_core7,43,2015,252,0.2139206186280003,0.025010412867471153
gru,set1_core7,43,2016,252,23.987246504766787,2.7210355344897104
gru,set1_core7,43,2017,251,-2.7171016364208227,-0.3313183241949394
gru,set1_core7,43,2018,251,13.484470906678498,1.300212885888436
gru,set1_core7,43,2019,252,16.097052569967307,1.4250132839199945
gru,set1_core7,44,2015,252,5.077706232376896,0.5398869121215633
gru,set1_core7,44,2016,252,-0.9294356461039729,-0.09429659805332677
gru,set1_core7,44,2017,251,5.884536701159701,0.7544905227310105
gru,set1_core7,44,2018,251,25.032873844796725,2.845221536288158
gru,set1_core7,44,2019,252,11.736692615718864,1.0129133377075163
gru,set2_core7,42,2015,252,-2.0327606508736635,-0.3212036458640399
gru,set2_core7,42,2016,252,-0.6625446545873992,-0.0857319500342898
gru,set2_core7,42,2017,251,5.1060020329686315,0.8840696910784848
gru,set2_core7,42,2018,251,-1.483581240491172,-0.24169697210568597
gru,set2_core7,42,2019,252,0.5825543429235795,0.09101130682082265
gru,set2_core7,43,2015,252,13.754919893879563,2.081820452074227
gru,set2_core7,43,2016,252,5.764130353760213,0.9285912336954387
gru,set2_core7,43,2017,251,-1.1907707110267256,-0.24340497687431822
gru,set2_core7,43,2018,251,0.737244444746752,0.11729401817304433
gru,set2_core7,43,2019,252,8.012866938990152,1.0591377375665028
gru,set2_core7,44,2015,252,3.941136519466916,0.6000955067088204
gru,set2_core7,44,2016,252,1.6745995047604385,0.27139464521782714
gru,set2_core7,44,2017,251,7.577455882813274,1.265537298474717
gru,set2_core7,44,2018,251,-5.576876575234407,-0.8583380736920818
gru,set2_core7,44,2019,252,5.500382116269468,0.7597414149296813
gru,set3_core7,42,2015,252,-0.8445837534606583,-0.1774349074762751
gru,set3_core7,42,2016,252,-6.810645127465626,-1.3441076779061722
gru,set3_core7,42,2017,251,-3.505473704665179,-0.8469315847418719
gru,set3_core7,42,2018,251,-1.6330427402639365,-0.3292844748507914
gru,set3_core7,42,2019,252,-4.9947400438214276,-1.0376404094850191
gru,set3_core7,43,2015,252,0.3428763555686748,0.06467252702149154
gru,set3_core7,43,2016,252,-5.1051657177798,-0.8673018861900915
gru,set3_core7,43,2017,251,4.998404922585086,1.005264508031602
gru,set3_core7,43,2018,251,5.3286085963983485,1.0031088037228444
gru,set3_core7,43,2019,252,-0.4308722798663834,-0.07759776056851284
gru,set3_core7,44,2015,252,6.181546979902339,1.22282065824786
gru,set3_core7,44,2016,252,0.8006177235152956,0.16076960421204875
gru,set3_core7,44,2017,251,10.733033340718727,1.9868057960999244
gru,set3_core7,44,2018,251,0.10013353154913213,0.017271536528913164
gru,set3_core7,44,2019,252,5.785127414323016,1.0848036236349792
gru,set4_core7,42,2015,252,7.442698280552701,1.0459033473913342
gru,set4_core7,42,2016,252,-4.096794569612453,-0.4720175474461849
gru,set4_core7,42,2017,251,11.565649598872183,1.6279225369241337
gru,set4_core7,42,2018,251,-6.143124266658363,-0.7491792623278183
gru,set4_core7,42,2019,252,28.948553874101467,2.687027063563156
gru,set4_core7,43,2015,252,4.02726570585981,0.6452874347846846
gru,set4_core7,43,2016,252,-6.223140516201793,-0.7339939255724914
gru,set4_core7,43,2017,251,3.3429371534621914,0.4581211061042007
gru,set4_core7,43,2018,251,-7.525878142763368,-0.9422597556080601
gru,set4_core7,43,2019,252,14.643902602774265,1.5681307050914626
gru,set4_core7,44,2015,252,0.6753174172392788,0.10930483619879522
gru,set4_core7,44,2016,252,-7.723975195165754,-1.0056284421600301
gru,set4_core7,44,2017,251,13.700545334089242,2.40534929770062
gru,set4_core7,44,2018,251,-0.5558548554781149,-0.0821403358852649
gru,set4_core7,44,2019,252,4.411822395689151,0.49225483048566265
lstm,set1_core7,42,2015,252,-1.3581705545184144,-0.2524796202376141
lstm,set1_core7,42,2016,252,-15.185442875118744,-2.1604272965865574
lstm,set1_core7,42,2017,251,10.135342923511113,1.807085888161655
lstm,set1_core7,42,2018,251,11.16890147112295,1.771937857664821
lstm,set1_core7,42,2019,252,4.935583079811836,0.7878620334645076
lstm,set1_core7,43,2015,252,-6.621191634001835,-0.9659100692436738
lstm,set1_core7,43,2016,252,4.220830604566922,0.6594201777830566
lstm,set1_core7,43,2017,251,5.21714826958619,0.9746350270390121
lstm,set1_core7,43,2018,251,7.170296199788376,1.2436088631278688
lstm,set1_core7,43,2019,252,9.719294099406525,1.3790559935432622
lstm,set1_core7,44,2015,252,-4.262375025221915,-0.6569717379674731
lstm,set1_core7,44,2016,252,7.846920425871476,1.1543961061420032
lstm,set1_core7,44,2017,251,1.6853621754404555,0.2676300861098394
lstm,set1_core7,44,2018,251,8.294860441860681,1.0575848412382176
lstm,set1_core7,44,2019,252,4.9581011259587795,0.7166213399333321
lstm,set2_core7,42,2015,252,-4.824886250092252,-0.7294165859537692
lstm,set2_core7,42,2016,252,-5.884927038385297,-0.8636727062876507
lstm,set2_core7,42,2017,251,2.8936656572854815,0.5532801606684521
lstm,set2_core7,42,2018,251,-2.5089370214292694,-0.41422108453873674
lstm,set2_core7,42,2019,252,5.734933480714867,0.7585479477073701
lstm,set2_core7,43,2015,252,-2.417083151370306,-0.3755274782366742
lstm,set2_core7,43,2016,252,15.61647909105584,2.4736873497480603
lstm,set2_core7,43,2017,251,-1.3832623032826987,-0.2668991980682741
lstm,set2_core7,43,2018,251,-3.6797491404875973,-0.5493718532164525
lstm,set2_core7,43,2019,252,10.218930274788928,1.520109100105059
lstm,set2_core7,44,2015,252,-3.3319475169926185,-0.5758939039085608
lstm,set2_core7,44,2016,252,3.960052490448422,0.6209044457116442
lstm,set2_core7,44,2017,251,10.188434979099561,1.9992738697588892
lstm,set2_core7,44,2018,251,-2.1587443403349065,-0.37298413787034307
lstm,set2_core7,44,2019,252,0.010082412740123996,0.0015035127382315794
lstm,set3_core7,42,2015,252,5.5566618133279375,0.8363472398808668
lstm,set3_core7,42,2016,252,5.241654104235838,0.6418406943956088
lstm,set3_core7,42,2017,251,3.907078668489276,0.5339369177214247
lstm,set3_core7,42,2018,251,-19.18446286987654,-2.5538647901474434
lstm,set3_core7,42,2019,252,10.998757950878115,1.358940776829903
lstm,set3_core7,43,2015,252,5.875588898649291,0.7749703063835038
lstm,set3_core7,43,2016,252,-0.39358087990353957,-0.041999329947207904
lstm,set3_core7,43,2017,251,7.488184058955985,0.9456499258263232
lstm,set3_core7,43,2018,251,5.222562418684787,0.5472824503218823
lstm,set3_core7,43,2019,252,5.068468177488293,0.5063926560368066
lstm,set3_core7,44,2015,252,-7.22123409775554,-0.9831374120536958
lstm,set3_core7,44,2016,252,-6.581206207366256,-0.8264981283212762
lstm,set3_core7,44,2017,251,-0.26207305093645766,-0.034187641143406555
lstm,set3_core7,44,2018,251,-6.166754492674318,-0.6501346460949048
lstm,set3_core7,44,2019,252,3.845593265126807,0.37754715044016524
lstm,set4_core7,42,2015,252,1.500450827093315,0.23020653236037691
lstm,set4_core7,42,2016,252,-16.246838775282786,-1.864048320938201
lstm,set4_core7,42,2017,251,8.442934841144874,0.9824804723378565
lstm,set4_core7,42,2018,251,-11.6905150477699,-1.433972855644751
lstm,set4_core7,42,2019,252,13.341752661257376,1.359857462555762
lstm,set4_core7,43,2015,252,-1.5313771488064059,-0.2320552257702025
lstm,set4_core7,43,2016,252,-14.393842001628046,-1.3843285101541911
lstm,set4_core7,43,2017,251,9.412644628419997,1.3168966398631905
lstm,set4_core7,43,2018,251,-2.9877335477442717,-0.3680506173186459
lstm,set4_core7,43,2019,252,16.183640161233008,1.4252364669977082
lstm,set4_core7,44,2015,252,9.078918064425745,1.3564208494386185
lstm,set4_core7,44,2016,252,-14.872726506052791,-1.338478254394512
lstm,set4_core7,44,2017,251,8.792980451163935,0.9610324868314105
lstm,set4_core7,44,2018,251,-6.154609289487687,-0.6323184139272479
lstm,set4_core7,44,2019,252,4.589305119462713,0.39573272276857735
naive,set1_core7,42,2015,252,-5.515926387918202,-1.0666916296593336
naive,set1_core7,42,2016,252,-5.50195062311713,-1.266245264943849
naive,set1_core7,42,2017,251,-6.043545439280197,-1.5119907942481332
naive,set1_core7,42,2018,251,0.01223701085951382,0.002503478074390294
naive,set1_core7,42,2019,252,0.644159769532868,0.1264614006768456
naive,set2_core7,42,2015,252,-3.7412637995429683,-0.9138159586971026
naive,set2_core7,42,2016,252,-0.0619460555461724,-0.013785835305604606
naive,set2_core7,42,2017,251,-5.781040075046431,-1.6468286364526337
naive,set2_core7,42,2018,251,-10.030985409304515,-2.276778976722855
naive,set2_core7,42,2019,252,-0.8068358706065235,-0.16800978312397993
naive,set3_core7,42,2015,252,-1.330881950027432,-0.2790382161634905
naive,set3_core7,42,2016,252,-5.516487949080882,-1.1730671728254158
naive,set3_core7,42,2017,251,-3.0725867988373414,-0.7983712487000634
naive,set3_core7,42,2018,251,-4.2217928956313315,-0.75749828359981
naive,set3_core7,42,2019,252,0.37988223705470353,0.07361002163684327
naive,set4_core7,42,2015,252,-2.640353909681869,-0.6754584695283232
naive,set4_core7,42,2016,252,0.9299898179316514,0.2001911567342416
naive,set4_core7,42,2017,251,-6.401686076163776,-2.0944174298122182
naive,set4_core7,42,2018,251,-1.0102952457954175,-0.20936043134340207
naive,set4_core7,42,2019,252,-0.5933383229070219,-0.11599598873540941
periodic_lstm_monthly,set1_core7,42,2015,252,-3.3941186380567063,-0.49244175943316115
periodic_lstm_monthly,set1_core7,42,2016,252,6.129004544494056,0.8986297126734087
periodic_lstm_monthly,set1_core7,42,2017,251,1.3084640233830114,0.19921646131086895
periodic_lstm_monthly,set1_core7,42,2018,251,6.637089288173499,0.9993375535023071
periodic_lstm_monthly,set1_core7,42,2019,252,8.621888449101654,1.02867045459673
periodic_lstm_monthly,set1_core7,43,2015,252,-5.270412700567617,-0.8101062625041952
periodic_lstm_monthly,set1_core7,43,2016,252,-6.707726701679105,-0.7786645108539313
periodic_lstm_monthly,set1_core7,43,2017,251,2.414057446366822,0.3642269277790837
periodic_lstm_monthly,set1_core7,43,2018,251,2.5895934555074023,0.35235486655153997
periodic_lstm_monthly,set1_core7,43,2019,252,16.426247380286163,1.8471668411026558
periodic_lstm_monthly,set1_core7,44,2015,252,-6.770583977381557,-0.9349567906841967
periodic_lstm_monthly,set1_core7,44,2016,252,6.682793750803858,0.8559937821406763
periodic_lstm_monthly,set1_core7,44,2017,251,14.204280238344461,2.1417584934614786
periodic_lstm_monthly,set1_core7,44,2018,251,9.806497817075947,1.34681900902077
periodic_lstm_monthly,set1_core7,44,2019,252,10.972278244356644,1.3478194190507564
periodic_lstm_monthly,set2_core7,42,2015,252,13.208310511017068,1.9130124040629302
periodic_lstm_monthly,set2_core7,42,2016,252,7.73705034942076,1.095066790965992
periodic_lstm_monthly,set2_core7,42,2017,251,0.7869119373119158,0.1333940885923838
periodic_lstm_monthly,set2_core7,42,2018,251,7.120593778813467,1.0473172259526207
periodic_lstm_monthly,set2_core7,42,2019,252,6.277867670899726,0.7419435388201925
periodic_lstm_monthly,set2_core7,43,2015,252,7.7129365206546465,1.0068801114710433
periodic_lstm_monthly,set2_core7,43,2016,252,-4.260576932295997,-0.5555072102162047
periodic_lstm_monthly,set2_core7,43,2017,251,7.626144309439907,1.2259942320559383
periodic_lstm_monthly,set2_core7,43,2018,251,8.199501358040656,1.115730856797903
periodic_lstm_monthly,set2_core7,43,2019,252,15.141996666441916,1.933646265369951
periodic_lstm_monthly,set2_core7,44,2015,252,9.915937656897999,1.3495069848687724
periodic_lstm_monthly,set2_core7,44,2016,252,2.958061520070295,0.40873044228890765
periodic_lstm_monthly,set2_core7,44,2017,251,2.227671292256668,0.40503536216273195
periodic_lstm_monthly,set2_core7,44,2018,251,9.34537953028757,1.3001443339616647
periodic_lstm_monthly,set2_core7,44,2019,252,6.321625997476597,0.8303477779592316
periodic_lstm_monthly,set3_core7,42,2015,252,14.873594450645147,2.341427007451816
periodic_lstm_monthly,set3_core7,42,2016,252,6.898629073581376,0.9524136220657413
periodic_lstm_monthly,set3_core7,42,2017,251,-2.991690316669366,-0.49068046817978794
periodic_lstm_monthly,set3_core7,42,2018,251,6.314715647971185,0.8320883303824926
periodic_lstm_monthly,set3_core7,42,2019,252,1.1667482056050245,0.15999767784938587
periodic_lstm_monthly,set3_core7,43,2015,252,10.935879544762578,1.7616484407608803
periodic_lstm_monthly,set3_core7,43,2016,252,8.295161412657498,1.2126432321703935
periodic_lstm_monthly,set3_core7,43,2017,251,-1.2994428924126833,-0.2144626837197675
periodic_lstm_monthly,set3_core7,43,2018,251,6.344689457797258,0.83291249624068
periodic_lstm_monthly,set3_core7,43,2019,252,-5.940677404129136,-0.7180995736098306
periodic_lstm_monthly,set3_core7,44,2015,252,3.3882622225570356,0.5070548071485429
periodic_lstm_monthly,set3_core7,44,2016,252,-1.6113705164487668,-0.21730012815609237
periodic_lstm_monthly,set3_core7,44,2017,251,-0.8724408776533756,-0.14158405941401717
periodic_lstm_monthly,set3_core7,44,2018,251,2.1550615675476017,0.27489734593997806
periodic_lstm_monthly,set3_core7,44,2019,252,-0.4313017446939474,-0.05420457878900467
periodic_lstm_monthly,set4_core7,42,2015,252,2.258203802613395,0.3319369194123961
periodic_lstm_monthly,set4_core7,42,2016,252,4.341748317184703,0.5652521336544033
periodic_lstm_monthly,set4_core7,42,2017,251,17.208441457571094,2.9025453280303033
periodic_lstm_monthly,set4_core7,42,2018,251,6.606634859565263,0.9660350895067904
periodic_lstm_monthly,set4_core7,42,2019,252,13.754946569800003,1.695109908174148
periodic_lstm_monthly,set4_core7,43,2015,252,12.88525637176328,1.7735489458888236
periodic_lstm_monthly,set4_core7,43,2016,252,-2.392888251800206,-0.2823826714799011
periodic_lstm_monthly,set4_core7,43,2017,251,10.349313581246001,1.7406621893329626
periodic_lstm_monthly,set4_core7,43,2018,251,1.5837794519084316,0.21024824325236502
periodic_lstm_monthly,set4_core7,43,2019,252,6.8215578352873285,0.8988317156019576
periodic_lstm_monthly,set4_core7,44,2015,252,11.933471622339171,1.7772912814092814
periodic_lstm_monthly,set4_core7,44,2016,252,-11.707523387203551,-1.4354662849589352
periodic_lstm_monthly,set4_core7,44,2017,251,11.512942043826088,2.0046825609562875
periodic_lstm_monthly,set4_core7,44,2018,251,8.50287110301233,1.2140681967621336
periodic_lstm_monthly,set4_core7,44,2019,252,8.741894267883229,0.9836945303535719
periodic_lstm_quarterly,set1_core7,42,2015,252,1.5650091168302662,0.1990176844569921
periodic_lstm_quarterly,set1_core7,42,2016,252,15.82811386279737,1.68594624614488
periodic_lstm_quarterly,set1_core7,42,2017,251,2.3571765698419194,0.3100841965411047
periodic_lstm_quarterly,set1_core7,42,2018,251,9.992885166722205,1.1973448143951873
periodic_lstm_quarterly,set1_core7,42,2019,252,12.72846216438103,1.4017182994501336
periodic_lstm_quarterly,set1_core7,43,2015,252,-3.242934438073117,-0.43959021636254386
periodic_lstm_quarterly,set1_core7,43,2016,252,13.209138542433053,1.932940231072368
periodic_lstm_quarterly,set1_core7,43,2017,251,10.174558104907625,1.4068160674263956
periodic_lstm_quarterly,set1_core7,43,2018,251,2.6349113201317143,0.3638913312681129
periodic_lstm_quarterly,set1_core7,43,2019,252,13.744514598942065,1.5364657889023086
periodic_lstm_quarterly,set1_core7,44,2015,252,-2.9546596520336426,-0.43135297792518335
periodic_lstm_quarterly,set1_core7,44,2016,252,17.06092536251506,1.871884460097748
periodic_lstm_quarterly,set1_core7,44,2017,251,3.3398391890061787,0.4948774757340005
periodic_lstm_quarterly,set1_core7,44,2018,251,7.65089056103795,0.9560999454015813
periodic_lstm_quarterly,set1_core7,44,2019,252,17.102942740161104,2.1324187528849357
periodic_lstm_quarterly,set2_core7,42,2015,252,13.309463791221058,1.811821670034893
periodic_lstm_quarterly,set2_core7,42,2016,252,-3.3353601731549527,-0.45139519233963177
periodic_lstm_quarterly,set2_core7,42,2017,251,8.898538586215231,1.5567880899894062
periodic_lstm_quarterly,set2_core7,42,2018,251,4.334472550449302,0.5696999403719064
periodic_lstm_quarterly,set2_core7,42,2019,252,10.264183215786984,1.216548450536352
periodic_lstm_quarterly,set2_core7,43,2015,252,3.0798745488117487,0.40076229879765735
periodic_lstm_quarterly,set2_core7,43,2016,252,6.5254678610886545,0.8573253126816845
periodic_lstm_quarterly,set2_core7,43,2017,251,2.72957981068477,0.48197408899465916
periodic_lstm_quarterly,set2_core7,43,2018,251,14.53575680771232,2.347197981725706
periodic_lstm_quarterly,set2_core7,43,2019,252,5.528605661594222,0.7166834936246812
periodic_lstm_quarterly,set2_core7,44,2015,252,1.0953270884560877,0.14535525501460397
periodic_lstm_quarterly,set2_core7,44,2016,252,-7.537060057235538,-0.8153617744238892
periodic_lstm_quarterly,set2_core7,44,2017,251,4.995535544185055,0.7404368789133998
periodic_lstm_quarterly,set2_core7,44,2018,251,8.559661263480114,1.3766244668462095
periodic_lstm_quarterly,set2_core7,44,2019,252,5.927257517257459,0.7335350471094679
periodic_lstm_quarterly,set3_core7,42,2015,252,8.390828235852913,1.2446552310170438
periodic_lstm_quarterly,set3_core7,42,2016,252,-0.6069161186808725,-0.08261325879597338
periodic_lstm_quarterly,set3_core7,42,2017,251,5.474067786627749,0.9241948536253849
periodic_lstm_quarterly,set3_core7,42,2018,251,7.079597470062682,0.9120031366631334
periodic_lstm_quarterly,set3_core7,42,2019,252,-1.1477904315314573,-0.19149214142680399
periodic_lstm_quarterly,set3_core7,43,2015,252,5.5747342475298085,0.8102732780545356
periodic_lstm_quarterly,set3_core7,43,2016,252,7.781497466129052,1.0647883857684102
periodic_lstm_quarterly,set3_core7,43,2017,251,-3.364145406252988,-0.5419174033844444
periodic_lstm_quarterly,set3_core7,43,2018,251,7.508569894580372,0.8425490778729454
periodic_lstm_quarterly,set3_core7,43,2019,252,3.3541100022068817,0.43232811615355077
periodic_lstm_quarterly,set3_core7,44,2015,252,12.361835800268292,1.4132780453495895
periodic_lstm_quarterly,set3_core7,44,2016,252,0.7173525094459444,0.10303265515651105
periodic_lstm_quarterly,set3_core7,44,2017,251,1.2831269421891605,0.19490610914683576
periodic_lstm_quarterly,set3_core7,44,2018,251,8.197929620015632,1.2004355777052533
periodic_lstm_quarterly,set3_core7,44,2019,252,12.206396902241105,1.49498533649977
periodic_lstm_quarterly,set4_core7,42,2015,252,12.040650183534538,1.9621818273061502
periodic_lstm_quarterly,set4_core7,42,2016,252,-11.431225469151482,-1.456546850875117
periodic_lstm_quarterly,set4_core7,42,2017,251,10.996170443221937,1.8805671264856838
periodic_lstm_quarterly,set4_core7,42,2018,251,-3.0028310297363596,-0.3631079504670911
periodic_lstm_quarterly,set4_core7,42,2019,252,14.270616144590814,1.4717692135439209
periodic_lstm_quarterly,set4_core7,43,2015,252,4.10769831096102,0.5993133809164005
periodic_lstm_quarterly,set4_core7,43,2016,252,3.7986205640890907,0.47770021170396215
periodic_lstm_quarterly,set4_core7,43,2017,251,3.180184222996159,0.49406524179297173
periodic_lstm_quarterly,set4_core7,43,2018,251,-1.13326807580469,-0.14203105057392493
periodic_lstm_quarterly,set4_core7,43,2019,252,9.439130880215489,1.0207491227463066
periodic_lstm_quarterly,set4_core7,44,2015,252,1.0551954123432419,0.17572130355901688
periodic_lstm_quarterly,set4_core7,44,2016,252,1.0803911874292227,0.11671991547471855
periodic_lstm_quarterly,set4_core7,44,2017,251,1.2583189033294095,0.15602434657813385
periodic_lstm_quarterly,set4_core7,44,2018,251,-0.9601077024206733,-0.13179329384110025
periodic_lstm_quarterly,set4_core7,44,2019,252,7.112750459263075,0.7890949058194354
periodic_lstm_yearly,set1_core7,42,2015,252,-6.60046862384735,-1.109514607105281
periodic_lstm_yearly,set1_core7,42,2016,252,-0.0840379074497289,-0.01135561331008822
periodic_lstm_yearly,set1_core7,42,2017,251,3.4967631239328165,0.5796301101681168
periodic_lstm_yearly,set1_core7,42,2018,251,14.920589929115128,1.7516546235126678
periodic_lstm_yearly,set1_core7,42,2019,252,13.971715012901157,1.5071579365945706
periodic_lstm_yearly,set1_core7,43,2015,252,-0.2638969679317864,-0.03863620798674436
periodic_lstm_yearly,set1_core7,43,2016,252,7.966498991169181,1.0262798825320958
periodic_lstm_yearly,set1_core7,43,2017,251,8.540847590341762,1.0342488389394637
periodic_lstm_yearly,set1_core7,43,2018,251,5.214566105480685,0.6564203624119287
periodic_lstm_yearly,set1_core7,43,2019,252,9.994599436962442,1.1916527674912727
periodic_lstm_yearly,set1_core7,44,2015,252,-8.22012812442366,-1.0884720570712114
periodic_lstm_yearly,set1_core7,44,2016,252,-4.015024783669202,-0.4731754179217895
periodic_lstm_yearly,set1_core7,44,2017,251,6.17694432514118,0.9229808817905658
periodic_lstm_yearly,set1_core7,44,2018,251,9.91210510565564,1.2396511474488123
periodic_lstm_yearly,set1_core7,44,2019,252,8.685332116855836,1.276603294334905
periodic_lstm_yearly,set2_core7,42,2015,252,10.923068178822918,1.468190964557816
periodic_lstm_yearly,set2_core7,42,2016,252,3.66138762036436,0.42678882061511914
periodic_lstm_yearly,set2_core7,42,2017,251,4.317075370799901,0.8005618510654359
periodic_lstm_yearly,set2_core7,42,2018,251,6.4931103404556545,0.8996878472839165
periodic_lstm_yearly,set2_core7,42,2019,252,2.5807113993546387,0.41917143029502446
periodic_lstm_yearly,set2_core7,43,2015,252,4.760362266153631,0.5849634233584461
periodic_lstm_yearly,set2_core7,43,2016,252,9.362601130579124,0.8965780257223446
periodic_lstm_yearly,set2_core7,43,2017,251,5.946679235804088,1.0559984431810578
periodic_lstm_yearly,set2_core7,43,2018,251,8.948982865020682,1.4186792249308557
periodic_lstm_yearly,set2_core7,43,2019,252,-1.53867568671192,-0.12427056806600036
periodic_lstm_yearly,set2_core7,44,2015,252,1.70361683231194,0.2673258353568657
periodic_lstm_yearly,set2_core7,44,2016,252,11.66407565076665,1.3653339560241402
periodic_lstm_yearly,set2_core7,44,2017,251,15.180247311366015,2.1339154538312783
periodic_lstm_yearly,set2_core7,44,2018,251,8.59821356205881,1.2660715356671801
periodic_lstm_yearly,set2_core7,44,2019,252,10.035846734514386,1.2874904665597295
periodic_lstm_yearly,set3_core7,42,2015,252,11.702275682645086,1.6435302782072005
periodic_lstm_yearly,set3_core7,42,2016,252,-9.80559956090853,-1.4096310609385667
periodic_lstm_yearly,set3_core7,42,2017,251,-8.018286023497947,-1.0078938819337715
periodic_lstm_yearly,set3_core7,42,2018,251,-4.34781804834978,-0.5735764821524248
periodic_lstm_yearly,set3_core7,42,2019,252,6.347335941640719,0.8175877261421493
periodic_lstm_yearly,set3_core7,43,2015,252,5.378890662164319,0.7384971403739486
periodic_lstm_yearly,set3_core7,43,2016,252,-0.514770099123194,-0.08852247074180361
periodic_lstm_yearly,set3_core7,43,2017,251,-7.441891317106963,-1.2914669038674345
periodic_lstm_yearly,set3_core7,43,2018,251,-3.8206847381035525,-0.5896137167845329
periodic_lstm_yearly,set3_core7,43,2019,252,5.464796937934353,0.7287765825841596
periodic_lstm_yearly,set3_core7,44,2015,252,2.7973259435397435,0.3774203129170828
periodic_lstm_yearly,set3_core7,44,2016,252,4.189014057885003,0.6490436193533349
periodic_lstm_yearly,set3_core7,44,2017,251,6.430009928102358,0.9748279002711198
periodic_lstm_yearly,set3_core7,44,2018,251,5.573474074470153,0.7774978935990828
periodic_lstm_yearly,set3_core7,44,2019,252,-0.7274961464334617,-0.11232520765819318
periodic_lstm_yearly,set4_core7,42,2015,252,2.9065808405064018,0.542296680542541
periodic_lstm_yearly,set4_core7,42,2016,252,8.69089718813118,1.0410571527129622
periodic_lstm_yearly,set4_core7,42,2017,251,6.7617601715221936,1.1321406799609737
periodic_lstm_yearly,set4_core7,42,2018,251,8.802587409214112,1.1442947321178658
periodic_lstm_yearly,set4_core7,42,2019,252,5.383133096462292,0.6678604484934398
periodic_lstm_yearly,set4_core7,43,2015,252,10.73873725362435,1.7423627229980128
periodic_lstm_yearly,set4_core7,43,2016,252,2.0091260971166,0.22832170460466789
periodic_lstm_yearly,set4_core7,43,2017,251,10.51248982330854,2.0729894040667944
periodic_lstm_yearly,set4_core7,43,2018,251,4.171757210993027,0.5318867499623686
periodic_lstm_yearly,set4_core7,43,2019,252,6.028373018672573,0.6517458074000134
periodic_lstm_yearly,set4_core7,44,2015,252,0.9885976028819479,0.17083044848435158
periodic_lstm_yearly,set4_core7,44,2016,252,-5.354812515023387,-0.717084565971832
periodic_lstm_yearly,set4_core7,44,2017,251,12.14978034538495,1.9700735547956625
periodic_lstm_yearly,set4_core7,44,2018,251,3.15749126312087,0.48305227125778283
periodic_lstm_yearly,set4_core7,44,2019,252,12.0263677416537,1.1944922144982715
periodic_ridge_monthly,set1_core7,42,2015,252,-0.2623250973937563,-0.034183184981777553
periodic_ridge_monthly,set1_core7,42,2016,252,20.254138257811775,2.1943225404018714
periodic_ridge_monthly,set1_core7,42,2017,251,5.264594774294551,0.6348120454340953
periodic_ridge_monthly,set1_core7,42,2018,251,17.142283779150212,1.9462988204177558
periodic_ridge_monthly,set1_core7,42,2019,252,15.224349329184056,1.4644218157430484
periodic_ridge_monthly,set2_core7,42,2015,252,12.006381444755673,1.705247800242257
periodic_ridge_monthly,set2_core7,42,2016,252,5.930908037774199,0.7561778902256063
periodic_ridge_monthly,set2_core7,42,2017,251,5.1845825422439065,0.8845831056868876
periodic_ridge_monthly,set2_core7,42,2018,251,13.947058787832194,2.1095937663652475
periodic_ridge_monthly,set2_core7,42,2019,252,9.978340420937554,1.3406747630963767
periodic_ridge_monthly,set3_core7,42,2015,252,8.563869501894581,1.5944446588871775
periodic_ridge_monthly,set3_core7,42,2016,252,3.6499582704981797,0.6141624884035586
periodic_ridge_monthly,set3_core7,42,2017,251,-0.04358615636984621,-0.007871943341075695
periodic_ridge_monthly,set3_core7,42,2018,251,4.45325965655264,0.6825183049567258
periodic_ridge_monthly,set3_core7,42,2019,252,0.9154343518487394,0.14239188489010476
periodic_ridge_monthly,set4_core7,42,2015,252,12.085624875007115,2.08559687133636
periodic_ridge_monthly,set4_core7,42,2016,252,-0.08312006805729771,-0.012492935484544205
periodic_ridge_monthly,set4_core7,42,2017,251,11.477547964689988,1.9766435292943623
periodic_ridge_monthly,set4_core7,42,2018,251,2.756188746040128,0.4135765993809247
periodic_ridge_monthly,set4_core7,42,2019,252,12.787925595310787,1.966073422686475
periodic_ridge_quarterly,set1_core7,42,2015,252,-1.5117380705154018,-0.19384681589978459
periodic_ridge_quarterly,set1_core7,42,2016,252,17.802125436291877,1.9080613574252674
periodic_ridge_quarterly,set1_core7,42,2017,251,6.420270052817212,0.7722813092059412
periodic_ridge_quarterly,set1_core7,42,2018,251,16.11437632633466,1.7899290214665406
periodic_ridge_quarterly,set1_core7,42,2019,252,13.941999636685537,1.352748285112518
periodic_ridge_quarterly,set2_core7,42,2015,252,12.316933479803833,1.7566049721483552
periodic_ridge_quarterly,set2_core7,42,2016,252,5.790107534748344,0.7363188395124798
periodic_ridge_quarterly,set2_core7,42,2017,251,4.093342932365095,0.687152499113283
periodic_ridge_quarterly,set2_core7,42,2018,251,14.029286201137378,2.140963916703128
periodic_ridge_quarterly,set2_core7,42,2019,252,10.274869786337401,1.3785476075053391
periodic_ridge_quarterly,set3_core7,42,2015,252,8.625767446345115,1.61086982774943
periodic_ridge_quarterly,set3_core7,42,2016,252,3.95647536480783,0.6701216843377351
periodic_ridge_quarterly,set3_core7,42,2017,251,0.7717889670307843,0.138824023502958
periodic_ridge_quarterly,set3_core7,42,2018,251,4.3152681473792125,0.6553389915327802
periodic_ridge_quarterly,set3_core7,42,2019,252,1.5470469080179376,0.242083624573618
periodic_ridge_quarterly,set4_core7,42,2015,252,11.508200146969688,1.995787161402288
periodic_ridge_quarterly,set4_core7,42,2016,252,-0.6380073196715557,-0.09600580079145114
periodic_ridge_quarterly,set4_core7,42,2017,251,11.800184788945526,2.045675843587889
periodic_ridge_quarterly,set4_core7,42,2018,251,3.875168893041512,0.5833408115374431
periodic_ridge_quarterly,set4_core7,42,2019,252,12.867590537186405,2.0110905098947724
periodic_ridge_yearly,set1_core7,42,2015,252,-2.427047198602567,-0.2979751197033966
periodic_ridge_yearly,set1_core7,42,2016,252,14.90227800990851,1.5837939713400935
periodic_ridge_yearly,set1_core7,42,2017,251,5.719050531528132,0.6734889954325068
periodic_ridge_yearly,set1_core7,42,2018,251,18.251079755637825,1.9516865143947553
periodic_ridge_yearly,set1_core7,42,2019,252,12.807621448121997,1.4130454549530589
periodic_ridge_yearly,set2_core7,42,2015,252,12.604934191789313,1.814916238863661
periodic_ridge_yearly,set2_core7,42,2016,252,6.007931251774051,0.7492391872343825
periodic_ridge_yearly,set2_core7,42,2017,251,2.9703677517834337,0.48596209951762986
periodic_ridge_yearly,set2_core7,42,2018,251,14.986467174624849,2.2065263844093854
periodic_ridge_yearly,set2_core7,42,2019,252,9.107562705593653,1.2587290557806796
periodic_ridge_yearly,set3_core7,42,2015,252,6.897281553401484,1.336905534885794
periodic_ridge_yearly,set3_core7,42,2016,252,2.442737880048466,0.40835410406504913
periodic_ridge_yearly,set3_core7,42,2017,251,-0.6754257274756398,-0.12257490264323544
periodic_ridge_yearly,set3_core7,42,2018,251,4.517286034478493,0.6837802113428051
periodic_ridge_yearly,set3_core7,42,2019,252,0.14754799507482075,0.02357074910296185
periodic_ridge_yearly,set4_core7,42,2015,252,11.077724546668685,1.8959636378379976
periodic_ridge_yearly,set4_core7,42,2016,252,-2.2265938358214825,-0.331445500661978
periodic_ridge_yearly,set4_core7,42,2017,251,12.061922477669155,2.0903838411739954
periodic_ridge_yearly,set4_core7,42,2018,251,4.44514310194088,0.6632845381354087
periodic_ridge_yearly,set4_core7,42,2019,252,10.44039782633797,1.6005202769181381
ridge,set1_core7,42,2015,252,-2.8756468307464447,-0.43352666523418576
ridge,set1_core7,42,2016,252,16.94749524807725,1.9386796421490866
ridge,set1_core7,42,2017,251,7.272519067990256,0.9936515760765099
ridge,set1_core7,42,2018,251,17.226292973972683,2.115899715325689
ridge,set1_core7,42,2019,252,18.03747629709847,1.799818412376064
ridge,set2_core7,42,2015,252,11.641058365974937,1.7068324969324482
ridge,set2_core7,42,2016,252,6.431631131153956,0.838476811236633
ridge,set2_core7,42,2017,251,3.688982470701753,0.629083775558948
ridge,set2_core7,42,2018,251,15.116311175478728,2.329042065907755
ridge,set2_core7,42,2019,252,8.87838924526983,1.2235010370949653
ridge,set3_core7,42,2015,252,8.44440109080791,1.5920169535903106
ridge,set3_core7,42,2016,252,3.4968916555335543,0.5957057704172418
ridge,set3_core7,42,2017,251,0.05646202992948268,0.010308339326701062
ridge,set3_core7,42,2018,251,4.147060506414403,0.6494303947583313
ridge,set3_core7,42,2019,252,0.28413093034568676,0.0446099231382524
ridge,set4_core7,42,2015,252,11.44482586025357,1.820504421962832
ridge,set4_core7,42,2016,252,-2.6545894779820842,-0.38109480311226884
ridge,set4_core7,42,2017,251,12.67918224699307,2.077631266880748
ridge,set4_core7,42,2018,251,2.6553207747913055,0.380695412636981
ridge,set4_core7,42,2019,252,13.660015199144798,2.035306753765189
str1,set1_core7,42,2015,252,3.1264617585163226,0.6039410464239938
str1,set1_core7,42,2016,252,3.274687677539662,0.7522898378742449
str1,set1_core7,42,2017,251,4.190793559713689,1.0488668136035608
str1,set1_core7,42,2018,251,-1.9165255252719102,-0.3917739973656445
str1,set1_core7,42,2019,252,-3.0719982783994584,-0.6027040774404171
str1,set2_core7,42,2015,252,1.0537770402828368,0.2574332987333282
str1,set2_core7,42,2016,252,-2.487280762144529,-0.554286866582247
str1,set2_core7,42,2017,251,3.522745523168675,1.0036698681076894
str1,set2_core7,42,2018,251,7.8547204073110795,1.7844321751158279
str1,set2_core7,42,2019,252,-1.890950795721094,-0.393327785568523
str1,set3_core7,42,2015,252,-1.0525410697798347,-0.22076569043599018
str1,set3_core7,42,2016,252,2.9697740484935116,0.6304193389093745
str1,set3_core7,42,2017,251,0.9455409500061197,0.2462045578174507
str1,set3_core7,42,2018,251,2.340086081319507,0.4198748788275554
str1,set3_core7,42,2019,252,-2.659001306840741,-0.5148303072092948
str1,set4_core7,42,2015,252,0.223391118047234,0.05726336488239137
str1,set4_core7,42,2016,252,-3.2283506201649805,-0.6949207732528581
str1,set4_core7,42,2017,251,4.625725794886921,1.515812886348157
str1,set4_core7,42,2018,251,-0.7940807688485794,-0.16460832681489931
str1,set4_core7,42,2019,252,-1.733442048757696,-0.3388041542322937
str5,set1_core7,42,2015,252,-2.550374573937278,-0.5076660332345784
str5,set1_core7,42,2016,252,1.2950150882846252,0.21427465513462138
str5,set1_core7,42,2017,251,1.0672754667170794,0.21992166603442825
str5,set1_core7,42,2018,251,4.153634933147437,0.7067686501540417
str5,set1_core7,42,2019,252,1.5876745029108705,0.27858329727333175
str5,set2_core7,42,2015,252,1.951299528003641,0.4104216264304216
str5,set2_core7,42,2016,252,0.652548333005739,0.1103295538820204
str5,set2_core7,42,2017,251,4.541826534917007,1.057607762714903
str5,set2_core7,42,2018,251,3.2230526447614842,0.616140219751915
str5,set2_core7,42,2019,252,-2.9432419557671348,-0.5593794889287307
str5,set3_core7,42,2015,252,9.774272006517284,1.8990788774118696
str5,set3_core7,42,2016,252,6.818930604711887,1.3964878599082393
str5,set3_core7,42,2017,251,1.497798151736892,0.3182549765321705
str5,set3_core7,42,2018,251,6.658554300012372,1.0490673369986283
str5,set3_core7,42,2019,252,-0.6890337247240924,-0.12655720036787962
str5,set4_core7,42,2015,252,3.043431776301281,0.6617709812180861
str5,set4_core7,42,2016,252,-7.720338589278461,-1.3510141159172484
str5,set4_core7,42,2017,251,2.811745421413734,0.6226799102490614
str5,set4_core7,42,2018,251,-2.9296340810691777,-0.5225167152693904
str5,set4_core7,42,2019,252,6.390776362699067,1.025285219200627
ew_buy_hold,set1_core7,42,2015,252,5.755987890322518,0.3841258740289229
ew_buy_hold,set1_core7,42,2016,252,18.49495062588438,1.2595251712792752
ew_buy_hold,set1_core7,42,2017,251,29.971467423463395,2.9509852944122863
ew_buy_hold,set1_core7,42,2018,251,-6.15374965800686,-0.2607677351415179
ew_buy_hold,set1_core7,42,2019,252,43.571354411718474,2.2126158569588577
ew_buy_hold,set2_core7,42,2015,252,1.3347606103353102,0.08648668349673284
ew_buy_hold,set2_core7,42,2016,252,20.375819352911677,1.3217306732187042
ew_buy_hold,set2_core7,42,2017,251,32.01008008037698,2.834620633832157
ew_buy_hold,set2_core7,42,2018,251,-9.496784430430964,-0.38097545345387696
ew_buy_hold,set2_core7,42,2019,252,46.847123095205404,2.0587250078950454
ew_buy_hold,set3_core7,42,2015,252,3.078869945508393,0.19697585464314118
ew_buy_hold,set3_core7,42,2016,252,16.20982378535312,1.0645188541355008
ew_buy_hold,set3_core7,42,2017,251,31.293316225093438,2.884379565625661
ew_buy_hold,set3_core7,42,2018,251,3.2558398707159544,0.124968780922967
ew_buy_hold,set3_core7,42,2019,252,41.843687954177405,1.788708877047604
ew_buy_hold,set4_core7,42,2015,252,5.957253683211297,0.4000041218688902
ew_buy_hold,set4_core7,42,2016,252,15.87721957335243,1.0854851634169156
ew_buy_hold,set4_core7,42,2017,251,24.190653019308417,2.520326536421432
ew_buy_hold,set4_core7,42,2018,251,-7.119901356684241,-0.33484865288815785
ew_buy_hold,set4_core7,42,2019,252,49.711445343317315,2.6378798819087526
